database,table_name,username,permission_level,last_verified,notes
# 浠ヤ笅涓虹ず渚嬫暟鎹紝璇锋浛鎹负瀹為檯琛ㄦ潈闄愪俊鎭?,,,,
# ods,example_sales_data,ds_rd_rw,read,2024/1/20,閿€鍞師濮嬫暟鎹〃锛堢ず渚嬶級
# dw,example_dim_product,ds_rd_rw,read,2024/1/20,浜у搧缁村害琛紙绀轰緥锛?
dim,dim_mhr_mos_org_base_info_dd,ds_ztb_szhmd_ro,SELECT,,缁勭粐涓绘暟鎹熀鏈俊鎭?
dim,dim_mk_shop_detail_dd,ds_ztb_szhmd_ro,SELECT,,闂ㄥ簵鏄庣粏琛?
dim,dim_mk_shop_info_dd,ds_ztb_szhmd_ro,SELECT,,闂ㄥ簵鍩虹淇℃伅琛?
dim,dim_ref_data_dd,ds_ztb_szhmd_ro,SELECT,,鍙傝€冩暟鎹?缂栫爜缁村害琛?
dim,dim_ref_quote_code_dd,ds_ztb_szhmd_ro,SELECT,,鍙傝€冩暟鎹?浠ｇ爜缁村害琛?
dw,dim_adm_china_dd,ds_ztb_szhmd_ro,SELECT,,鍖哄煙-涓浗琛屾斂鍖哄垝
dw,dim_attr_value_info_dd,ds_ztb_szhmd_ro,SELECT,,灞炴€у€间俊鎭淮搴﹁〃
dw,dim_customer_base_info_dd,ds_ztb_szhmd_ro,SELECT,,瀹㈡埛涓绘暟鎹熀鏈俊鎭?
dw,dim_customer_trade_info_dd,ds_ztb_szhmd_ro,SELECT,,瀹㈡埛璐告槗鍏崇郴淇℃伅淇℃伅
dw,dim_date_nd,ds_ztb_szhmd_ro,SELECT,,鏃ユ湡缁村害涓昏〃
dw,dim_material_attr_info_dd,ds_ztb_szhmd_ro,SELECT,,鐗╂枡瀵瑰簲灞炴€у強灞炴€у€间俊鎭?
dw,dim_material_base_info_dd,ds_ztb_szhmd_ro,SELECT,,鐗╂枡涓绘暟鎹熀鏈俊鎭?
dw,dim_material_class_attr_mapping_dd,ds_ztb_szhmd_ro,SELECT,,鐗╂枡鍒嗙被-灞炴€у叧绯绘槧灏勮〃
dw,dim_material_class_info_dd,ds_ztb_szhmd_ro,SELECT,,鐗╂枡鍒嗙被淇℃伅骞抽摵灞曠ず琛?
dw,dim_material_sap_compare_dd,ds_ztb_szhmd_ro,SELECT,,鐗╂枡绯荤粺缂栫爜瀵圭収
dw,dim_product_addl_info_dd,ds_ztb_szhmd_ro,SELECT,,浜у搧闄勫姞淇℃伅-鐗╂枡缁勩€侀攢鍞粍缁囦俊鎭?
dw,dim_product_attr_info_dd,ds_ztb_szhmd_ro,SELECT,,浜у搧瀵瑰簲灞炴€у強灞炴€у€间俊鎭?
dw,dim_product_base_info_dd,ds_ztb_szhmd_ro,SELECT,,浜у搧涓绘暟鎹熀鏈俊鎭?
dw,dim_product_base_info_nd,ds_ztb_szhmd_ro,SELECT,,鐭ヨ瘑搴?浜у搧灞炴€т俊鎭?
dw,dim_product_class_info_dd,ds_ztb_szhmd_ro,SELECT,,浜у搧鍒嗙被缁村害琛?
dw,dim_public_reference_data_dd,ds_ztb_szhmd_ro,SELECT,,婧愮郴缁熸棤娉ㄩ噴
dw,dim_supplier_base_info_dd,ds_ztb_szhmd_ro,SELECT,,渚涘簲鍟嗕富鏁版嵁鍩烘湰淇℃伅
dw,dim_supplier_company_info_dd,ds_ztb_szhmd_ro,SELECT,,渚涘簲鍟?鍏徃瑙嗗浘
ods,odss990_ZMDGT139,ds_ztb_szhmd_ro,SELECT,,
ods,odss990_ZMDGT150,ds_ztb_szhmd_ro,SELECT,,
ods,odss990_ZMDGT153,ds_ztb_szhmd_ro,SELECT,,
ods,odss990_tgsb,ds_ztb_szhmd_ro,SELECT,,涓氬姟鑼冨洿
ods,odss990_zmdgt134,ds_ztb_szhmd_ro,SELECT,,鍔犺浇鏃堕棿
ods,odss990_zmdgt137,ds_ztb_szhmd_ro,SELECT,,涓氬姟鑼冨洿鍜屽叕鍙镐唬鐮佸叧绯?
ods,odss990_zmdgt138,ds_ztb_szhmd_ro,SELECT,,鍋滅敤鏍囪瘑
ods,odss990_zmdgt143,ds_ztb_szhmd_ro,SELECT,,鍒╂鼎涓績涓庢垚鏈腑蹇冨叧绯昏〃
ods,odss990_zmdgt144,ds_ztb_szhmd_ro,SELECT,,涓氬姟鑼冨洿涓庢垚鏈腑蹇冨叧绯昏〃
dim,dim_mhr_mos_org_base_info_dd,ds_forecast_sys_rw,SELECT,,缁勭粐涓绘暟鎹熀鏈俊鎭?
dim,dim_mk_shop_detail_dd,ds_forecast_sys_rw,SELECT,,闂ㄥ簵鏄庣粏琛?
dim,dim_mk_shop_info_dd,ds_forecast_sys_rw,SELECT,,闂ㄥ簵鍩虹淇℃伅琛?
dim,dim_ref_data_dd,ds_forecast_sys_rw,SELECT,,鍙傝€冩暟鎹?缂栫爜缁村害琛?
dim,dim_ref_quote_code_dd,ds_forecast_sys_rw,SELECT,,鍙傝€冩暟鎹?浠ｇ爜缁村害琛?
dw,dim_adm_china_dd,ds_forecast_sys_rw,SELECT,,鍖哄煙-涓浗琛屾斂鍖哄垝
dw,dim_attr_value_info_dd,ds_forecast_sys_rw,SELECT,,灞炴€у€间俊鎭淮搴﹁〃
dw,dim_customer_base_info_dd,ds_forecast_sys_rw,SELECT,,瀹㈡埛涓绘暟鎹熀鏈俊鎭?
dw,dim_customer_trade_info_dd,ds_forecast_sys_rw,SELECT,,瀹㈡埛璐告槗鍏崇郴淇℃伅淇℃伅
dw,dim_date_nd,ds_forecast_sys_rw,SELECT,,鏃ユ湡缁村害涓昏〃
dw,dim_material_attr_info_dd,ds_forecast_sys_rw,SELECT,,鐗╂枡瀵瑰簲灞炴€у強灞炴€у€间俊鎭?
dw,dim_material_base_info_dd,ds_forecast_sys_rw,SELECT,,鐗╂枡涓绘暟鎹熀鏈俊鎭?
dw,dim_material_class_attr_mapping_dd,ds_forecast_sys_rw,SELECT,,鐗╂枡鍒嗙被-灞炴€у叧绯绘槧灏勮〃
dw,dim_material_class_info_dd,ds_forecast_sys_rw,SELECT,,鐗╂枡鍒嗙被淇℃伅骞抽摵灞曠ず琛?
dw,dim_material_sap_compare_dd,ds_forecast_sys_rw,SELECT,,鐗╂枡绯荤粺缂栫爜瀵圭収
dw,dim_product_addl_info_dd,ds_forecast_sys_rw,SELECT,,浜у搧闄勫姞淇℃伅-鐗╂枡缁勩€侀攢鍞粍缁囦俊鎭?
dw,dim_product_attr_info_dd,ds_forecast_sys_rw,SELECT,,浜у搧瀵瑰簲灞炴€у強灞炴€у€间俊鎭?
dw,dim_product_base_info_dd,ds_forecast_sys_rw,SELECT,,浜у搧涓绘暟鎹熀鏈俊鎭?
dw,dim_product_base_info_nd,ds_forecast_sys_rw,SELECT,,鐭ヨ瘑搴?浜у搧灞炴€т俊鎭?
dw,dim_product_class_info_dd,ds_forecast_sys_rw,SELECT,,浜у搧鍒嗙被缁村害琛?
dw,dim_public_reference_data_dd,ds_forecast_sys_rw,SELECT,,婧愮郴缁熸棤娉ㄩ噴
dw,dim_supplier_base_info_dd,ds_forecast_sys_rw,SELECT,,渚涘簲鍟嗕富鏁版嵁鍩烘湰淇℃伅
dw,dim_supplier_company_info_dd,ds_forecast_sys_rw,SELECT,,渚涘簲鍟?鍏徃瑙嗗浘
ods,odss990_ZMDGT139,ds_forecast_sys_rw,SELECT,,
ods,odss990_ZMDGT150,ds_forecast_sys_rw,SELECT,,
ods,odss990_ZMDGT153,ds_forecast_sys_rw,SELECT,,
ods,odss990_tgsb,ds_forecast_sys_rw,SELECT,,涓氬姟鑼冨洿
ods,odss990_zmdgt134,ds_forecast_sys_rw,SELECT,,鍔犺浇鏃堕棿
ods,odss990_zmdgt137,ds_forecast_sys_rw,SELECT,,涓氬姟鑼冨洿鍜屽叕鍙镐唬鐮佸叧绯?
ods,odss990_zmdgt138,ds_forecast_sys_rw,SELECT,,鍋滅敤鏍囪瘑
ods,odss990_zmdgt143,ds_forecast_sys_rw,SELECT,,鍒╂鼎涓績涓庢垚鏈腑蹇冨叧绯昏〃
ods,odss990_zmdgt144,ds_forecast_sys_rw,SELECT,,涓氬姟鑼冨洿涓庢垚鏈腑蹇冨叧绯昏〃
dim,dim_mhr_mos_org_base_info_dd,ds_nzkjai_ro,SELECT,,缁勭粐涓绘暟鎹熀鏈俊鎭?
dim,dim_mk_shop_detail_dd,ds_nzkjai_ro,SELECT,,闂ㄥ簵鏄庣粏琛?
dim,dim_mk_shop_info_dd,ds_nzkjai_ro,SELECT,,闂ㄥ簵鍩虹淇℃伅琛?
dim,dim_ref_data_dd,ds_nzkjai_ro,SELECT,,鍙傝€冩暟鎹?缂栫爜缁村害琛?
dim,dim_ref_quote_code_dd,ds_nzkjai_ro,SELECT,,鍙傝€冩暟鎹?浠ｇ爜缁村害琛?
dw,dim_adm_china_dd,ds_nzkjai_ro,SELECT,,鍖哄煙-涓浗琛屾斂鍖哄垝
dw,dim_attr_value_info_dd,ds_nzkjai_ro,SELECT,,灞炴€у€间俊鎭淮搴﹁〃
dw,dim_customer_base_info_dd,ds_nzkjai_ro,SELECT,,瀹㈡埛涓绘暟鎹熀鏈俊鎭?
dw,dim_customer_trade_info_dd,ds_nzkjai_ro,SELECT,,瀹㈡埛璐告槗鍏崇郴淇℃伅淇℃伅
dw,dim_date_nd,ds_nzkjai_ro,SELECT,,鏃ユ湡缁村害涓昏〃
dw,dim_material_attr_info_dd,ds_nzkjai_ro,SELECT,,鐗╂枡瀵瑰簲灞炴€у強灞炴€у€间俊鎭?
dw,dim_material_base_info_dd,ds_nzkjai_ro,SELECT,,鐗╂枡涓绘暟鎹熀鏈俊鎭?
dw,dim_material_class_attr_mapping_dd,ds_nzkjai_ro,SELECT,,鐗╂枡鍒嗙被-灞炴€у叧绯绘槧灏勮〃
dw,dim_material_class_info_dd,ds_nzkjai_ro,SELECT,,鐗╂枡鍒嗙被淇℃伅骞抽摵灞曠ず琛?
dw,dim_material_sap_compare_dd,ds_nzkjai_ro,SELECT,,鐗╂枡绯荤粺缂栫爜瀵圭収
dw,dim_product_addl_info_dd,ds_nzkjai_ro,SELECT,,浜у搧闄勫姞淇℃伅-鐗╂枡缁勩€侀攢鍞粍缁囦俊鎭?
dw,dim_product_attr_info_dd,ds_nzkjai_ro,SELECT,,浜у搧瀵瑰簲灞炴€у強灞炴€у€间俊鎭?
dw,dim_product_base_info_dd,ds_nzkjai_ro,SELECT,,浜у搧涓绘暟鎹熀鏈俊鎭?
dw,dim_product_base_info_nd,ds_nzkjai_ro,SELECT,,鐭ヨ瘑搴?浜у搧灞炴€т俊鎭?
dw,dim_product_class_info_dd,ds_nzkjai_ro,SELECT,,浜у搧鍒嗙被缁村害琛?
dw,dim_public_reference_data_dd,ds_nzkjai_ro,SELECT,,婧愮郴缁熸棤娉ㄩ噴
dw,dim_supplier_base_info_dd,ds_nzkjai_ro,SELECT,,渚涘簲鍟嗕富鏁版嵁鍩烘湰淇℃伅
dw,dim_supplier_company_info_dd,ds_nzkjai_ro,SELECT,,渚涘簲鍟?鍏徃瑙嗗浘
ods,odss990_ZMDGT139,ds_nzkjai_ro,SELECT,,
ods,odss990_ZMDGT150,ds_nzkjai_ro,SELECT,,
ods,odss990_ZMDGT153,ds_nzkjai_ro,SELECT,,
ods,odss990_tgsb,ds_nzkjai_ro,SELECT,,涓氬姟鑼冨洿
ods,odss990_zmdgt134,ds_nzkjai_ro,SELECT,,鍔犺浇鏃堕棿
ods,odss990_zmdgt137,ds_nzkjai_ro,SELECT,,涓氬姟鑼冨洿鍜屽叕鍙镐唬鐮佸叧绯?
ods,odss990_zmdgt138,ds_nzkjai_ro,SELECT,,鍋滅敤鏍囪瘑
ods,odss990_zmdgt143,ds_nzkjai_ro,SELECT,,鍒╂鼎涓績涓庢垚鏈腑蹇冨叧绯昏〃
ods,odss990_zmdgt144,ds_nzkjai_ro,SELECT,,涓氬姟鑼冨洿涓庢垚鏈腑蹇冨叧绯昏〃
dim,dim_mhr_mos_org_base_info_dd,ds_nzkj_rw,SELECT,,缁勭粐涓绘暟鎹熀鏈俊鎭?
dim,dim_mk_shop_detail_dd,ds_nzkj_rw,SELECT,,闂ㄥ簵鏄庣粏琛?
dim,dim_mk_shop_info_dd,ds_nzkj_rw,SELECT,,闂ㄥ簵鍩虹淇℃伅琛?
dim,dim_ref_data_dd,ds_nzkj_rw,SELECT,,鍙傝€冩暟鎹?缂栫爜缁村害琛?
dim,dim_ref_quote_code_dd,ds_nzkj_rw,SELECT,,鍙傝€冩暟鎹?浠ｇ爜缁村害琛?
dw,dim_adm_china_dd,ds_nzkj_rw,SELECT,,鍖哄煙-涓浗琛屾斂鍖哄垝
dw,dim_attr_value_info_dd,ds_nzkj_rw,SELECT,,灞炴€у€间俊鎭淮搴﹁〃
dw,dim_customer_base_info_dd,ds_nzkj_rw,SELECT,,瀹㈡埛涓绘暟鎹熀鏈俊鎭?
dw,dim_customer_trade_info_dd,ds_nzkj_rw,SELECT,,瀹㈡埛璐告槗鍏崇郴淇℃伅淇℃伅
dw,dim_date_nd,ds_nzkj_rw,SELECT,,鏃ユ湡缁村害涓昏〃
dw,dim_material_attr_info_dd,ds_nzkj_rw,SELECT,,鐗╂枡瀵瑰簲灞炴€у強灞炴€у€间俊鎭?
dw,dim_material_base_info_dd,ds_nzkj_rw,SELECT,,鐗╂枡涓绘暟鎹熀鏈俊鎭?
dw,dim_material_class_attr_mapping_dd,ds_nzkj_rw,SELECT,,鐗╂枡鍒嗙被-灞炴€у叧绯绘槧灏勮〃
dw,dim_material_class_info_dd,ds_nzkj_rw,SELECT,,鐗╂枡鍒嗙被淇℃伅骞抽摵灞曠ず琛?
dw,dim_material_sap_compare_dd,ds_nzkj_rw,SELECT,,鐗╂枡绯荤粺缂栫爜瀵圭収
dw,dim_product_addl_info_dd,ds_nzkj_rw,SELECT,,浜у搧闄勫姞淇℃伅-鐗╂枡缁勩€侀攢鍞粍缁囦俊鎭?
dw,dim_product_attr_info_dd,ds_nzkj_rw,SELECT,,浜у搧瀵瑰簲灞炴€у強灞炴€у€间俊鎭?
dw,dim_product_base_info_dd,ds_nzkj_rw,SELECT,,浜у搧涓绘暟鎹熀鏈俊鎭?
dw,dim_product_base_info_nd,ds_nzkj_rw,SELECT,,鐭ヨ瘑搴?浜у搧灞炴€т俊鎭?
dw,dim_product_class_info_dd,ds_nzkj_rw,SELECT,,浜у搧鍒嗙被缁村害琛?
dw,dim_public_reference_data_dd,ds_nzkj_rw,SELECT,,婧愮郴缁熸棤娉ㄩ噴
dw,dim_supplier_base_info_dd,ds_nzkj_rw,SELECT,,渚涘簲鍟嗕富鏁版嵁鍩烘湰淇℃伅
dw,dim_supplier_company_info_dd,ds_nzkj_rw,SELECT,,渚涘簲鍟?鍏徃瑙嗗浘
ods,odss990_ZMDGT139,ds_nzkj_rw,SELECT,,
ods,odss990_ZMDGT150,ds_nzkj_rw,SELECT,,
ods,odss990_ZMDGT153,ds_nzkj_rw,SELECT,,
ods,odss990_tgsb,ds_nzkj_rw,SELECT,,涓氬姟鑼冨洿
ods,odss990_zmdgt134,ds_nzkj_rw,SELECT,,鍔犺浇鏃堕棿
ods,odss990_zmdgt137,ds_nzkj_rw,SELECT,,涓氬姟鑼冨洿鍜屽叕鍙镐唬鐮佸叧绯?
ods,odss990_zmdgt138,ds_nzkj_rw,SELECT,,鍋滅敤鏍囪瘑
ods,odss990_zmdgt143,ds_nzkj_rw,SELECT,,鍒╂鼎涓績涓庢垚鏈腑蹇冨叧绯昏〃
ods,odss990_zmdgt144,ds_nzkj_rw,SELECT,,涓氬姟鑼冨洿涓庢垚鏈腑蹇冨叧绯昏〃
dim,dim_mhr_mos_org_base_info_dd,ds_qms_rw,SELECT,,缁勭粐涓绘暟鎹熀鏈俊鎭?
dim,dim_mk_shop_detail_dd,ds_qms_rw,SELECT,,闂ㄥ簵鏄庣粏琛?
dim,dim_mk_shop_info_dd,ds_qms_rw,SELECT,,闂ㄥ簵鍩虹淇℃伅琛?
dim,dim_ref_data_dd,ds_qms_rw,SELECT,,鍙傝€冩暟鎹?缂栫爜缁村害琛?
dim,dim_ref_quote_code_dd,ds_qms_rw,SELECT,,鍙傝€冩暟鎹?浠ｇ爜缁村害琛?
dw,dim_adm_china_dd,ds_qms_rw,SELECT,,鍖哄煙-涓浗琛屾斂鍖哄垝
dw,dim_attr_value_info_dd,ds_qms_rw,SELECT,,灞炴€у€间俊鎭淮搴﹁〃
dw,dim_customer_base_info_dd,ds_qms_rw,SELECT,,瀹㈡埛涓绘暟鎹熀鏈俊鎭?
dw,dim_customer_trade_info_dd,ds_qms_rw,SELECT,,瀹㈡埛璐告槗鍏崇郴淇℃伅淇℃伅
dw,dim_date_nd,ds_qms_rw,SELECT,,鏃ユ湡缁村害涓昏〃
dw,dim_material_attr_info_dd,ds_qms_rw,SELECT,,鐗╂枡瀵瑰簲灞炴€у強灞炴€у€间俊鎭?
dw,dim_material_base_info_dd,ds_qms_rw,SELECT,,鐗╂枡涓绘暟鎹熀鏈俊鎭?
dw,dim_material_class_attr_mapping_dd,ds_qms_rw,SELECT,,鐗╂枡鍒嗙被-灞炴€у叧绯绘槧灏勮〃
dw,dim_material_class_info_dd,ds_qms_rw,SELECT,,鐗╂枡鍒嗙被淇℃伅骞抽摵灞曠ず琛?
dw,dim_material_sap_compare_dd,ds_qms_rw,SELECT,,鐗╂枡绯荤粺缂栫爜瀵圭収
dw,dim_product_addl_info_dd,ds_qms_rw,SELECT,,浜у搧闄勫姞淇℃伅-鐗╂枡缁勩€侀攢鍞粍缁囦俊鎭?
dw,dim_product_attr_info_dd,ds_qms_rw,SELECT,,浜у搧瀵瑰簲灞炴€у強灞炴€у€间俊鎭?
dw,dim_product_base_info_dd,ds_qms_rw,SELECT,,浜у搧涓绘暟鎹熀鏈俊鎭?
dw,dim_product_base_info_nd,ds_qms_rw,SELECT,,鐭ヨ瘑搴?浜у搧灞炴€т俊鎭?
dw,dim_product_class_info_dd,ds_qms_rw,SELECT,,浜у搧鍒嗙被缁村害琛?
dw,dim_public_reference_data_dd,ds_qms_rw,SELECT,,婧愮郴缁熸棤娉ㄩ噴
dw,dim_supplier_base_info_dd,ds_qms_rw,SELECT,,渚涘簲鍟嗕富鏁版嵁鍩烘湰淇℃伅
dw,dim_supplier_company_info_dd,ds_qms_rw,SELECT,,渚涘簲鍟?鍏徃瑙嗗浘
ods,odss990_ZMDGT139,ds_qms_rw,SELECT,,
ods,odss990_ZMDGT150,ds_qms_rw,SELECT,,
ods,odss990_ZMDGT153,ds_qms_rw,SELECT,,
ods,odss990_tgsb,ds_qms_rw,SELECT,,涓氬姟鑼冨洿
ods,odss990_zmdgt134,ds_qms_rw,SELECT,,鍔犺浇鏃堕棿
ods,odss990_zmdgt137,ds_qms_rw,SELECT,,涓氬姟鑼冨洿鍜屽叕鍙镐唬鐮佸叧绯?
ods,odss990_zmdgt138,ds_qms_rw,SELECT,,鍋滅敤鏍囪瘑
ods,odss990_zmdgt143,ds_qms_rw,SELECT,,鍒╂鼎涓績涓庢垚鏈腑蹇冨叧绯昏〃
ods,odss990_zmdgt144,ds_qms_rw,SELECT,,涓氬姟鑼冨洿涓庢垚鏈腑蹇冨叧绯昏〃
dim,dim_mhr_mos_org_base_info_dd,ds_nzkj_ro,SELECT,,缁勭粐涓绘暟鎹熀鏈俊鎭?
dim,dim_mk_shop_detail_dd,ds_nzkj_ro,SELECT,,闂ㄥ簵鏄庣粏琛?
dim,dim_mk_shop_info_dd,ds_nzkj_ro,SELECT,,闂ㄥ簵鍩虹淇℃伅琛?
dim,dim_ref_data_dd,ds_nzkj_ro,SELECT,,鍙傝€冩暟鎹?缂栫爜缁村害琛?
dim,dim_ref_quote_code_dd,ds_nzkj_ro,SELECT,,鍙傝€冩暟鎹?浠ｇ爜缁村害琛?
dw,dim_adm_china_dd,ds_nzkj_ro,SELECT,,鍖哄煙-涓浗琛屾斂鍖哄垝
dw,dim_attr_value_info_dd,ds_nzkj_ro,SELECT,,灞炴€у€间俊鎭淮搴﹁〃
dw,dim_customer_base_info_dd,ds_nzkj_ro,SELECT,,瀹㈡埛涓绘暟鎹熀鏈俊鎭?
dw,dim_customer_trade_info_dd,ds_nzkj_ro,SELECT,,瀹㈡埛璐告槗鍏崇郴淇℃伅淇℃伅
dw,dim_date_nd,ds_nzkj_ro,SELECT,,鏃ユ湡缁村害涓昏〃
dw,dim_material_attr_info_dd,ds_nzkj_ro,SELECT,,鐗╂枡瀵瑰簲灞炴€у強灞炴€у€间俊鎭?
dw,dim_material_base_info_dd,ds_nzkj_ro,SELECT,,鐗╂枡涓绘暟鎹熀鏈俊鎭?
dw,dim_material_class_attr_mapping_dd,ds_nzkj_ro,SELECT,,鐗╂枡鍒嗙被-灞炴€у叧绯绘槧灏勮〃
dw,dim_material_class_info_dd,ds_nzkj_ro,SELECT,,鐗╂枡鍒嗙被淇℃伅骞抽摵灞曠ず琛?
dw,dim_material_sap_compare_dd,ds_nzkj_ro,SELECT,,鐗╂枡绯荤粺缂栫爜瀵圭収
dw,dim_product_addl_info_dd,ds_nzkj_ro,SELECT,,浜у搧闄勫姞淇℃伅-鐗╂枡缁勩€侀攢鍞粍缁囦俊鎭?
dw,dim_product_attr_info_dd,ds_nzkj_ro,SELECT,,浜у搧瀵瑰簲灞炴€у強灞炴€у€间俊鎭?
dw,dim_product_base_info_dd,ds_nzkj_ro,SELECT,,浜у搧涓绘暟鎹熀鏈俊鎭?
dw,dim_product_base_info_nd,ds_nzkj_ro,SELECT,,鐭ヨ瘑搴?浜у搧灞炴€т俊鎭?
dw,dim_product_class_info_dd,ds_nzkj_ro,SELECT,,浜у搧鍒嗙被缁村害琛?
dw,dim_public_reference_data_dd,ds_nzkj_ro,SELECT,,婧愮郴缁熸棤娉ㄩ噴
dw,dim_supplier_base_info_dd,ds_nzkj_ro,SELECT,,渚涘簲鍟嗕富鏁版嵁鍩烘湰淇℃伅
dw,dim_supplier_company_info_dd,ds_nzkj_ro,SELECT,,渚涘簲鍟?鍏徃瑙嗗浘
ods,odss990_ZMDGT139,ds_nzkj_ro,SELECT,,
ods,odss990_ZMDGT150,ds_nzkj_ro,SELECT,,
ods,odss990_ZMDGT153,ds_nzkj_ro,SELECT,,
ods,odss990_tgsb,ds_nzkj_ro,SELECT,,涓氬姟鑼冨洿
ods,odss990_zmdgt134,ds_nzkj_ro,SELECT,,鍔犺浇鏃堕棿
ods,odss990_zmdgt137,ds_nzkj_ro,SELECT,,涓氬姟鑼冨洿鍜屽叕鍙镐唬鐮佸叧绯?
ods,odss990_zmdgt138,ds_nzkj_ro,SELECT,,鍋滅敤鏍囪瘑
ods,odss990_zmdgt143,ds_nzkj_ro,SELECT,,鍒╂鼎涓績涓庢垚鏈腑蹇冨叧绯昏〃
ods,odss990_zmdgt144,ds_nzkj_ro,SELECT,,涓氬姟鑼冨洿涓庢垚鏈腑蹇冨叧绯昏〃
dim,dim_mhr_mos_org_base_info_dd,ds_qms_ro,SELECT,,缁勭粐涓绘暟鎹熀鏈俊鎭?
dim,dim_mk_shop_detail_dd,ds_qms_ro,SELECT,,闂ㄥ簵鏄庣粏琛?
dim,dim_mk_shop_info_dd,ds_qms_ro,SELECT,,闂ㄥ簵鍩虹淇℃伅琛?
dim,dim_ref_data_dd,ds_qms_ro,SELECT,,鍙傝€冩暟鎹?缂栫爜缁村害琛?
dim,dim_ref_quote_code_dd,ds_qms_ro,SELECT,,鍙傝€冩暟鎹?浠ｇ爜缁村害琛?
dw,dim_adm_china_dd,ds_qms_ro,SELECT,,鍖哄煙-涓浗琛屾斂鍖哄垝
dw,dim_attr_value_info_dd,ds_qms_ro,SELECT,,灞炴€у€间俊鎭淮搴﹁〃
dw,dim_customer_base_info_dd,ds_qms_ro,SELECT,,瀹㈡埛涓绘暟鎹熀鏈俊鎭?
dw,dim_customer_trade_info_dd,ds_qms_ro,SELECT,,瀹㈡埛璐告槗鍏崇郴淇℃伅淇℃伅
dw,dim_date_nd,ds_qms_ro,SELECT,,鏃ユ湡缁村害涓昏〃
dw,dim_material_attr_info_dd,ds_qms_ro,SELECT,,鐗╂枡瀵瑰簲灞炴€у強灞炴€у€间俊鎭?
dw,dim_material_base_info_dd,ds_qms_ro,SELECT,,鐗╂枡涓绘暟鎹熀鏈俊鎭?
dw,dim_material_class_attr_mapping_dd,ds_qms_ro,SELECT,,鐗╂枡鍒嗙被-灞炴€у叧绯绘槧灏勮〃
dw,dim_material_class_info_dd,ds_qms_ro,SELECT,,鐗╂枡鍒嗙被淇℃伅骞抽摵灞曠ず琛?
dw,dim_material_sap_compare_dd,ds_qms_ro,SELECT,,鐗╂枡绯荤粺缂栫爜瀵圭収
dw,dim_product_addl_info_dd,ds_qms_ro,SELECT,,浜у搧闄勫姞淇℃伅-鐗╂枡缁勩€侀攢鍞粍缁囦俊鎭?
dw,dim_product_attr_info_dd,ds_qms_ro,SELECT,,浜у搧瀵瑰簲灞炴€у強灞炴€у€间俊鎭?
dw,dim_product_base_info_dd,ds_qms_ro,SELECT,,浜у搧涓绘暟鎹熀鏈俊鎭?
dw,dim_product_base_info_nd,ds_qms_ro,SELECT,,鐭ヨ瘑搴?浜у搧灞炴€т俊鎭?
dw,dim_product_class_info_dd,ds_qms_ro,SELECT,,浜у搧鍒嗙被缁村害琛?
dw,dim_public_reference_data_dd,ds_qms_ro,SELECT,,婧愮郴缁熸棤娉ㄩ噴
dw,dim_supplier_base_info_dd,ds_qms_ro,SELECT,,渚涘簲鍟嗕富鏁版嵁鍩烘湰淇℃伅
dw,dim_supplier_company_info_dd,ds_qms_ro,SELECT,,渚涘簲鍟?鍏徃瑙嗗浘
ods,odss990_ZMDGT139,ds_qms_ro,SELECT,,
ods,odss990_ZMDGT150,ds_qms_ro,SELECT,,
ods,odss990_ZMDGT153,ds_qms_ro,SELECT,,
ods,odss990_tgsb,ds_qms_ro,SELECT,,涓氬姟鑼冨洿
ods,odss990_zmdgt134,ds_qms_ro,SELECT,,鍔犺浇鏃堕棿
ods,odss990_zmdgt137,ds_qms_ro,SELECT,,涓氬姟鑼冨洿鍜屽叕鍙镐唬鐮佸叧绯?
ods,odss990_zmdgt138,ds_qms_ro,SELECT,,鍋滅敤鏍囪瘑
ods,odss990_zmdgt143,ds_qms_ro,SELECT,,鍒╂鼎涓績涓庢垚鏈腑蹇冨叧绯昏〃
ods,odss990_zmdgt144,ds_qms_ro,SELECT,,涓氬姟鑼冨洿涓庢垚鏈腑蹇冨叧绯昏〃
dim,dim_mhr_mos_org_base_info_dd,ds_dataservice_ro,SELECT,,缁勭粐涓绘暟鎹熀鏈俊鎭?
dim,dim_mk_shop_detail_dd,ds_dataservice_ro,SELECT,,闂ㄥ簵鏄庣粏琛?
dim,dim_mk_shop_info_dd,ds_dataservice_ro,SELECT,,闂ㄥ簵鍩虹淇℃伅琛?
dim,dim_ref_data_dd,ds_dataservice_ro,SELECT,,鍙傝€冩暟鎹?缂栫爜缁村害琛?
dim,dim_ref_quote_code_dd,ds_dataservice_ro,SELECT,,鍙傝€冩暟鎹?浠ｇ爜缁村害琛?
dw,dim_adm_china_dd,ds_dataservice_ro,SELECT,,鍖哄煙-涓浗琛屾斂鍖哄垝
dw,dim_attr_value_info_dd,ds_dataservice_ro,SELECT,,灞炴€у€间俊鎭淮搴﹁〃
dw,dim_customer_base_info_dd,ds_dataservice_ro,SELECT,,瀹㈡埛涓绘暟鎹熀鏈俊鎭?
dw,dim_customer_trade_info_dd,ds_dataservice_ro,SELECT,,瀹㈡埛璐告槗鍏崇郴淇℃伅淇℃伅
dw,dim_date_nd,ds_dataservice_ro,SELECT,,鏃ユ湡缁村害涓昏〃
dw,dim_material_attr_info_dd,ds_dataservice_ro,SELECT,,鐗╂枡瀵瑰簲灞炴€у強灞炴€у€间俊鎭?
dw,dim_material_base_info_dd,ds_dataservice_ro,SELECT,,鐗╂枡涓绘暟鎹熀鏈俊鎭?
dw,dim_material_class_attr_mapping_dd,ds_dataservice_ro,SELECT,,鐗╂枡鍒嗙被-灞炴€у叧绯绘槧灏勮〃
dw,dim_material_class_info_dd,ds_dataservice_ro,SELECT,,鐗╂枡鍒嗙被淇℃伅骞抽摵灞曠ず琛?
dw,dim_material_sap_compare_dd,ds_dataservice_ro,SELECT,,鐗╂枡绯荤粺缂栫爜瀵圭収
dw,dim_product_addl_info_dd,ds_dataservice_ro,SELECT,,浜у搧闄勫姞淇℃伅-鐗╂枡缁勩€侀攢鍞粍缁囦俊鎭?
dw,dim_product_attr_info_dd,ds_dataservice_ro,SELECT,,浜у搧瀵瑰簲灞炴€у強灞炴€у€间俊鎭?
dw,dim_product_base_info_dd,ds_dataservice_ro,SELECT,,浜у搧涓绘暟鎹熀鏈俊鎭?
dw,dim_product_base_info_nd,ds_dataservice_ro,SELECT,,鐭ヨ瘑搴?浜у搧灞炴€т俊鎭?
dw,dim_product_class_info_dd,ds_dataservice_ro,SELECT,,浜у搧鍒嗙被缁村害琛?
dw,dim_public_reference_data_dd,ds_dataservice_ro,SELECT,,婧愮郴缁熸棤娉ㄩ噴
dw,dim_supplier_base_info_dd,ds_dataservice_ro,SELECT,,渚涘簲鍟嗕富鏁版嵁鍩烘湰淇℃伅
dw,dim_supplier_company_info_dd,ds_dataservice_ro,SELECT,,渚涘簲鍟?鍏徃瑙嗗浘
dw,dwd_dt_data_asset_extract_analyze,ds_dataservice_ro,SELECT,,闆嗗洟鍏ユ箹琛ㄦ眹鎬?
dw,dwd_dt_data_asset_extract_analyze,ds_dataservice_ro,INSERT,,闆嗗洟鍏ユ箹琛ㄦ眹鎬?
dw,dwd_dt_data_asset_extract_analyze,ds_dataservice_ro,ALTER,,闆嗗洟鍏ユ箹琛ㄦ眹鎬?
dw,dwd_dt_data_asset_extract_analyze,ds_dataservice_ro,CREATE,,闆嗗洟鍏ユ箹琛ㄦ眹鎬?
dw,dwd_dt_data_asset_extract_analyze,ds_dataservice_ro,DROP,,闆嗗洟鍏ユ箹琛ㄦ眹鎬?
ods,odss990_ZMDGT139,ds_dataservice_ro,SELECT,,
ods,odss990_ZMDGT150,ds_dataservice_ro,SELECT,,
ods,odss990_ZMDGT153,ds_dataservice_ro,SELECT,,
ods,odss990_tgsb,ds_dataservice_ro,SELECT,,涓氬姟鑼冨洿
ods,odss990_zmdgt134,ds_dataservice_ro,SELECT,,鍔犺浇鏃堕棿
ods,odss990_zmdgt137,ds_dataservice_ro,SELECT,,涓氬姟鑼冨洿鍜屽叕鍙镐唬鐮佸叧绯?
ods,odss990_zmdgt138,ds_dataservice_ro,SELECT,,鍋滅敤鏍囪瘑
ods,odss990_zmdgt143,ds_dataservice_ro,SELECT,,鍒╂鼎涓績涓庢垚鏈腑蹇冨叧绯昏〃
ods,odss990_zmdgt144,ds_dataservice_ro,SELECT,,涓氬姟鑼冨洿涓庢垚鏈腑蹇冨叧绯昏〃
dim,dim_mhr_mos_org_base_info_dd,ds_bm_ro,SELECT,,缁勭粐涓绘暟鎹熀鏈俊鎭?
dim,dim_mk_shop_detail_dd,ds_bm_ro,SELECT,,闂ㄥ簵鏄庣粏琛?
dim,dim_mk_shop_info_dd,ds_bm_ro,SELECT,,闂ㄥ簵鍩虹淇℃伅琛?
dim,dim_ref_data_dd,ds_bm_ro,SELECT,,鍙傝€冩暟鎹?缂栫爜缁村害琛?
dim,dim_ref_quote_code_dd,ds_bm_ro,SELECT,,鍙傝€冩暟鎹?浠ｇ爜缁村害琛?
dw,dim_adm_china_dd,ds_bm_ro,SELECT,,鍖哄煙-涓浗琛屾斂鍖哄垝
dw,dim_attr_value_info_dd,ds_bm_ro,SELECT,,灞炴€у€间俊鎭淮搴﹁〃
dw,dim_customer_base_info_dd,ds_bm_ro,SELECT,,瀹㈡埛涓绘暟鎹熀鏈俊鎭?
dw,dim_customer_trade_info_dd,ds_bm_ro,SELECT,,瀹㈡埛璐告槗鍏崇郴淇℃伅淇℃伅
dw,dim_date_nd,ds_bm_ro,SELECT,,鏃ユ湡缁村害涓昏〃
dw,dim_material_attr_info_dd,ds_bm_ro,SELECT,,鐗╂枡瀵瑰簲灞炴€у強灞炴€у€间俊鎭?
dw,dim_material_base_info_dd,ds_bm_ro,SELECT,,鐗╂枡涓绘暟鎹熀鏈俊鎭?
dw,dim_material_class_attr_mapping_dd,ds_bm_ro,SELECT,,鐗╂枡鍒嗙被-灞炴€у叧绯绘槧灏勮〃
dw,dim_material_class_info_dd,ds_bm_ro,SELECT,,鐗╂枡鍒嗙被淇℃伅骞抽摵灞曠ず琛?
dw,dim_material_sap_compare_dd,ds_bm_ro,SELECT,,鐗╂枡绯荤粺缂栫爜瀵圭収
dw,dim_product_addl_info_dd,ds_bm_ro,SELECT,,浜у搧闄勫姞淇℃伅-鐗╂枡缁勩€侀攢鍞粍缁囦俊鎭?
dw,dim_product_attr_info_dd,ds_bm_ro,SELECT,,浜у搧瀵瑰簲灞炴€у強灞炴€у€间俊鎭?
dw,dim_product_base_info_dd,ds_bm_ro,SELECT,,浜у搧涓绘暟鎹熀鏈俊鎭?
dw,dim_product_base_info_nd,ds_bm_ro,SELECT,,鐭ヨ瘑搴?浜у搧灞炴€т俊鎭?
dw,dim_product_class_info_dd,ds_bm_ro,SELECT,,浜у搧鍒嗙被缁村害琛?
dw,dim_public_reference_data_dd,ds_bm_ro,SELECT,,婧愮郴缁熸棤娉ㄩ噴
dw,dim_supplier_base_info_dd,ds_bm_ro,SELECT,,渚涘簲鍟嗕富鏁版嵁鍩烘湰淇℃伅
dw,dim_supplier_company_info_dd,ds_bm_ro,SELECT,,渚涘簲鍟?鍏徃瑙嗗浘
ods,odss990_ZMDGT139,ds_bm_ro,SELECT,,
ods,odss990_ZMDGT150,ds_bm_ro,SELECT,,
ods,odss990_ZMDGT153,ds_bm_ro,SELECT,,
ods,odss990_tgsb,ds_bm_ro,SELECT,,涓氬姟鑼冨洿
ods,odss990_zmdgt134,ds_bm_ro,SELECT,,鍔犺浇鏃堕棿
ods,odss990_zmdgt137,ds_bm_ro,SELECT,,涓氬姟鑼冨洿鍜屽叕鍙镐唬鐮佸叧绯?
ods,odss990_zmdgt138,ds_bm_ro,SELECT,,鍋滅敤鏍囪瘑
ods,odss990_zmdgt143,ds_bm_ro,SELECT,,鍒╂鼎涓績涓庢垚鏈腑蹇冨叧绯昏〃
ods,odss990_zmdgt144,ds_bm_ro,SELECT,,涓氬姟鑼冨洿涓庢垚鏈腑蹇冨叧绯昏〃
dim,dim_mhr_mos_org_base_info_dd,ds_ddl,SELECT,,缁勭粐涓绘暟鎹熀鏈俊鎭?
dim,dim_mk_shop_detail_dd,ds_ddl,SELECT,,闂ㄥ簵鏄庣粏琛?
dim,dim_mk_shop_info_dd,ds_ddl,SELECT,,闂ㄥ簵鍩虹淇℃伅琛?
dim,dim_ref_data_dd,ds_ddl,SELECT,,鍙傝€冩暟鎹?缂栫爜缁村害琛?
dim,dim_ref_quote_code_dd,ds_ddl,SELECT,,鍙傝€冩暟鎹?浠ｇ爜缁村害琛?
dw,dim_adm_china_dd,ds_ddl,SELECT,,鍖哄煙-涓浗琛屾斂鍖哄垝
dw,dim_attr_value_info_dd,ds_ddl,SELECT,,灞炴€у€间俊鎭淮搴﹁〃
dw,dim_customer_base_info_dd,ds_ddl,SELECT,,瀹㈡埛涓绘暟鎹熀鏈俊鎭?
dw,dim_customer_trade_info_dd,ds_ddl,SELECT,,瀹㈡埛璐告槗鍏崇郴淇℃伅淇℃伅
dw,dim_date_nd,ds_ddl,SELECT,,鏃ユ湡缁村害涓昏〃
dw,dim_material_attr_info_dd,ds_ddl,SELECT,,鐗╂枡瀵瑰簲灞炴€у強灞炴€у€间俊鎭?
dw,dim_material_base_info_dd,ds_ddl,SELECT,,鐗╂枡涓绘暟鎹熀鏈俊鎭?
dw,dim_material_class_attr_mapping_dd,ds_ddl,SELECT,,鐗╂枡鍒嗙被-灞炴€у叧绯绘槧灏勮〃
dw,dim_material_class_info_dd,ds_ddl,SELECT,,鐗╂枡鍒嗙被淇℃伅骞抽摵灞曠ず琛?
dw,dim_material_sap_compare_dd,ds_ddl,SELECT,,鐗╂枡绯荤粺缂栫爜瀵圭収
dw,dim_product_addl_info_dd,ds_ddl,SELECT,,浜у搧闄勫姞淇℃伅-鐗╂枡缁勩€侀攢鍞粍缁囦俊鎭?
dw,dim_product_attr_info_dd,ds_ddl,SELECT,,浜у搧瀵瑰簲灞炴€у強灞炴€у€间俊鎭?
dw,dim_product_base_info_dd,ds_ddl,SELECT,,浜у搧涓绘暟鎹熀鏈俊鎭?
dw,dim_product_base_info_nd,ds_ddl,SELECT,,鐭ヨ瘑搴?浜у搧灞炴€т俊鎭?
dw,dim_product_class_info_dd,ds_ddl,SELECT,,浜у搧鍒嗙被缁村害琛?
dw,dim_public_reference_data_dd,ds_ddl,SELECT,,婧愮郴缁熸棤娉ㄩ噴
dw,dim_supplier_base_info_dd,ds_ddl,SELECT,,渚涘簲鍟嗕富鏁版嵁鍩烘湰淇℃伅
dw,dim_supplier_company_info_dd,ds_ddl,SELECT,,渚涘簲鍟?鍏徃瑙嗗浘
ods,odss990_ZMDGT139,ds_ddl,SELECT,,
ods,odss990_ZMDGT150,ds_ddl,SELECT,,
ods,odss990_ZMDGT153,ds_ddl,SELECT,,
ods,odss990_tgsb,ds_ddl,SELECT,,涓氬姟鑼冨洿
ods,odss990_zmdgt134,ds_ddl,SELECT,,鍔犺浇鏃堕棿
ods,odss990_zmdgt137,ds_ddl,SELECT,,涓氬姟鑼冨洿鍜屽叕鍙镐唬鐮佸叧绯?
ods,odss990_zmdgt138,ds_ddl,SELECT,,鍋滅敤鏍囪瘑
ods,odss990_zmdgt143,ds_ddl,SELECT,,鍒╂鼎涓績涓庢垚鏈腑蹇冨叧绯昏〃
ods,odss990_zmdgt144,ds_ddl,SELECT,,涓氬姟鑼冨洿涓庢垚鏈腑蹇冨叧绯昏〃
dim,dim_mhr_mos_org_base_info_dd,ds_cdm_rw,SELECT,,缁勭粐涓绘暟鎹熀鏈俊鎭?
dim,dim_mhr_mos_org_base_info_dd,ds_cdm_rw,INSERT,,缁勭粐涓绘暟鎹熀鏈俊鎭?
dim,dim_mk_shop_detail_dd,ds_cdm_rw,SELECT,,闂ㄥ簵鏄庣粏琛?
dim,dim_mk_shop_info_dd,ds_cdm_rw,SELECT,,闂ㄥ簵鍩虹淇℃伅琛?
dim,dim_ref_data_dd,ds_cdm_rw,SELECT,,鍙傝€冩暟鎹?缂栫爜缁村害琛?
dim,dim_ref_data_dd,ds_cdm_rw,INSERT,,鍙傝€冩暟鎹?缂栫爜缁村害琛?
dim,dim_ref_quote_code_dd,ds_cdm_rw,SELECT,,鍙傝€冩暟鎹?浠ｇ爜缁村害琛?
dim,dim_ref_quote_code_dd,ds_cdm_rw,INSERT,,鍙傝€冩暟鎹?浠ｇ爜缁村害琛?
dw,DIM_PUBLIC_REFERENCE_DATA_DD,ds_cdm_rw,SELECT,,
dw,dim_adm_china_dd,ds_cdm_rw,SELECT,,鍖哄煙-涓浗琛屾斂鍖哄垝
dw,dim_attr_value_info_dd,ds_cdm_rw,SELECT,,灞炴€у€间俊鎭淮搴﹁〃
dw,dim_customer_base_info_dd,ds_cdm_rw,SELECT,,瀹㈡埛涓绘暟鎹熀鏈俊鎭?
dw,dim_customer_trade_info_dd,ds_cdm_rw,SELECT,,瀹㈡埛璐告槗鍏崇郴淇℃伅淇℃伅
dw,dim_date_nd,ds_cdm_rw,SELECT,,鏃ユ湡缁村害涓昏〃
dw,dim_date_nd,ds_cdm_rw,INSERT,,鏃ユ湡缁村害涓昏〃
dw,dim_material_attr_info_dd,ds_cdm_rw,SELECT,,鐗╂枡瀵瑰簲灞炴€у強灞炴€у€间俊鎭?
dw,dim_material_base_info_dd,ds_cdm_rw,SELECT,,鐗╂枡涓绘暟鎹熀鏈俊鎭?
dw,dim_material_class_attr_mapping_dd,ds_cdm_rw,SELECT,,鐗╂枡鍒嗙被-灞炴€у叧绯绘槧灏勮〃
dw,dim_material_class_attr_mapping_dd,ds_cdm_rw,INSERT,,鐗╂枡鍒嗙被-灞炴€у叧绯绘槧灏勮〃
dw,dim_material_class_info_dd,ds_cdm_rw,SELECT,,鐗╂枡鍒嗙被淇℃伅骞抽摵灞曠ず琛?
dw,dim_material_sap_compare_dd,ds_cdm_rw,SELECT,,鐗╂枡绯荤粺缂栫爜瀵圭収
dw,dim_material_sap_compare_dd,ds_cdm_rw,INSERT,,鐗╂枡绯荤粺缂栫爜瀵圭収
dw,dim_product_addl_info_dd,ds_cdm_rw,SELECT,,浜у搧闄勫姞淇℃伅-鐗╂枡缁勩€侀攢鍞粍缁囦俊鎭?
dw,dim_product_attr_info_dd,ds_cdm_rw,SELECT,,浜у搧瀵瑰簲灞炴€у強灞炴€у€间俊鎭?
dw,dim_product_base_info_dd,ds_cdm_rw,SELECT,,浜у搧涓绘暟鎹熀鏈俊鎭?
dw,dim_product_base_info_nd,ds_cdm_rw,SELECT,,鐭ヨ瘑搴?浜у搧灞炴€т俊鎭?
dw,dim_product_base_info_nd,ds_cdm_rw,INSERT,,鐭ヨ瘑搴?浜у搧灞炴€т俊鎭?
dw,dim_product_class_info_dd,ds_cdm_rw,SELECT,,浜у搧鍒嗙被缁村害琛?
dw,dim_public_reference_data_dd,ds_cdm_rw,SELECT,,婧愮郴缁熸棤娉ㄩ噴
dw,dim_supplier_base_info_dd,ds_cdm_rw,SELECT,,渚涘簲鍟嗕富鏁版嵁鍩烘湰淇℃伅
dw,dim_supplier_company_info_dd,ds_cdm_rw,SELECT,,渚涘簲鍟?鍏徃瑙嗗浘
ods,ODSRDM_T_WF40_EXT,ds_cdm_rw,SELECT,,
ods,ODSTCPLM_U_CW_PROD_PROP,ds_cdm_rw,SELECT,,
ods,odss990_ZMDGT139,ds_cdm_rw,SELECT,,
ods,odss990_ZMDGT150,ds_cdm_rw,SELECT,,
ods,odss990_ZMDGT153,ds_cdm_rw,SELECT,,
ods,odss990_tgsb,ds_cdm_rw,SELECT,,涓氬姟鑼冨洿
ods,odss990_zmdgt134,ds_cdm_rw,SELECT,,鍔犺浇鏃堕棿
ods,odss990_zmdgt137,ds_cdm_rw,SELECT,,涓氬姟鑼冨洿鍜屽叕鍙镐唬鐮佸叧绯?
ods,odss990_zmdgt138,ds_cdm_rw,SELECT,,鍋滅敤鏍囪瘑
ods,odss990_zmdgt143,ds_cdm_rw,SELECT,,鍒╂鼎涓績涓庢垚鏈腑蹇冨叧绯昏〃
ods,odss990_zmdgt144,ds_cdm_rw,SELECT,,涓氬姟鑼冨洿涓庢垚鏈腑蹇冨叧绯昏〃
dim,dim_mhr_mos_org_base_info_dd,ds_bm_rw,SELECT,,缁勭粐涓绘暟鎹熀鏈俊鎭?
dim,dim_mk_shop_detail_dd,ds_bm_rw,SELECT,,闂ㄥ簵鏄庣粏琛?
dim,dim_mk_shop_info_dd,ds_bm_rw,SELECT,,闂ㄥ簵鍩虹淇℃伅琛?
dim,dim_ref_data_dd,ds_bm_rw,SELECT,,鍙傝€冩暟鎹?缂栫爜缁村害琛?
dim,dim_ref_quote_code_dd,ds_bm_rw,SELECT,,鍙傝€冩暟鎹?浠ｇ爜缁村害琛?
dw,dim_adm_china_dd,ds_bm_rw,SELECT,,鍖哄煙-涓浗琛屾斂鍖哄垝
dw,dim_attr_value_info_dd,ds_bm_rw,SELECT,,灞炴€у€间俊鎭淮搴﹁〃
dw,dim_customer_base_info_dd,ds_bm_rw,SELECT,,瀹㈡埛涓绘暟鎹熀鏈俊鎭?
dw,dim_customer_trade_info_dd,ds_bm_rw,SELECT,,瀹㈡埛璐告槗鍏崇郴淇℃伅淇℃伅
dw,dim_date_nd,ds_bm_rw,SELECT,,鏃ユ湡缁村害涓昏〃
dw,dim_material_attr_info_dd,ds_bm_rw,SELECT,,鐗╂枡瀵瑰簲灞炴€у強灞炴€у€间俊鎭?
dw,dim_material_base_info_dd,ds_bm_rw,SELECT,,鐗╂枡涓绘暟鎹熀鏈俊鎭?
dw,dim_material_class_attr_mapping_dd,ds_bm_rw,SELECT,,鐗╂枡鍒嗙被-灞炴€у叧绯绘槧灏勮〃
dw,dim_material_class_info_dd,ds_bm_rw,SELECT,,鐗╂枡鍒嗙被淇℃伅骞抽摵灞曠ず琛?
dw,dim_material_sap_compare_dd,ds_bm_rw,SELECT,,鐗╂枡绯荤粺缂栫爜瀵圭収
dw,dim_product_addl_info_dd,ds_bm_rw,SELECT,,浜у搧闄勫姞淇℃伅-鐗╂枡缁勩€侀攢鍞粍缁囦俊鎭?
dw,dim_product_attr_info_dd,ds_bm_rw,SELECT,,浜у搧瀵瑰簲灞炴€у強灞炴€у€间俊鎭?
dw,dim_product_base_info_dd,ds_bm_rw,SELECT,,浜у搧涓绘暟鎹熀鏈俊鎭?
dw,dim_product_base_info_nd,ds_bm_rw,SELECT,,鐭ヨ瘑搴?浜у搧灞炴€т俊鎭?
dw,dim_product_class_info_dd,ds_bm_rw,SELECT,,浜у搧鍒嗙被缁村害琛?
dw,dim_public_reference_data_dd,ds_bm_rw,SELECT,,婧愮郴缁熸棤娉ㄩ噴
dw,dim_supplier_base_info_dd,ds_bm_rw,SELECT,,渚涘簲鍟嗕富鏁版嵁鍩烘湰淇℃伅
dw,dim_supplier_company_info_dd,ds_bm_rw,SELECT,,渚涘簲鍟?鍏徃瑙嗗浘
ods,odss990_ZMDGT139,ds_bm_rw,SELECT,,
ods,odss990_ZMDGT150,ds_bm_rw,SELECT,,
ods,odss990_ZMDGT153,ds_bm_rw,SELECT,,
ods,odss990_tgsb,ds_bm_rw,SELECT,,涓氬姟鑼冨洿
ods,odss990_zmdgt134,ds_bm_rw,SELECT,,鍔犺浇鏃堕棿
ods,odss990_zmdgt137,ds_bm_rw,SELECT,,涓氬姟鑼冨洿鍜屽叕鍙镐唬鐮佸叧绯?
ods,odss990_zmdgt138,ds_bm_rw,SELECT,,鍋滅敤鏍囪瘑
ods,odss990_zmdgt143,ds_bm_rw,SELECT,,鍒╂鼎涓績涓庢垚鏈腑蹇冨叧绯昏〃
ods,odss990_zmdgt144,ds_bm_rw,SELECT,,涓氬姟鑼冨洿涓庢垚鏈腑蹇冨叧绯昏〃
dim,dim_mhr_mos_org_base_info_dd,ds_read_prd,SELECT,,缁勭粐涓绘暟鎹熀鏈俊鎭?
dim,dim_mk_shop_detail_dd,ds_read_prd,SELECT,,闂ㄥ簵鏄庣粏琛?
dim,dim_mk_shop_info_dd,ds_read_prd,SELECT,,闂ㄥ簵鍩虹淇℃伅琛?
dim,dim_ref_data_dd,ds_read_prd,SELECT,,鍙傝€冩暟鎹?缂栫爜缁村害琛?
dim,dim_ref_quote_code_dd,ds_read_prd,SELECT,,鍙傝€冩暟鎹?浠ｇ爜缁村害琛?
dw,dim_adm_china_dd,ds_read_prd,SELECT,,鍖哄煙-涓浗琛屾斂鍖哄垝
dw,dim_attr_value_info_dd,ds_read_prd,SELECT,,灞炴€у€间俊鎭淮搴﹁〃
dw,dim_customer_base_info_dd,ds_read_prd,SELECT,,瀹㈡埛涓绘暟鎹熀鏈俊鎭?
dw,dim_customer_trade_info_dd,ds_read_prd,SELECT,,瀹㈡埛璐告槗鍏崇郴淇℃伅淇℃伅
dw,dim_date_nd,ds_read_prd,SELECT,,鏃ユ湡缁村害涓昏〃
dw,dim_material_attr_info_dd,ds_read_prd,SELECT,,鐗╂枡瀵瑰簲灞炴€у強灞炴€у€间俊鎭?
dw,dim_material_base_info_dd,ds_read_prd,SELECT,,鐗╂枡涓绘暟鎹熀鏈俊鎭?
dw,dim_material_class_attr_mapping_dd,ds_read_prd,SELECT,,鐗╂枡鍒嗙被-灞炴€у叧绯绘槧灏勮〃
dw,dim_material_class_info_dd,ds_read_prd,SELECT,,鐗╂枡鍒嗙被淇℃伅骞抽摵灞曠ず琛?
dw,dim_material_sap_compare_dd,ds_read_prd,SELECT,,鐗╂枡绯荤粺缂栫爜瀵圭収
dw,dim_product_addl_info_dd,ds_read_prd,SELECT,,浜у搧闄勫姞淇℃伅-鐗╂枡缁勩€侀攢鍞粍缁囦俊鎭?
dw,dim_product_attr_info_dd,ds_read_prd,SELECT,,浜у搧瀵瑰簲灞炴€у強灞炴€у€间俊鎭?
dw,dim_product_base_info_dd,ds_read_prd,SELECT,,浜у搧涓绘暟鎹熀鏈俊鎭?
dw,dim_product_base_info_nd,ds_read_prd,SELECT,,鐭ヨ瘑搴?浜у搧灞炴€т俊鎭?
dw,dim_product_class_info_dd,ds_read_prd,SELECT,,浜у搧鍒嗙被缁村害琛?
dw,dim_public_reference_data_dd,ds_read_prd,SELECT,,婧愮郴缁熸棤娉ㄩ噴
dw,dim_supplier_base_info_dd,ds_read_prd,SELECT,,渚涘簲鍟嗕富鏁版嵁鍩烘湰淇℃伅
dw,dim_supplier_company_info_dd,ds_read_prd,SELECT,,渚涘簲鍟?鍏徃瑙嗗浘
ods,odss990_ZMDGT139,ds_read_prd,SELECT,,
ods,odss990_ZMDGT150,ds_read_prd,SELECT,,
ods,odss990_ZMDGT153,ds_read_prd,SELECT,,
ods,odss990_tgsb,ds_read_prd,SELECT,,涓氬姟鑼冨洿
ods,odss990_zmdgt134,ds_read_prd,SELECT,,鍔犺浇鏃堕棿
ods,odss990_zmdgt137,ds_read_prd,SELECT,,涓氬姟鑼冨洿鍜屽叕鍙镐唬鐮佸叧绯?
ods,odss990_zmdgt138,ds_read_prd,SELECT,,鍋滅敤鏍囪瘑
ods,odss990_zmdgt143,ds_read_prd,SELECT,,鍒╂鼎涓績涓庢垚鏈腑蹇冨叧绯昏〃
ods,odss990_zmdgt144,ds_read_prd,SELECT,,涓氬姟鑼冨洿涓庢垚鏈腑蹇冨叧绯昏〃
dim,dim_mhr_mos_org_base_info_dd,ds_nics_ro,SELECT,,缁勭粐涓绘暟鎹熀鏈俊鎭?
dim,dim_mk_shop_detail_dd,ds_nics_ro,SELECT,,闂ㄥ簵鏄庣粏琛?
dim,dim_mk_shop_info_dd,ds_nics_ro,SELECT,,闂ㄥ簵鍩虹淇℃伅琛?
dim,dim_ref_data_dd,ds_nics_ro,SELECT,,鍙傝€冩暟鎹?缂栫爜缁村害琛?
dim,dim_ref_quote_code_dd,ds_nics_ro,SELECT,,鍙傝€冩暟鎹?浠ｇ爜缁村害琛?
dw,dim_adm_china_dd,ds_nics_ro,SELECT,,鍖哄煙-涓浗琛屾斂鍖哄垝
dw,dim_attr_value_info_dd,ds_nics_ro,SELECT,,灞炴€у€间俊鎭淮搴﹁〃
dw,dim_customer_base_info_dd,ds_nics_ro,SELECT,,瀹㈡埛涓绘暟鎹熀鏈俊鎭?
dw,dim_customer_trade_info_dd,ds_nics_ro,SELECT,,瀹㈡埛璐告槗鍏崇郴淇℃伅淇℃伅
dw,dim_date_nd,ds_nics_ro,SELECT,,鏃ユ湡缁村害涓昏〃
dw,dim_material_attr_info_dd,ds_nics_ro,SELECT,,鐗╂枡瀵瑰簲灞炴€у強灞炴€у€间俊鎭?
dw,dim_material_base_info_dd,ds_nics_ro,SELECT,,鐗╂枡涓绘暟鎹熀鏈俊鎭?
dw,dim_material_class_attr_mapping_dd,ds_nics_ro,SELECT,,鐗╂枡鍒嗙被-灞炴€у叧绯绘槧灏勮〃
dw,dim_material_class_info_dd,ds_nics_ro,SELECT,,鐗╂枡鍒嗙被淇℃伅骞抽摵灞曠ず琛?
dw,dim_material_sap_compare_dd,ds_nics_ro,SELECT,,鐗╂枡绯荤粺缂栫爜瀵圭収
dw,dim_product_addl_info_dd,ds_nics_ro,SELECT,,浜у搧闄勫姞淇℃伅-鐗╂枡缁勩€侀攢鍞粍缁囦俊鎭?
dw,dim_product_attr_info_dd,ds_nics_ro,SELECT,,浜у搧瀵瑰簲灞炴€у強灞炴€у€间俊鎭?
dw,dim_product_base_info_dd,ds_nics_ro,SELECT,,浜у搧涓绘暟鎹熀鏈俊鎭?
dw,dim_product_base_info_nd,ds_nics_ro,SELECT,,鐭ヨ瘑搴?浜у搧灞炴€т俊鎭?
dw,dim_product_class_info_dd,ds_nics_ro,SELECT,,浜у搧鍒嗙被缁村害琛?
dw,dim_public_reference_data_dd,ds_nics_ro,SELECT,,婧愮郴缁熸棤娉ㄩ噴
dw,dim_supplier_base_info_dd,ds_nics_ro,SELECT,,渚涘簲鍟嗕富鏁版嵁鍩烘湰淇℃伅
dw,dim_supplier_company_info_dd,ds_nics_ro,SELECT,,渚涘簲鍟?鍏徃瑙嗗浘
ods,odss990_ZMDGT139,ds_nics_ro,SELECT,,
ods,odss990_ZMDGT150,ds_nics_ro,SELECT,,
ods,odss990_ZMDGT153,ds_nics_ro,SELECT,,
ods,odss990_tgsb,ds_nics_ro,SELECT,,涓氬姟鑼冨洿
ods,odss990_zmdgt134,ds_nics_ro,SELECT,,鍔犺浇鏃堕棿
ods,odss990_zmdgt137,ds_nics_ro,SELECT,,涓氬姟鑼冨洿鍜屽叕鍙镐唬鐮佸叧绯?
ods,odss990_zmdgt138,ds_nics_ro,SELECT,,鍋滅敤鏍囪瘑
ods,odss990_zmdgt143,ds_nics_ro,SELECT,,鍒╂鼎涓績涓庢垚鏈腑蹇冨叧绯昏〃
ods,odss990_zmdgt144,ds_nics_ro,SELECT,,涓氬姟鑼冨洿涓庢垚鏈腑蹇冨叧绯昏〃
ods,odsdt_tm_ldap_user,ds_gpload_gqxt_rw,SELECT,,s900 getbom
dim,dim_mhr_mos_org_base_info_dd,ds_dcmgr_rw,SELECT,,缁勭粐涓绘暟鎹熀鏈俊鎭?
dim,dim_mk_shop_detail_dd,ds_dcmgr_rw,SELECT,,闂ㄥ簵鏄庣粏琛?
dim,dim_mk_shop_info_dd,ds_dcmgr_rw,SELECT,,闂ㄥ簵鍩虹淇℃伅琛?
dim,dim_ref_data_dd,ds_dcmgr_rw,SELECT,,鍙傝€冩暟鎹?缂栫爜缁村害琛?
dim,dim_ref_quote_code_dd,ds_dcmgr_rw,SELECT,,鍙傝€冩暟鎹?浠ｇ爜缁村害琛?
dw,dim_adm_china_dd,ds_dcmgr_rw,SELECT,,鍖哄煙-涓浗琛屾斂鍖哄垝
dw,dim_attr_value_info_dd,ds_dcmgr_rw,SELECT,,灞炴€у€间俊鎭淮搴﹁〃
dw,dim_customer_base_info_dd,ds_dcmgr_rw,SELECT,,瀹㈡埛涓绘暟鎹熀鏈俊鎭?
dw,dim_customer_trade_info_dd,ds_dcmgr_rw,SELECT,,瀹㈡埛璐告槗鍏崇郴淇℃伅淇℃伅
dw,dim_date_nd,ds_dcmgr_rw,SELECT,,鏃ユ湡缁村害涓昏〃
dw,dim_material_attr_info_dd,ds_dcmgr_rw,SELECT,,鐗╂枡瀵瑰簲灞炴€у強灞炴€у€间俊鎭?
dw,dim_material_base_info_dd,ds_dcmgr_rw,SELECT,,鐗╂枡涓绘暟鎹熀鏈俊鎭?
dw,dim_material_class_attr_mapping_dd,ds_dcmgr_rw,SELECT,,鐗╂枡鍒嗙被-灞炴€у叧绯绘槧灏勮〃
dw,dim_material_class_info_dd,ds_dcmgr_rw,SELECT,,鐗╂枡鍒嗙被淇℃伅骞抽摵灞曠ず琛?
dw,dim_material_sap_compare_dd,ds_dcmgr_rw,SELECT,,鐗╂枡绯荤粺缂栫爜瀵圭収
dw,dim_product_addl_info_dd,ds_dcmgr_rw,SELECT,,浜у搧闄勫姞淇℃伅-鐗╂枡缁勩€侀攢鍞粍缁囦俊鎭?
dw,dim_product_attr_info_dd,ds_dcmgr_rw,SELECT,,浜у搧瀵瑰簲灞炴€у強灞炴€у€间俊鎭?
dw,dim_product_base_info_dd,ds_dcmgr_rw,SELECT,,浜у搧涓绘暟鎹熀鏈俊鎭?
dw,dim_product_base_info_nd,ds_dcmgr_rw,SELECT,,鐭ヨ瘑搴?浜у搧灞炴€т俊鎭?
dw,dim_product_class_info_dd,ds_dcmgr_rw,SELECT,,浜у搧鍒嗙被缁村害琛?
dw,dim_public_reference_data_dd,ds_dcmgr_rw,SELECT,,婧愮郴缁熸棤娉ㄩ噴
dw,dim_supplier_base_info_dd,ds_dcmgr_rw,SELECT,,渚涘簲鍟嗕富鏁版嵁鍩烘湰淇℃伅
dw,dim_supplier_company_info_dd,ds_dcmgr_rw,SELECT,,渚涘簲鍟?鍏徃瑙嗗浘
ods,ODSS990_MARA,ds_dcmgr_rw,SELECT,,
ods,odss990_ZMDGT139,ds_dcmgr_rw,SELECT,,
ods,odss990_ZMDGT150,ds_dcmgr_rw,SELECT,,
ods,odss990_ZMDGT153,ds_dcmgr_rw,SELECT,,
ods,odss990_tgsb,ds_dcmgr_rw,SELECT,,涓氬姟鑼冨洿
ods,odss990_zmdgt134,ds_dcmgr_rw,SELECT,,鍔犺浇鏃堕棿
ods,odss990_zmdgt137,ds_dcmgr_rw,SELECT,,涓氬姟鑼冨洿鍜屽叕鍙镐唬鐮佸叧绯?
ods,odss990_zmdgt138,ds_dcmgr_rw,SELECT,,鍋滅敤鏍囪瘑
ods,odss990_zmdgt143,ds_dcmgr_rw,SELECT,,鍒╂鼎涓績涓庢垚鏈腑蹇冨叧绯昏〃
ods,odss990_zmdgt144,ds_dcmgr_rw,SELECT,,涓氬姟鑼冨洿涓庢垚鏈腑蹇冨叧绯昏〃
dim,dim_mhr_mos_org_base_info_dd,ds_hiagent_rw,SELECT,,缁勭粐涓绘暟鎹熀鏈俊鎭?
dim,dim_mk_shop_detail_dd,ds_hiagent_rw,SELECT,,闂ㄥ簵鏄庣粏琛?
dim,dim_mk_shop_info_dd,ds_hiagent_rw,SELECT,,闂ㄥ簵鍩虹淇℃伅琛?
dim,dim_ref_data_dd,ds_hiagent_rw,SELECT,,鍙傝€冩暟鎹?缂栫爜缁村害琛?
dim,dim_ref_quote_code_dd,ds_hiagent_rw,SELECT,,鍙傝€冩暟鎹?浠ｇ爜缁村害琛?
dw,dim_adm_china_dd,ds_hiagent_rw,SELECT,,鍖哄煙-涓浗琛屾斂鍖哄垝
dw,dim_attr_value_info_dd,ds_hiagent_rw,SELECT,,灞炴€у€间俊鎭淮搴﹁〃
dw,dim_customer_base_info_dd,ds_hiagent_rw,SELECT,,瀹㈡埛涓绘暟鎹熀鏈俊鎭?
dw,dim_customer_trade_info_dd,ds_hiagent_rw,SELECT,,瀹㈡埛璐告槗鍏崇郴淇℃伅淇℃伅
dw,dim_date_nd,ds_hiagent_rw,SELECT,,鏃ユ湡缁村害涓昏〃
dw,dim_material_attr_info_dd,ds_hiagent_rw,SELECT,,鐗╂枡瀵瑰簲灞炴€у強灞炴€у€间俊鎭?
dw,dim_material_base_info_dd,ds_hiagent_rw,SELECT,,鐗╂枡涓绘暟鎹熀鏈俊鎭?
dw,dim_material_class_attr_mapping_dd,ds_hiagent_rw,SELECT,,鐗╂枡鍒嗙被-灞炴€у叧绯绘槧灏勮〃
dw,dim_material_class_info_dd,ds_hiagent_rw,SELECT,,鐗╂枡鍒嗙被淇℃伅骞抽摵灞曠ず琛?
dw,dim_material_sap_compare_dd,ds_hiagent_rw,SELECT,,鐗╂枡绯荤粺缂栫爜瀵圭収
dw,dim_product_addl_info_dd,ds_hiagent_rw,SELECT,,浜у搧闄勫姞淇℃伅-鐗╂枡缁勩€侀攢鍞粍缁囦俊鎭?
dw,dim_product_attr_info_dd,ds_hiagent_rw,SELECT,,浜у搧瀵瑰簲灞炴€у強灞炴€у€间俊鎭?
dw,dim_product_base_info_dd,ds_hiagent_rw,SELECT,,浜у搧涓绘暟鎹熀鏈俊鎭?
dw,dim_product_base_info_nd,ds_hiagent_rw,SELECT,,鐭ヨ瘑搴?浜у搧灞炴€т俊鎭?
dw,dim_product_class_info_dd,ds_hiagent_rw,SELECT,,浜у搧鍒嗙被缁村害琛?
dw,dim_public_reference_data_dd,ds_hiagent_rw,SELECT,,婧愮郴缁熸棤娉ㄩ噴
dw,dim_supplier_base_info_dd,ds_hiagent_rw,SELECT,,渚涘簲鍟嗕富鏁版嵁鍩烘湰淇℃伅
dw,dim_supplier_company_info_dd,ds_hiagent_rw,SELECT,,渚涘簲鍟?鍏徃瑙嗗浘
ods,odss990_ZMDGT139,ds_hiagent_rw,SELECT,,
ods,odss990_ZMDGT150,ds_hiagent_rw,SELECT,,
ods,odss990_ZMDGT153,ds_hiagent_rw,SELECT,,
ods,odss990_tgsb,ds_hiagent_rw,SELECT,,涓氬姟鑼冨洿
ods,odss990_zmdgt134,ds_hiagent_rw,SELECT,,鍔犺浇鏃堕棿
ods,odss990_zmdgt137,ds_hiagent_rw,SELECT,,涓氬姟鑼冨洿鍜屽叕鍙镐唬鐮佸叧绯?
ods,odss990_zmdgt138,ds_hiagent_rw,SELECT,,鍋滅敤鏍囪瘑
ods,odss990_zmdgt143,ds_hiagent_rw,SELECT,,鍒╂鼎涓績涓庢垚鏈腑蹇冨叧绯昏〃
ods,odss990_zmdgt144,ds_hiagent_rw,SELECT,,涓氬姟鑼冨洿涓庢垚鏈腑蹇冨叧绯昏〃
dim,dim_mhr_mos_org_base_info_dd,ds_fima_ro,SELECT,,缁勭粐涓绘暟鎹熀鏈俊鎭?
dim,dim_mk_shop_detail_dd,ds_fima_ro,SELECT,,闂ㄥ簵鏄庣粏琛?
dim,dim_mk_shop_info_dd,ds_fima_ro,SELECT,,闂ㄥ簵鍩虹淇℃伅琛?
dim,dim_ref_data_dd,ds_fima_ro,SELECT,,鍙傝€冩暟鎹?缂栫爜缁村害琛?
dim,dim_ref_quote_code_dd,ds_fima_ro,SELECT,,鍙傝€冩暟鎹?浠ｇ爜缁村害琛?
dw,dim_adm_china_dd,ds_fima_ro,SELECT,,鍖哄煙-涓浗琛屾斂鍖哄垝
dw,dim_attr_value_info_dd,ds_fima_ro,SELECT,,灞炴€у€间俊鎭淮搴﹁〃
dw,dim_customer_base_info_dd,ds_fima_ro,SELECT,,瀹㈡埛涓绘暟鎹熀鏈俊鎭?
dw,dim_customer_trade_info_dd,ds_fima_ro,SELECT,,瀹㈡埛璐告槗鍏崇郴淇℃伅淇℃伅
dw,dim_date_nd,ds_fima_ro,SELECT,,鏃ユ湡缁村害涓昏〃
dw,dim_material_attr_info_dd,ds_fima_ro,SELECT,,鐗╂枡瀵瑰簲灞炴€у強灞炴€у€间俊鎭?
dw,dim_material_base_info_dd,ds_fima_ro,SELECT,,鐗╂枡涓绘暟鎹熀鏈俊鎭?
dw,dim_material_class_attr_mapping_dd,ds_fima_ro,SELECT,,鐗╂枡鍒嗙被-灞炴€у叧绯绘槧灏勮〃
dw,dim_material_class_info_dd,ds_fima_ro,SELECT,,鐗╂枡鍒嗙被淇℃伅骞抽摵灞曠ず琛?
dw,dim_material_sap_compare_dd,ds_fima_ro,SELECT,,鐗╂枡绯荤粺缂栫爜瀵圭収
dw,dim_product_addl_info_dd,ds_fima_ro,SELECT,,浜у搧闄勫姞淇℃伅-鐗╂枡缁勩€侀攢鍞粍缁囦俊鎭?
dw,dim_product_attr_info_dd,ds_fima_ro,SELECT,,浜у搧瀵瑰簲灞炴€у強灞炴€у€间俊鎭?
dw,dim_product_base_info_dd,ds_fima_ro,SELECT,,浜у搧涓绘暟鎹熀鏈俊鎭?
dw,dim_product_base_info_nd,ds_fima_ro,SELECT,,鐭ヨ瘑搴?浜у搧灞炴€т俊鎭?
dw,dim_product_class_info_dd,ds_fima_ro,SELECT,,浜у搧鍒嗙被缁村害琛?
dw,dim_public_reference_data_dd,ds_fima_ro,SELECT,,婧愮郴缁熸棤娉ㄩ噴
dw,dim_supplier_base_info_dd,ds_fima_ro,SELECT,,渚涘簲鍟嗕富鏁版嵁鍩烘湰淇℃伅
dw,dim_supplier_company_info_dd,ds_fima_ro,SELECT,,渚涘簲鍟?鍏徃瑙嗗浘
dwd,dwd_ipd_ipm_project_model_dd,ds_fima_ro,SELECT,,椤圭洰涓庨攢鍞瀷鍙锋槧灏勮〃
dwd,dwd_ipd_irs_project_internal_order_table_md,ds_fima_ro,SELECT,,
dwd,dwd_ipd_irs_report_project_details_md,ds_fima_ro,SELECT,,绠℃姤椤圭洰鏄庣粏琛?
ods,odsdt_tm_ldap_user,ds_fima_ro,SELECT,,s900 getbom
ods,odss900_mara,ds_fima_ro,SELECT,,GMV
ods,odss990_ZMDGT139,ds_fima_ro,SELECT,,
ods,odss990_ZMDGT150,ds_fima_ro,SELECT,,
ods,odss990_ZMDGT153,ds_fima_ro,SELECT,,
ods,odss990_tgsb,ds_fima_ro,SELECT,,涓氬姟鑼冨洿
ods,odss990_zmdgt134,ds_fima_ro,SELECT,,鍔犺浇鏃堕棿
ods,odss990_zmdgt137,ds_fima_ro,SELECT,,涓氬姟鑼冨洿鍜屽叕鍙镐唬鐮佸叧绯?
ods,odss990_zmdgt138,ds_fima_ro,SELECT,,鍋滅敤鏍囪瘑
ods,odss990_zmdgt143,ds_fima_ro,SELECT,,鍒╂鼎涓績涓庢垚鏈腑蹇冨叧绯昏〃
ods,odss990_zmdgt144,ds_fima_ro,SELECT,,涓氬姟鑼冨洿涓庢垚鏈腑蹇冨叧绯昏〃
dim,dim_mhr_mos_org_base_info_dd,ds_ipe_mm_rw,SELECT,,缁勭粐涓绘暟鎹熀鏈俊鎭?
dim,dim_mk_shop_detail_dd,ds_ipe_mm_rw,SELECT,,闂ㄥ簵鏄庣粏琛?
dim,dim_mk_shop_info_dd,ds_ipe_mm_rw,SELECT,,闂ㄥ簵鍩虹淇℃伅琛?
dim,dim_ref_data_dd,ds_ipe_mm_rw,SELECT,,鍙傝€冩暟鎹?缂栫爜缁村害琛?
dim,dim_ref_quote_code_dd,ds_ipe_mm_rw,SELECT,,鍙傝€冩暟鎹?浠ｇ爜缁村害琛?
dw,dim_adm_china_dd,ds_ipe_mm_rw,SELECT,,鍖哄煙-涓浗琛屾斂鍖哄垝
dw,dim_attr_value_info_dd,ds_ipe_mm_rw,SELECT,,灞炴€у€间俊鎭淮搴﹁〃
dw,dim_customer_base_info_dd,ds_ipe_mm_rw,SELECT,,瀹㈡埛涓绘暟鎹熀鏈俊鎭?
dw,dim_customer_trade_info_dd,ds_ipe_mm_rw,SELECT,,瀹㈡埛璐告槗鍏崇郴淇℃伅淇℃伅
dw,dim_date_nd,ds_ipe_mm_rw,SELECT,,鏃ユ湡缁村害涓昏〃
dw,dim_material_attr_info_dd,ds_ipe_mm_rw,SELECT,,鐗╂枡瀵瑰簲灞炴€у強灞炴€у€间俊鎭?
dw,dim_material_base_info_dd,ds_ipe_mm_rw,SELECT,,鐗╂枡涓绘暟鎹熀鏈俊鎭?
dw,dim_material_class_attr_mapping_dd,ds_ipe_mm_rw,SELECT,,鐗╂枡鍒嗙被-灞炴€у叧绯绘槧灏勮〃
dw,dim_material_class_info_dd,ds_ipe_mm_rw,SELECT,,鐗╂枡鍒嗙被淇℃伅骞抽摵灞曠ず琛?
dw,dim_material_sap_compare_dd,ds_ipe_mm_rw,SELECT,,鐗╂枡绯荤粺缂栫爜瀵圭収
dw,dim_product_addl_info_dd,ds_ipe_mm_rw,SELECT,,浜у搧闄勫姞淇℃伅-鐗╂枡缁勩€侀攢鍞粍缁囦俊鎭?
dw,dim_product_attr_info_dd,ds_ipe_mm_rw,SELECT,,浜у搧瀵瑰簲灞炴€у強灞炴€у€间俊鎭?
dw,dim_product_base_info_dd,ds_ipe_mm_rw,SELECT,,浜у搧涓绘暟鎹熀鏈俊鎭?
dw,dim_product_base_info_nd,ds_ipe_mm_rw,SELECT,,鐭ヨ瘑搴?浜у搧灞炴€т俊鎭?
dw,dim_product_class_info_dd,ds_ipe_mm_rw,SELECT,,浜у搧鍒嗙被缁村害琛?
dw,dim_public_reference_data_dd,ds_ipe_mm_rw,SELECT,,婧愮郴缁熸棤娉ㄩ噴
dw,dim_supplier_base_info_dd,ds_ipe_mm_rw,SELECT,,渚涘簲鍟嗕富鏁版嵁鍩烘湰淇℃伅
dw,dim_supplier_company_info_dd,ds_ipe_mm_rw,SELECT,,渚涘簲鍟?鍏徃瑙嗗浘
ods,odss990_ZMDGT139,ds_ipe_mm_rw,SELECT,,
ods,odss990_ZMDGT150,ds_ipe_mm_rw,SELECT,,
ods,odss990_ZMDGT153,ds_ipe_mm_rw,SELECT,,
ods,odss990_tgsb,ds_ipe_mm_rw,SELECT,,涓氬姟鑼冨洿
ods,odss990_zmdgt134,ds_ipe_mm_rw,SELECT,,鍔犺浇鏃堕棿
ods,odss990_zmdgt137,ds_ipe_mm_rw,SELECT,,涓氬姟鑼冨洿鍜屽叕鍙镐唬鐮佸叧绯?
ods,odss990_zmdgt138,ds_ipe_mm_rw,SELECT,,鍋滅敤鏍囪瘑
ods,odss990_zmdgt143,ds_ipe_mm_rw,SELECT,,鍒╂鼎涓績涓庢垚鏈腑蹇冨叧绯昏〃
ods,odss990_zmdgt144,ds_ipe_mm_rw,SELECT,,涓氬姟鑼冨洿涓庢垚鏈腑蹇冨叧绯昏〃
dim,dim_mhr_mos_org_base_info_dd,ds_dcmgr_ro,SELECT,,缁勭粐涓绘暟鎹熀鏈俊鎭?
dim,dim_mk_shop_detail_dd,ds_dcmgr_ro,SELECT,,闂ㄥ簵鏄庣粏琛?
dim,dim_mk_shop_info_dd,ds_dcmgr_ro,SELECT,,闂ㄥ簵鍩虹淇℃伅琛?
dim,dim_ref_data_dd,ds_dcmgr_ro,SELECT,,鍙傝€冩暟鎹?缂栫爜缁村害琛?
dim,dim_ref_quote_code_dd,ds_dcmgr_ro,SELECT,,鍙傝€冩暟鎹?浠ｇ爜缁村害琛?
dw,dim_adm_china_dd,ds_dcmgr_ro,SELECT,,鍖哄煙-涓浗琛屾斂鍖哄垝
dw,dim_attr_value_info_dd,ds_dcmgr_ro,SELECT,,灞炴€у€间俊鎭淮搴﹁〃
dw,dim_customer_base_info_dd,ds_dcmgr_ro,SELECT,,瀹㈡埛涓绘暟鎹熀鏈俊鎭?
dw,dim_customer_trade_info_dd,ds_dcmgr_ro,SELECT,,瀹㈡埛璐告槗鍏崇郴淇℃伅淇℃伅
dw,dim_date_nd,ds_dcmgr_ro,SELECT,,鏃ユ湡缁村害涓昏〃
dw,dim_material_attr_info_dd,ds_dcmgr_ro,SELECT,,鐗╂枡瀵瑰簲灞炴€у強灞炴€у€间俊鎭?
dw,dim_material_base_info_dd,ds_dcmgr_ro,SELECT,,鐗╂枡涓绘暟鎹熀鏈俊鎭?
dw,dim_material_class_attr_mapping_dd,ds_dcmgr_ro,SELECT,,鐗╂枡鍒嗙被-灞炴€у叧绯绘槧灏勮〃
dw,dim_material_class_info_dd,ds_dcmgr_ro,SELECT,,鐗╂枡鍒嗙被淇℃伅骞抽摵灞曠ず琛?
dw,dim_material_sap_compare_dd,ds_dcmgr_ro,SELECT,,鐗╂枡绯荤粺缂栫爜瀵圭収
dw,dim_product_addl_info_dd,ds_dcmgr_ro,SELECT,,浜у搧闄勫姞淇℃伅-鐗╂枡缁勩€侀攢鍞粍缁囦俊鎭?
dw,dim_product_attr_info_dd,ds_dcmgr_ro,SELECT,,浜у搧瀵瑰簲灞炴€у強灞炴€у€间俊鎭?
dw,dim_product_base_info_dd,ds_dcmgr_ro,SELECT,,浜у搧涓绘暟鎹熀鏈俊鎭?
dw,dim_product_base_info_nd,ds_dcmgr_ro,SELECT,,鐭ヨ瘑搴?浜у搧灞炴€т俊鎭?
dw,dim_product_class_info_dd,ds_dcmgr_ro,SELECT,,浜у搧鍒嗙被缁村害琛?
dw,dim_public_reference_data_dd,ds_dcmgr_ro,SELECT,,婧愮郴缁熸棤娉ㄩ噴
dw,dim_supplier_base_info_dd,ds_dcmgr_ro,SELECT,,渚涘簲鍟嗕富鏁版嵁鍩烘湰淇℃伅
dw,dim_supplier_company_info_dd,ds_dcmgr_ro,SELECT,,渚涘簲鍟?鍏徃瑙嗗浘
ods,odss990_ZMDGT139,ds_dcmgr_ro,SELECT,,
ods,odss990_ZMDGT150,ds_dcmgr_ro,SELECT,,
ods,odss990_ZMDGT153,ds_dcmgr_ro,SELECT,,
ods,odss990_tgsb,ds_dcmgr_ro,SELECT,,涓氬姟鑼冨洿
ods,odss990_zmdgt134,ds_dcmgr_ro,SELECT,,鍔犺浇鏃堕棿
ods,odss990_zmdgt137,ds_dcmgr_ro,SELECT,,涓氬姟鑼冨洿鍜屽叕鍙镐唬鐮佸叧绯?
ods,odss990_zmdgt138,ds_dcmgr_ro,SELECT,,鍋滅敤鏍囪瘑
ods,odss990_zmdgt143,ds_dcmgr_ro,SELECT,,鍒╂鼎涓績涓庢垚鏈腑蹇冨叧绯昏〃
ods,odss990_zmdgt144,ds_dcmgr_ro,SELECT,,涓氬姟鑼冨洿涓庢垚鏈腑蹇冨叧绯昏〃
dim,dim_mhr_mos_org_base_info_dd,ds_ctu_rw,SELECT,,缁勭粐涓绘暟鎹熀鏈俊鎭?
dim,dim_mk_shop_detail_dd,ds_ctu_rw,SELECT,,闂ㄥ簵鏄庣粏琛?
dim,dim_mk_shop_info_dd,ds_ctu_rw,SELECT,,闂ㄥ簵鍩虹淇℃伅琛?
dim,dim_ref_data_dd,ds_ctu_rw,SELECT,,鍙傝€冩暟鎹?缂栫爜缁村害琛?
dim,dim_ref_quote_code_dd,ds_ctu_rw,SELECT,,鍙傝€冩暟鎹?浠ｇ爜缁村害琛?
dw,dim_adm_china_dd,ds_ctu_rw,SELECT,,鍖哄煙-涓浗琛屾斂鍖哄垝
dw,dim_attr_value_info_dd,ds_ctu_rw,SELECT,,灞炴€у€间俊鎭淮搴﹁〃
dw,dim_customer_base_info_dd,ds_ctu_rw,SELECT,,瀹㈡埛涓绘暟鎹熀鏈俊鎭?
dw,dim_customer_trade_info_dd,ds_ctu_rw,SELECT,,瀹㈡埛璐告槗鍏崇郴淇℃伅淇℃伅
dw,dim_date_nd,ds_ctu_rw,SELECT,,鏃ユ湡缁村害涓昏〃
dw,dim_material_attr_info_dd,ds_ctu_rw,SELECT,,鐗╂枡瀵瑰簲灞炴€у強灞炴€у€间俊鎭?
dw,dim_material_base_info_dd,ds_ctu_rw,SELECT,,鐗╂枡涓绘暟鎹熀鏈俊鎭?
dw,dim_material_class_attr_mapping_dd,ds_ctu_rw,SELECT,,鐗╂枡鍒嗙被-灞炴€у叧绯绘槧灏勮〃
dw,dim_material_class_info_dd,ds_ctu_rw,SELECT,,鐗╂枡鍒嗙被淇℃伅骞抽摵灞曠ず琛?
dw,dim_material_sap_compare_dd,ds_ctu_rw,SELECT,,鐗╂枡绯荤粺缂栫爜瀵圭収
dw,dim_product_addl_info_dd,ds_ctu_rw,SELECT,,浜у搧闄勫姞淇℃伅-鐗╂枡缁勩€侀攢鍞粍缁囦俊鎭?
dw,dim_product_attr_info_dd,ds_ctu_rw,SELECT,,浜у搧瀵瑰簲灞炴€у強灞炴€у€间俊鎭?
dw,dim_product_base_info_dd,ds_ctu_rw,SELECT,,浜у搧涓绘暟鎹熀鏈俊鎭?
dw,dim_product_base_info_nd,ds_ctu_rw,SELECT,,鐭ヨ瘑搴?浜у搧灞炴€т俊鎭?
dw,dim_product_class_info_dd,ds_ctu_rw,SELECT,,浜у搧鍒嗙被缁村害琛?
dw,dim_public_reference_data_dd,ds_ctu_rw,SELECT,,婧愮郴缁熸棤娉ㄩ噴
dw,dim_supplier_base_info_dd,ds_ctu_rw,SELECT,,渚涘簲鍟嗕富鏁版嵁鍩烘湰淇℃伅
dw,dim_supplier_company_info_dd,ds_ctu_rw,SELECT,,渚涘簲鍟?鍏徃瑙嗗浘
dws,dws_fi_mr_bxp_dklmx_di,ds_ctu_rw,SELECT,,鍐扮-澶у簱榫勬槑缁?
dws,dws_fi_mr_bxp_dklmx_di,ds_ctu_rw,INSERT,,鍐扮-澶у簱榫勬槑缁?
dws,dws_fi_mr_bxp_dklmx_di,ds_ctu_rw,DROP,,鍐扮-澶у簱榫勬槑缁?
dws,dws_fi_mr_bxp_yxccpmx_all_di,ds_ctu_rw,SELECT,,鍐扮-钀ラ攢浜ф垚鍝佹槑缁?
dws,dws_fi_mr_bxp_yxccpmx_all_di,ds_ctu_rw,INSERT,,鍐扮-钀ラ攢浜ф垚鍝佹槑缁?
dws,dws_fi_mr_bxp_yxccpmx_all_di,ds_ctu_rw,DROP,,鍐扮-钀ラ攢浜ф垚鍝佹槑缁?
ods,odsmdm_mat_bi_base_info,ds_ctu_rw,SELECT,,MDM鐗╂枡鍩虹淇℃伅琛紝璇ヨ〃鏈夋椂鍊欎細鏈夌鎶ユ潵鎶撳彇鐗╂枡淇℃伅锛屾湁鏃跺€欑鎶ヤ細璇存湁鐨勭墿鏂欏彿娌℃姄鍒帮紝灏卞湪姝よ〃缁存姢
ods,odss900_mara,ds_ctu_rw,SELECT,,GMV
ods,odss900_mchb,ds_ctu_rw,SELECT,,900鐜版湁搴撳瓨
ods,odss990_ZMDGT139,ds_ctu_rw,SELECT,,
ods,odss990_ZMDGT150,ds_ctu_rw,SELECT,,
ods,odss990_ZMDGT153,ds_ctu_rw,SELECT,,
ods,odss990_tgsb,ds_ctu_rw,SELECT,,涓氬姟鑼冨洿
ods,odss990_zmdgt134,ds_ctu_rw,SELECT,,鍔犺浇鏃堕棿
ods,odss990_zmdgt137,ds_ctu_rw,SELECT,,涓氬姟鑼冨洿鍜屽叕鍙镐唬鐮佸叧绯?
ods,odss990_zmdgt138,ds_ctu_rw,SELECT,,鍋滅敤鏍囪瘑
ods,odss990_zmdgt143,ds_ctu_rw,SELECT,,鍒╂鼎涓績涓庢垚鏈腑蹇冨叧绯昏〃
ods,odss990_zmdgt144,ds_ctu_rw,SELECT,,涓氬姟鑼冨洿涓庢垚鏈腑蹇冨叧绯昏〃
dim,dim_ipd_productmodel_dd,ds_fima_rw,SELECT,,鐧界數浜у搧鍨嬪彿鍩虹淇℃伅琛?
dim,dim_mhr_mos_org_base_info_dd,ds_fima_rw,SELECT,,缁勭粐涓绘暟鎹熀鏈俊鎭?
dim,dim_mk_shop_detail_dd,ds_fima_rw,SELECT,,闂ㄥ簵鏄庣粏琛?
dim,dim_mk_shop_info_dd,ds_fima_rw,SELECT,,闂ㄥ簵鍩虹淇℃伅琛?
dim,dim_ref_data_dd,ds_fima_rw,SELECT,,鍙傝€冩暟鎹?缂栫爜缁村害琛?
dim,dim_ref_quote_code_dd,ds_fima_rw,SELECT,,鍙傝€冩暟鎹?浠ｇ爜缁村害琛?
dw,dim_adm_china_dd,ds_fima_rw,SELECT,,鍖哄煙-涓浗琛屾斂鍖哄垝
dw,dim_attr_value_info_dd,ds_fima_rw,SELECT,,灞炴€у€间俊鎭淮搴﹁〃
dw,dim_customer_base_info_dd,ds_fima_rw,SELECT,,瀹㈡埛涓绘暟鎹熀鏈俊鎭?
dw,dim_customer_trade_info_dd,ds_fima_rw,SELECT,,瀹㈡埛璐告槗鍏崇郴淇℃伅淇℃伅
dw,dim_date_nd,ds_fima_rw,SELECT,,鏃ユ湡缁村害涓昏〃
dw,dim_material_attr_info_dd,ds_fima_rw,SELECT,,鐗╂枡瀵瑰簲灞炴€у強灞炴€у€间俊鎭?
dw,dim_material_base_info_dd,ds_fima_rw,SELECT,,鐗╂枡涓绘暟鎹熀鏈俊鎭?
dw,dim_material_class_attr_mapping_dd,ds_fima_rw,SELECT,,鐗╂枡鍒嗙被-灞炴€у叧绯绘槧灏勮〃
dw,dim_material_class_info_dd,ds_fima_rw,SELECT,,鐗╂枡鍒嗙被淇℃伅骞抽摵灞曠ず琛?
dw,dim_material_sap_compare_dd,ds_fima_rw,SELECT,,鐗╂枡绯荤粺缂栫爜瀵圭収
dw,dim_product_addl_info_dd,ds_fima_rw,SELECT,,浜у搧闄勫姞淇℃伅-鐗╂枡缁勩€侀攢鍞粍缁囦俊鎭?
dw,dim_product_attr_info_dd,ds_fima_rw,SELECT,,浜у搧瀵瑰簲灞炴€у強灞炴€у€间俊鎭?
dw,dim_product_base_info_dd,ds_fima_rw,SELECT,,浜у搧涓绘暟鎹熀鏈俊鎭?
dw,dim_product_base_info_nd,ds_fima_rw,SELECT,,鐭ヨ瘑搴?浜у搧灞炴€т俊鎭?
dw,dim_product_class_info_dd,ds_fima_rw,SELECT,,浜у搧鍒嗙被缁村害琛?
dw,dim_public_reference_data_dd,ds_fima_rw,SELECT,,婧愮郴缁熸棤娉ㄩ噴
dw,dim_supplier_base_info_dd,ds_fima_rw,SELECT,,渚涘簲鍟嗕富鏁版嵁鍩烘湰淇℃伅
dw,dim_supplier_company_info_dd,ds_fima_rw,SELECT,,渚涘簲鍟?鍏徃瑙嗗浘
dwd,dwd_ipd_ipm_project_model_dd,ds_fima_rw,SELECT,,椤圭洰涓庨攢鍞瀷鍙锋槧灏勮〃
dwd,dwd_ipd_irs_gbproject_internal_order_table_md,ds_fima_rw,SELECT,,绠℃姤椤圭洰鍐呴儴璁㈠崟鍙疯〃
dwd,dwd_ipd_irs_project_internal_order_table_md,ds_fima_rw,SELECT,,
dwd,dwd_ipd_irs_report_project_details_md,ds_fima_rw,SELECT,,绠℃姤椤圭洰鏄庣粏琛?
ods,ODSSLT_S800_MARA,ds_fima_rw,SELECT,,
ods,odsHDRP_PM_PROJECT,ds_fima_rw,SELECT,,
ods,odsS990_TGSB,ds_fima_rw,SELECT,,
ods,odsS990_ZMDGT134,ds_fima_rw,SELECT,,
ods,odsS990_ZMDGT138,ds_fima_rw,SELECT,,
ods,odsS990_ZMDGT139,ds_fima_rw,SELECT,,
ods,odsS990_ZMDGT143,ds_fima_rw,SELECT,,
ods,odsS990_ZMDGT144,ds_fima_rw,SELECT,,
ods,odsS990_ZMDGT150,ds_fima_rw,SELECT,,
ods,odsS990_ZMDGT153,ds_fima_rw,SELECT,,
ods,ods_mr_v_app_fm_imat_saledata,ds_fima_rw,SELECT,,绠℃姤绯荤粺钀ラ攢鍏徃浜у搧姣涘埄鐜?鍚埌鐗╂枡鐨勬垚鏈?鏄庣粏琛?
ods,ods_slt_s600_mseg,ds_fima_rw,SELECT,,鐗╂枡鍑瘉琛岄」鐩俊鎭?
ods,ods_slt_s700_mseg,ds_fima_rw,SELECT,,鐗╂枡鍑瘉琛岄」鐩俊鎭?
ods,ods_slt_s800_mseg,ds_fima_rw,SELECT,,鐗╂枡鍑瘉琛岄」鐩俊鎭?
ods,ods_slt_s900_mseg,ds_fima_rw,SELECT,,鐗╂枡鍑瘉琛岄」鐩俊鎭?
ods,odscis_base_matkl,ds_fima_rw,SELECT,,鐗╂枡缁?
ods,odscis_cust_info,ds_fima_rw,SELECT,,鍟嗗鍩虹淇℃伅-鐢熸晥
ods,odscis_fw_org,ds_fima_rw,SELECT,,缁勭粐
ods,odsdt_tm_ldap_user,ds_fima_rw,SELECT,,s900 getbom
ods,odshdrp_hisense_develop_project,ds_fima_rw,SELECT,,婧愮郴缁熸棤娉ㄩ噴
ods,odshdrp_pm_project,ds_fima_rw,SELECT,,婧愮郴缁熸棤娉ㄩ噴
ods,odsjtplm_his_project_information,ds_fima_rw,SELECT,,椤圭洰淇℃伅琛?
ods,odsmdm_mat_bi_base_info,ds_fima_rw,SELECT,,MDM鐗╂枡鍩虹淇℃伅琛紝璇ヨ〃鏈夋椂鍊欎細鏈夌鎶ユ潵鎶撳彇鐗╂枡淇℃伅锛屾湁鏃跺€欑鎶ヤ細璇存湁鐨勭墿鏂欏彿娌℃姄鍒帮紝灏卞湪姝よ〃缁存姢
ods,odsmr_V_app_fm_imat_saledata,ds_fima_rw,SELECT,,
ods,odsplm_hac_product_info,ds_fima_rw,SELECT,,椤圭洰銆佷骇鍝佸搴斿叧绯?
ods,odss600_lfa1,ds_fima_rw,SELECT,,MDG渚涘簲鍟嗗悕绉拌嫳鏂?
ods,odss600_mara,ds_fima_rw,SELECT,,婧愮郴缁熸棤娉ㄩ噴
ods,odss600_marc,ds_fima_rw,SELECT,,婧愮郴缁熸棤娉ㄩ噴
ods,odss700_lfa1,ds_fima_rw,SELECT,,MDG渚涘簲鍟嗗悕绉拌嫳鏂?
ods,odss700_mara,ds_fima_rw,SELECT,,婧愮郴缁熸棤娉ㄩ噴
ods,odss700_marc,ds_fima_rw,SELECT,,婧愮郴缁熸棤娉ㄩ噴
ods,odss800_lfa1,ds_fima_rw,SELECT,,MDG渚涘簲鍟嗗悕绉拌嫳鏂?
ods,odss800_marc,ds_fima_rw,SELECT,,婧愮郴缁熸棤娉ㄩ噴
ods,odss900_lfa1,ds_fima_rw,SELECT,,MDG渚涘簲鍟嗗悕绉拌嫳鏂?
ods,odss900_mara,ds_fima_rw,SELECT,,GMV
ods,odss900_marc,ds_fima_rw,SELECT,,绉伴噸鏍囪瘑
ods,odss990_TGSB,ds_fima_rw,SELECT,,
ods,odss990_ZMDGT139,ds_fima_rw,SELECT,,
ods,odss990_ZMDGT150,ds_fima_rw,SELECT,,
ods,odss990_ZMDGT153,ds_fima_rw,SELECT,,
ods,odss990_mara,ds_fima_rw,SELECT,,婧愮郴缁熸棤娉ㄩ噴
ods,odss990_tgsb,ds_fima_rw,SELECT,,涓氬姟鑼冨洿
ods,odss990_zmdgt134,ds_fima_rw,SELECT,,鍔犺浇鏃堕棿
ods,odss990_zmdgt137,ds_fima_rw,SELECT,,涓氬姟鑼冨洿鍜屽叕鍙镐唬鐮佸叧绯?
ods,odss990_zmdgt138,ds_fima_rw,SELECT,,鍋滅敤鏍囪瘑
ods,odss990_zmdgt143,ds_fima_rw,SELECT,,鍒╂鼎涓績涓庢垚鏈腑蹇冨叧绯昏〃
ods,odss990_zmdgt144,ds_fima_rw,SELECT,,涓氬姟鑼冨洿涓庢垚鏈腑蹇冨叧绯昏〃
ods,odsslt_s600_mara,ds_fima_rw,SELECT,,甯歌鐗╂枡鏁版嵁
ods,odsslt_s800_mara,ds_fima_rw,SELECT,,甯歌鐗╂枡鏁版嵁
dim,dim_mhr_mos_org_base_info_dd,ds_ipe_mm_ro,SELECT,,缁勭粐涓绘暟鎹熀鏈俊鎭?
dim,dim_mk_shop_detail_dd,ds_ipe_mm_ro,SELECT,,闂ㄥ簵鏄庣粏琛?
dim,dim_mk_shop_info_dd,ds_ipe_mm_ro,SELECT,,闂ㄥ簵鍩虹淇℃伅琛?
dim,dim_ref_data_dd,ds_ipe_mm_ro,SELECT,,鍙傝€冩暟鎹?缂栫爜缁村害琛?
dim,dim_ref_quote_code_dd,ds_ipe_mm_ro,SELECT,,鍙傝€冩暟鎹?浠ｇ爜缁村害琛?
dw,dim_adm_china_dd,ds_ipe_mm_ro,SELECT,,鍖哄煙-涓浗琛屾斂鍖哄垝
dw,dim_attr_value_info_dd,ds_ipe_mm_ro,SELECT,,灞炴€у€间俊鎭淮搴﹁〃
dw,dim_customer_base_info_dd,ds_ipe_mm_ro,SELECT,,瀹㈡埛涓绘暟鎹熀鏈俊鎭?
dw,dim_customer_trade_info_dd,ds_ipe_mm_ro,SELECT,,瀹㈡埛璐告槗鍏崇郴淇℃伅淇℃伅
dw,dim_date_nd,ds_ipe_mm_ro,SELECT,,鏃ユ湡缁村害涓昏〃
dw,dim_material_attr_info_dd,ds_ipe_mm_ro,SELECT,,鐗╂枡瀵瑰簲灞炴€у強灞炴€у€间俊鎭?
dw,dim_material_base_info_dd,ds_ipe_mm_ro,SELECT,,鐗╂枡涓绘暟鎹熀鏈俊鎭?
dw,dim_material_class_attr_mapping_dd,ds_ipe_mm_ro,SELECT,,鐗╂枡鍒嗙被-灞炴€у叧绯绘槧灏勮〃
dw,dim_material_class_info_dd,ds_ipe_mm_ro,SELECT,,鐗╂枡鍒嗙被淇℃伅骞抽摵灞曠ず琛?
dw,dim_material_sap_compare_dd,ds_ipe_mm_ro,SELECT,,鐗╂枡绯荤粺缂栫爜瀵圭収
dw,dim_product_addl_info_dd,ds_ipe_mm_ro,SELECT,,浜у搧闄勫姞淇℃伅-鐗╂枡缁勩€侀攢鍞粍缁囦俊鎭?
dw,dim_product_attr_info_dd,ds_ipe_mm_ro,SELECT,,浜у搧瀵瑰簲灞炴€у強灞炴€у€间俊鎭?
dw,dim_product_base_info_dd,ds_ipe_mm_ro,SELECT,,浜у搧涓绘暟鎹熀鏈俊鎭?
dw,dim_product_base_info_nd,ds_ipe_mm_ro,SELECT,,鐭ヨ瘑搴?浜у搧灞炴€т俊鎭?
dw,dim_product_class_info_dd,ds_ipe_mm_ro,SELECT,,浜у搧鍒嗙被缁村害琛?
dw,dim_public_reference_data_dd,ds_ipe_mm_ro,SELECT,,婧愮郴缁熸棤娉ㄩ噴
dw,dim_supplier_base_info_dd,ds_ipe_mm_ro,SELECT,,渚涘簲鍟嗕富鏁版嵁鍩烘湰淇℃伅
dw,dim_supplier_company_info_dd,ds_ipe_mm_ro,SELECT,,渚涘簲鍟?鍏徃瑙嗗浘
ods,odss990_ZMDGT139,ds_ipe_mm_ro,SELECT,,
ods,odss990_ZMDGT150,ds_ipe_mm_ro,SELECT,,
ods,odss990_ZMDGT153,ds_ipe_mm_ro,SELECT,,
ods,odss990_tgsb,ds_ipe_mm_ro,SELECT,,涓氬姟鑼冨洿
ods,odss990_zmdgt134,ds_ipe_mm_ro,SELECT,,鍔犺浇鏃堕棿
ods,odss990_zmdgt137,ds_ipe_mm_ro,SELECT,,涓氬姟鑼冨洿鍜屽叕鍙镐唬鐮佸叧绯?
ods,odss990_zmdgt138,ds_ipe_mm_ro,SELECT,,鍋滅敤鏍囪瘑
ods,odss990_zmdgt143,ds_ipe_mm_ro,SELECT,,鍒╂鼎涓績涓庢垚鏈腑蹇冨叧绯昏〃
ods,odss990_zmdgt144,ds_ipe_mm_ro,SELECT,,涓氬姟鑼冨洿涓庢垚鏈腑蹇冨叧绯昏〃
ads,ads_ipd_ipm_add_reduce_result_dd,ds_rd_rw,SELECT,,鐮斿彂鎸囨爣鏂板缂╁噺缁撴灉鍊?
ads,ads_ipd_ipm_add_reduce_result_dd,ds_rd_rw,INSERT,,鐮斿彂鎸囨爣鏂板缂╁噺缁撴灉鍊?
ads,ads_ipd_ipm_add_reduce_result_dd,ds_rd_rw,DROP,,鐮斿彂鎸囨爣鏂板缂╁噺缁撴灉鍊?
ads,ads_ipd_ipm_cbg_dxhxl_show_dd,ds_rd_rw,SELECT,,鍗曞瀷鍙烽攢閲忓缁村害灞曠ず琛?
ads,ads_ipd_ipm_cbg_dxhxl_show_dd,ds_rd_rw,INSERT,,鍗曞瀷鍙烽攢閲忓缁村害灞曠ず琛?
ads,ads_ipd_ipm_cbg_dxhxl_show_dd,ds_rd_rw,DROP,,鍗曞瀷鍙烽攢閲忓缁村害灞曠ず琛?
ads,ads_ipd_ipm_cbg_model_show_dd,ds_rd_rw,SELECT,,"CBG浜у搧鍨嬪彿澶氱淮搴﹀睍绀鸿〃
"
ads,ads_ipd_ipm_cbg_model_show_dd,ds_rd_rw,INSERT,,"CBG浜у搧鍨嬪彿澶氱淮搴﹀睍绀鸿〃
"
ads,ads_ipd_ipm_cbg_model_show_dd,ds_rd_rw,DROP,,"CBG浜у搧鍨嬪彿澶氱淮搴﹀睍绀鸿〃
"
ads,ads_ipd_ipm_development_cycle_result_dd,ds_rd_rw,SELECT,,
ads,ads_ipd_ipm_development_cycle_result_dd,ds_rd_rw,INSERT,,
ads,ads_ipd_ipm_development_cycle_result_dd,ds_rd_rw,DROP,,
ads,ads_ipd_ipm_development_cycle_result_show_dd,ds_rd_rw,SELECT,,
ads,ads_ipd_ipm_development_cycle_result_show_dd,ds_rd_rw,INSERT,,
ads,ads_ipd_ipm_development_cycle_result_show_dd,ds_rd_rw,DROP,,
ads,ads_ipd_ipm_development_kf_result_dd,ds_rd_rw,SELECT,,椤圭洰寮€鍙戝懆鏈熺粨鏋滆〃
ads,ads_ipd_ipm_development_kf_result_dd,ds_rd_rw,INSERT,,椤圭洰寮€鍙戝懆鏈熺粨鏋滆〃
ads,ads_ipd_ipm_development_kf_result_dd,ds_rd_rw,DROP,,椤圭洰寮€鍙戝懆鏈熺粨鏋滆〃
ads,ads_ipd_ipm_dptxl_result_dd,ds_rd_rw,SELECT,,"鍗曞钩鍙伴攢閲忕粨鏋滆〃
"
ads,ads_ipd_ipm_dptxl_result_dd,ds_rd_rw,INSERT,,"鍗曞钩鍙伴攢閲忕粨鏋滆〃
"
ads,ads_ipd_ipm_dptxl_result_dd,ds_rd_rw,DROP,,"鍗曞钩鍙伴攢閲忕粨鏋滆〃
"
ads,ads_ipd_ipm_dxhxl_result_dd,ds_rd_rw,SELECT,,鍗曞瀷鍙烽攢閲忕粨鏋滃睍绀鸿〃
ads,ads_ipd_ipm_dxhxl_result_dd,ds_rd_rw,INSERT,,鍗曞瀷鍙烽攢閲忕粨鏋滃睍绀鸿〃
ads,ads_ipd_ipm_dxhxl_result_dd,ds_rd_rw,DROP,,鍗曞瀷鍙烽攢閲忕粨鏋滃睍绀鸿〃
ads,ads_ipd_ipm_dxmodel_result_dd,ds_rd_rw,SELECT,,浣庢晥鍨嬪彿鏁扮粨鏋滆〃
ads,ads_ipd_ipm_dxmodel_result_dd,ds_rd_rw,INSERT,,浣庢晥鍨嬪彿鏁扮粨鏋滆〃
ads,ads_ipd_ipm_dxmodel_result_dd,ds_rd_rw,DROP,,浣庢晥鍨嬪彿鏁扮粨鏋滆〃
ads,ads_ipd_ipm_gptl_show_dd,ds_rd_rw,SELECT,,鍐呭閿€鍏卞钩鍙扮巼缁撴灉琛?
ads,ads_ipd_ipm_gptl_show_dd,ds_rd_rw,INSERT,,鍐呭閿€鍏卞钩鍙扮巼缁撴灉琛?
ads,ads_ipd_ipm_gptl_show_dd,ds_rd_rw,DROP,,鍐呭閿€鍏卞钩鍙扮巼缁撴灉琛?
ads,ads_ipd_ipm_kdzbmid_dd,ds_rd_rw,SELECT,,瀹藉甫鎸囨爣涓棿琛?缁撴灉鍊?
ads,ads_ipd_ipm_kdzbmid_dd,ds_rd_rw,INSERT,,瀹藉甫鎸囨爣涓棿琛?缁撴灉鍊?
ads,ads_ipd_ipm_kdzbmid_dd,ds_rd_rw,DROP,,瀹藉甫鎸囨爣涓棿琛?缁撴灉鍊?
ads,ads_ipd_ipm_platform_library_result_dd,ds_rd_rw,SELECT,,骞冲彴搴撳钩鍙扮粨鏋滆〃
ads,ads_ipd_ipm_platform_library_result_dd,ds_rd_rw,INSERT,,骞冲彴搴撳钩鍙扮粨鏋滆〃
ads,ads_ipd_ipm_platform_library_result_dd,ds_rd_rw,DROP,,骞冲彴搴撳钩鍙扮粨鏋滆〃
ads,ads_ipd_ipm_platform_result_dd,ds_rd_rw,SELECT,,浜у搧骞冲彴鏁扮粨鏋滆〃
ads,ads_ipd_ipm_platform_result_dd,ds_rd_rw,INSERT,,浜у搧骞冲彴鏁扮粨鏋滆〃
ads,ads_ipd_ipm_platform_result_dd,ds_rd_rw,DROP,,浜у搧骞冲彴鏁扮粨鏋滆〃
ads,ads_ipd_ipm_product_delivery_detail_dd,ds_rd_rw,SELECT,,浜у搧鍙婃椂浜や粯鐜囨槑缁嗚〃
ads,ads_ipd_ipm_product_delivery_detail_dd,ds_rd_rw,INSERT,,浜у搧鍙婃椂浜や粯鐜囨槑缁嗚〃
ads,ads_ipd_ipm_product_delivery_detail_dd,ds_rd_rw,DROP,,浜у搧鍙婃椂浜や粯鐜囨槑缁嗚〃
ads,ads_ipd_ipm_product_delivery_result_dd,ds_rd_rw,SELECT,,浜у搧鍙婃椂浜や粯鐜囩粨鏋滆〃
ads,ads_ipd_ipm_product_delivery_result_dd,ds_rd_rw,INSERT,,浜у搧鍙婃椂浜や粯鐜囩粨鏋滆〃
ads,ads_ipd_ipm_product_delivery_result_dd,ds_rd_rw,DROP,,浜у搧鍙婃椂浜や粯鐜囩粨鏋滆〃
ads,ads_ipd_ipm_project_kf_lbx_twdetail_hz_dd,ds_rd_rw,SELECT,,椤圭洰浜岀骇鐪嬫澘姹囨€昏〃
ads,ads_ipd_ipm_project_kf_lbx_twdetail_hz_dd,ds_rd_rw,INSERT,,椤圭洰浜岀骇鐪嬫澘姹囨€昏〃
ads,ads_ipd_ipm_project_kf_lbx_twdetail_hz_dd,ds_rd_rw,DROP,,椤圭洰浜岀骇鐪嬫澘姹囨€昏〃
ads,ads_ipd_ipm_rdkpi_tf_project_lcb_stage_dd,ds_rd_rw,SELECT,,椤圭洰寮€鍙戝懆鏈熼噷绋嬬鍒嗛樁娈电粨鏋滆〃
ads,ads_ipd_ipm_rdkpi_tf_project_lcb_stage_dd,ds_rd_rw,INSERT,,椤圭洰寮€鍙戝懆鏈熼噷绋嬬鍒嗛樁娈电粨鏋滆〃
ads,ads_ipd_ipm_rdkpi_tf_project_lcb_stage_dd,ds_rd_rw,DROP,,椤圭洰寮€鍙戝懆鏈熼噷绋嬬鍒嗛樁娈电粨鏋滆〃
ads,ads_ipd_ipm_sale_model_result_dd,ds_rd_rw,SELECT,,鍦ㄩ攢鍨嬪彿鏁扮粨鏋滆〃
ads,ads_ipd_ipm_sale_model_result_dd,ds_rd_rw,INSERT,,鍦ㄩ攢鍨嬪彿鏁扮粨鏋滆〃
ads,ads_ipd_ipm_sale_model_result_dd,ds_rd_rw,DROP,,鍦ㄩ攢鍨嬪彿鏁扮粨鏋滆〃
ads,ads_ipd_ipm_trzstgl_result_dd,ds_rd_rw,SELECT,,椤圭洰鍑嗘椂閫氳繃鐜囩粨鏋滆〃
ads,ads_ipd_ipm_trzstgl_result_dd,ds_rd_rw,INSERT,,椤圭洰鍑嗘椂閫氳繃鐜囩粨鏋滆〃
ads,ads_ipd_ipm_trzstgl_result_dd,ds_rd_rw,DROP,,椤圭洰鍑嗘椂閫氳繃鐜囩粨鏋滆〃
ads,ads_ipd_ipm_zcmodel_result_dd,ds_rd_rw,SELECT,,鍦ㄤ骇鍨嬪彿鏁扮粨鏋滆〃
ads,ads_ipd_ipm_zcmodel_result_dd,ds_rd_rw,INSERT,,鍦ㄤ骇鍨嬪彿鏁扮粨鏋滆〃
ads,ads_ipd_ipm_zcmodel_result_dd,ds_rd_rw,DROP,,鍦ㄤ骇鍨嬪彿鏁扮粨鏋滆〃
ads,ads_ipd_ipm_zgd_model_dd,ds_rd_rw,SELECT,,涓珮绔瀷鍙锋暟鍗犳瘮
ads,ads_ipd_ipm_zgd_model_dd,ds_rd_rw,INSERT,,涓珮绔瀷鍙锋暟鍗犳瘮
ads,ads_ipd_ipm_zgd_model_dd,ds_rd_rw,DROP,,涓珮绔瀷鍙锋暟鍗犳瘮
ads,ads_ipd_irm_requirement_result_dd,ds_rd_rw,SELECT,,闇€姹傜粨鏋滆〃
ads,ads_ipd_irm_requirement_result_dd,ds_rd_rw,INSERT,,闇€姹傜粨鏋滆〃
ads,ads_ipd_irm_requirement_result_dd,ds_rd_rw,DROP,,闇€姹傜粨鏋滆〃
ads,ads_ipd_irs_bom_detail_pl_dd,ds_rd_rw,SELECT,,BOM鍝佺被鏄庣粏淇℃伅
ads,ads_ipd_irs_bom_detail_pl_dd,ds_rd_rw,INSERT,,BOM鍝佺被鏄庣粏淇℃伅
ads,ads_ipd_irs_bom_detail_pl_dd,ds_rd_rw,DROP,,BOM鍝佺被鏄庣粏淇℃伅
ads,ads_ipd_irs_category_jb_detail_dd,ds_rd_rw,SELECT,,瑙嗗儚绉戞妧闄嶆湰鎷嗗垎鐗╂枡鏄庣粏琛?
ads,ads_ipd_irs_category_jb_detail_dd,ds_rd_rw,INSERT,,瑙嗗儚绉戞妧闄嶆湰鎷嗗垎鐗╂枡鏄庣粏琛?
ads,ads_ipd_irs_category_jb_detail_dd,ds_rd_rw,DROP,,瑙嗗儚绉戞妧闄嶆湰鎷嗗垎鐗╂枡鏄庣粏琛?
ads,ads_ipd_irs_cosdown_detail_dd,ds_rd_rw,SELECT,,瑙嗗儚绉戞妧闄嶆湰鏄庣粏
ads,ads_ipd_irs_cosdown_detail_dd,ds_rd_rw,INSERT,,瑙嗗儚绉戞妧闄嶆湰鏄庣粏
ads,ads_ipd_irs_cosdown_detail_dd,ds_rd_rw,DROP,,瑙嗗儚绉戞妧闄嶆湰鏄庣粏
ads,ads_ipd_irs_cosdown_results_dd,ds_rd_rw,SELECT,,鍝佺被闄嶆湰缁撴灉琛?
ads,ads_ipd_irs_cosdown_results_dd,ds_rd_rw,INSERT,,鍝佺被闄嶆湰缁撴灉琛?
ads,ads_ipd_irs_cosdown_results_dd,ds_rd_rw,DROP,,鍝佺被闄嶆湰缁撴灉琛?
ads,ads_ipd_irs_design_change_dd,ds_rd_rw,SELECT,,闇€姹傚彉鏇?
ads,ads_ipd_irs_design_change_dd,ds_rd_rw,INSERT,,闇€姹傚彉鏇?
ads,ads_ipd_irs_design_change_dd,ds_rd_rw,DROP,,闇€姹傚彉鏇?
ads,ads_ipd_irs_design_change_kccl_dd,ds_rd_rw,SELECT,,璁捐鍙樻洿搴撳瓨澶勭悊鎰忚
ads,ads_ipd_irs_design_change_kccl_dd,ds_rd_rw,INSERT,,璁捐鍙樻洿搴撳瓨澶勭悊鎰忚
ads,ads_ipd_irs_design_change_kccl_dd,ds_rd_rw,DROP,,璁捐鍙樻洿搴撳瓨澶勭悊鎰忚
ads,ads_ipd_irs_design_change_mca_dd,ds_rd_rw,SELECT,,璁捐鍙樻洿+MCA鎶ヨ〃
ads,ads_ipd_irs_design_change_mca_dd,ds_rd_rw,INSERT,,璁捐鍙樻洿+MCA鎶ヨ〃
ads,ads_ipd_irs_design_change_mca_dd,ds_rd_rw,DROP,,璁捐鍙樻洿+MCA鎶ヨ〃
ads,ads_ipd_irs_design_change_mco_dd,ds_rd_rw,SELECT,,璁捐鍙樻洿MCO鎶ヨ〃
ads,ads_ipd_irs_design_change_mco_dd,ds_rd_rw,INSERT,,璁捐鍙樻洿MCO鎶ヨ〃
ads,ads_ipd_irs_design_change_mco_dd,ds_rd_rw,DROP,,璁捐鍙樻洿MCO鎶ヨ〃
ads,ads_ipd_irs_his_orderresult_dd,ds_rd_rw,SELECT,,璁㈠崟鏁翠綋鎯呭喌姹囨€?
ads,ads_ipd_irs_his_orderresult_dd,ds_rd_rw,INSERT,,璁㈠崟鏁翠綋鎯呭喌姹囨€?
ads,ads_ipd_irs_his_orderresult_dd,ds_rd_rw,DROP,,璁㈠崟鏁翠綋鎯呭喌姹囨€?
ads,ads_ipd_irs_iterate_new_result_dd,ds_rd_rw,SELECT,,瑙嗗儚绉戞妧鏂板搧姹囨€昏〃
ads,ads_ipd_irs_iterate_new_result_dd,ds_rd_rw,INSERT,,瑙嗗儚绉戞妧鏂板搧姹囨€昏〃
ads,ads_ipd_irs_iterate_new_result_dd,ds_rd_rw,DROP,,瑙嗗儚绉戞妧鏂板搧姹囨€昏〃
ads,ads_ipd_irs_jb_category_report_dd,ds_rd_rw,SELECT,,瑙嗗儚绉戞妧鍝佺被闄嶆湰姹囨€?
ads,ads_ipd_irs_jb_category_report_dd,ds_rd_rw,INSERT,,瑙嗗儚绉戞妧鍝佺被闄嶆湰姹囨€?
ads,ads_ipd_irs_jb_category_report_dd,ds_rd_rw,DROP,,瑙嗗儚绉戞妧鍝佺被闄嶆湰姹囨€?
ads,ads_ipd_irs_jb_line_report_dd,ds_rd_rw,SELECT,,瑙嗗儚绉戞妧闄嶆湰浜у搧绾跨淮搴︽眹鎬?
ads,ads_ipd_irs_jb_line_report_dd,ds_rd_rw,INSERT,,瑙嗗儚绉戞妧闄嶆湰浜у搧绾跨淮搴︽眹鎬?
ads,ads_ipd_irs_jb_line_report_dd,ds_rd_rw,DROP,,瑙嗗儚绉戞妧闄嶆湰浜у搧绾跨淮搴︽眹鎬?
ads,ads_ipd_irs_jgsjbghxqchange_result_dd,ds_rd_rw,SELECT,,婵€鍏夎璁″彉鏇村悗闇€姹傚彉鏇撮」鐩暟缁撴灉琛?
ads,ads_ipd_irs_jgsjbghxqchange_result_dd,ds_rd_rw,INSERT,,婵€鍏夎璁″彉鏇村悗闇€姹傚彉鏇撮」鐩暟缁撴灉琛?
ads,ads_ipd_irs_jgsjbghxqchange_result_dd,ds_rd_rw,DROP,,婵€鍏夎璁″彉鏇村悗闇€姹傚彉鏇撮」鐩暟缁撴灉琛?
ads,ads_ipd_irs_kfz_ddxp_detail_dd,ds_rd_rw,SELECT,,寮€鍙戜腑杩唬鏂板搧鏄庣粏琛?
ads,ads_ipd_irs_kfz_ddxp_detail_dd,ds_rd_rw,INSERT,,寮€鍙戜腑杩唬鏂板搧鏄庣粏琛?
ads,ads_ipd_irs_kfz_ddxp_detail_dd,ds_rd_rw,DROP,,寮€鍙戜腑杩唬鏂板搧鏄庣粏琛?
ads,ads_ipd_irs_mseg_dd,ds_rd_rw,SELECT,,璁㈠崟鐢熶骇鏁伴噺
ads,ads_ipd_irs_mseg_dd,ds_rd_rw,INSERT,,璁㈠崟鐢熶骇鏁伴噺
ads,ads_ipd_irs_mseg_dd,ds_rd_rw,DROP,,璁㈠崟鐢熶骇鏁伴噺
ads,ads_ipd_irs_new_kfz_detail_dd,ds_rd_rw,SELECT,,寮€鍙戜腑鏂板搧鐩爣鎴愭湰杈炬垚鐜囨槑缁嗚〃
ads,ads_ipd_irs_new_kfz_detail_dd,ds_rd_rw,INSERT,,寮€鍙戜腑鏂板搧鐩爣鎴愭湰杈炬垚鐜囨槑缁嗚〃
ads,ads_ipd_irs_new_kfz_detail_dd,ds_rd_rw,DROP,,寮€鍙戜腑鏂板搧鐩爣鎴愭湰杈炬垚鐜囨槑缁嗚〃
ads,ads_ipd_irs_orderrelease_hz_dd,ds_rd_rw,SELECT,,鍙戝竷璁㈠崟鏁伴噺姹囨€?
ads,ads_ipd_irs_orderrelease_hz_dd,ds_rd_rw,INSERT,,鍙戝竷璁㈠崟鏁伴噺姹囨€?
ads,ads_ipd_irs_orderrelease_hz_dd,ds_rd_rw,DROP,,鍙戝竷璁㈠崟鏁伴噺姹囨€?
ads,ads_ipd_irs_product_cost_dd,ds_rd_rw,SELECT,,浜у搧鎴愭湰杈炬爣缁撴灉琛?
ads,ads_ipd_irs_product_cost_dd,ds_rd_rw,INSERT,,浜у搧鎴愭湰杈炬爣缁撴灉琛?
ads,ads_ipd_irs_product_cost_dd,ds_rd_rw,DROP,,浜у搧鎴愭湰杈炬爣缁撴灉琛?
ads,ads_ipd_irs_standard_dd,ds_rd_rw,SELECT,,鏍囧噯鎸囨爣缁撴灉鍊?
ads,ads_ipd_irs_standard_dd,ds_rd_rw,INSERT,,鏍囧噯鎸囨爣缁撴灉鍊?
ads,ads_ipd_irs_standard_dd,ds_rd_rw,DROP,,鏍囧噯鎸囨爣缁撴灉鍊?
ads,ads_ipd_irs_tv_his_changekanban_hz_dd,ds_rd_rw,SELECT,,鍙樻洿绠＄悊妯″潡鐪嬫澘鈥斺€斿彉鏇寸骇鍒眹鎬昏〃
ads,ads_ipd_irs_tv_his_changekanban_hz_dd,ds_rd_rw,INSERT,,鍙樻洿绠＄悊妯″潡鐪嬫澘鈥斺€斿彉鏇寸骇鍒眹鎬昏〃
ads,ads_ipd_irs_tv_his_changekanban_hz_dd,ds_rd_rw,DROP,,鍙樻洿绠＄悊妯″潡鐪嬫澘鈥斺€斿彉鏇寸骇鍒眹鎬昏〃
ads,ads_ipd_irs_tv_his_orderapprove_dd,ds_rd_rw,SELECT,,璁㈠崟娴佺▼瀹℃壒鏃舵晥
ads,ads_ipd_irs_tv_his_orderapprove_dd,ds_rd_rw,INSERT,,璁㈠崟娴佺▼瀹℃壒鏃舵晥
ads,ads_ipd_irs_tv_his_orderapprove_dd,ds_rd_rw,DROP,,璁㈠崟娴佺▼瀹℃壒鏃舵晥
ads,ads_ipd_irs_tv_his_ordercount_dd,ds_rd_rw,SELECT,,璁㈠崟椤圭洰鏁伴噺琛?
ads,ads_ipd_irs_tv_his_ordercount_dd,ds_rd_rw,INSERT,,璁㈠崟椤圭洰鏁伴噺琛?
ads,ads_ipd_irs_tv_his_ordercount_dd,ds_rd_rw,DROP,,璁㈠崟椤圭洰鏁伴噺琛?
ads,ads_ipd_irs_tv_his_orderresign_dd,ds_rd_rw,SELECT,,璁㈠崟鍥炶縼鐜?
ads,ads_ipd_irs_tv_his_orderresign_dd,ds_rd_rw,INSERT,,璁㈠崟鍥炶縼鐜?
ads,ads_ipd_irs_tv_his_orderresign_dd,ds_rd_rw,DROP,,璁㈠崟鍥炶縼鐜?
ads,ads_ipd_irs_tv_his_rjcs_bmzsgbl_dd,ds_rd_rw,SELECT,,杞欢娴嬭瘯鈥斺€旈儴闂ㄤ换鍔″噯鏃跺叧闂巼
ads,ads_ipd_irs_tv_his_rjcs_bmzsgbl_dd,ds_rd_rw,INSERT,,杞欢娴嬭瘯鈥斺€旈儴闂ㄤ换鍔″噯鏃跺叧闂巼
ads,ads_ipd_irs_tv_his_rjcs_bmzsgbl_dd,ds_rd_rw,DROP,,杞欢娴嬭瘯鈥斺€旈儴闂ㄤ换鍔″噯鏃跺叧闂巼
ads,ads_ipd_irs_tv_his_rjcs_psjpjcsbbs_dd,ds_rd_rw,SELECT,,璁㈠崟椤圭洰鏁伴噺琛?
ads,ads_ipd_irs_tv_his_rjcs_psjpjcsbbs_dd,ds_rd_rw,INSERT,,璁㈠崟椤圭洰鏁伴噺琛?
ads,ads_ipd_irs_tv_his_rjcs_psjpjcsbbs_dd,ds_rd_rw,DROP,,璁㈠崟椤圭洰鏁伴噺琛?
ads,ads_ipd_irs_tv_his_rjcs_sitcsbbs_dd,ds_rd_rw,SELECT,,杞欢娴嬭瘯鈥斺€攕it娴嬭瘯鐗堟湰鏁?
ads,ads_ipd_irs_tv_his_rjcs_sitcsbbs_dd,ds_rd_rw,INSERT,,杞欢娴嬭瘯鈥斺€攕it娴嬭瘯鐗堟湰鏁?
ads,ads_ipd_irs_tv_his_rjcs_sitcsbbs_dd,ds_rd_rw,DROP,,杞欢娴嬭瘯鈥斺€攕it娴嬭瘯鐗堟湰鏁?
ads,ads_ipd_irs_tv_his_rjcs_yscsbbs_dd,ds_rd_rw,SELECT,,杞欢娴嬭瘯鈥斺€旈獙鏀舵祴璇曠増鏈暟
ads,ads_ipd_irs_tv_his_rjcs_yscsbbs_dd,ds_rd_rw,INSERT,,杞欢娴嬭瘯鈥斺€旈獙鏀舵祴璇曠増鏈暟
ads,ads_ipd_irs_tv_his_rjcs_yscsbbs_dd,ds_rd_rw,DROP,,杞欢娴嬭瘯鈥斺€旈獙鏀舵祴璇曠増鏈暟
ads,ads_ipd_irs_tv_his_rjcs_ysxmqst_dd,ds_rd_rw,SELECT,,杞欢娴嬭瘯鈥斺€斿簲甯傞」鐩秼鍔垮浘
ads,ads_ipd_irs_tv_his_rjcs_ysxmqst_dd,ds_rd_rw,INSERT,,杞欢娴嬭瘯鈥斺€斿簲甯傞」鐩秼鍔垮浘
ads,ads_ipd_irs_tv_his_rjcs_ysxmqst_dd,ds_rd_rw,DROP,,杞欢娴嬭瘯鈥斺€斿簲甯傞」鐩秼鍔垮浘
ads,ads_ipd_irs_tv_his_rjcs_zdhfgl_dd,ds_rd_rw,SELECT,,杞欢娴嬭瘯鈥斺€旇嚜鍔ㄥ寲瑕嗙洊鐜?
ads,ads_ipd_irs_tv_his_rjcs_zdhfgl_dd,ds_rd_rw,INSERT,,杞欢娴嬭瘯鈥斺€旇嚜鍔ㄥ寲瑕嗙洊鐜?
ads,ads_ipd_irs_tv_his_rjcs_zdhfgl_dd,ds_rd_rw,DROP,,杞欢娴嬭瘯鈥斺€旇嚜鍔ㄥ寲瑕嗙洊鐜?
ads,ads_ipd_irs_tywl_ggh_detail_dd,ds_rd_rw,SELECT,,閫氱敤鐗╂枡瑙勬牸鍖栫郴鍒楀寲鏄庣粏鏁版嵁
ads,ads_ipd_irs_tywl_ggh_detail_dd,ds_rd_rw,INSERT,,閫氱敤鐗╂枡瑙勬牸鍖栫郴鍒楀寲鏄庣粏鏁版嵁
ads,ads_ipd_irs_tywl_ggh_detail_dd,ds_rd_rw,DROP,,閫氱敤鐗╂枡瑙勬牸鍖栫郴鍒楀寲鏄庣粏鏁版嵁
ads,ads_ipd_irs_tywl_ggh_er_report_dd,ds_rd_rw,SELECT,,閫氱敤鐗╂枡瑙勬牸鍖栫郴鍒楀寲浜岀骇鐣岄潰
ads,ads_ipd_irs_tywl_ggh_er_report_dd,ds_rd_rw,INSERT,,閫氱敤鐗╂枡瑙勬牸鍖栫郴鍒楀寲浜岀骇鐣岄潰
ads,ads_ipd_irs_tywl_ggh_er_report_dd,ds_rd_rw,DROP,,閫氱敤鐗╂枡瑙勬牸鍖栫郴鍒楀寲浜岀骇鐣岄潰
ads,ads_ipd_irs_tywl_ggh_yi_report_dd,ds_rd_rw,SELECT,,閫氱敤鐗╂枡瑙勬牸鍖栫郴鍒楀寲涓€绾х晫闈?
ads,ads_ipd_irs_tywl_ggh_yi_report_dd,ds_rd_rw,INSERT,,閫氱敤鐗╂枡瑙勬牸鍖栫郴鍒楀寲涓€绾х晫闈?
ads,ads_ipd_irs_tywl_ggh_yi_report_dd,ds_rd_rw,DROP,,閫氱敤鐗╂枡瑙勬牸鍖栫郴鍒楀寲涓€绾х晫闈?
ads,ads_ipd_irs_tywl_wlk_results_dd,ds_rd_rw,SELECT,,鍚勭墿鏂欏簱缁撴灉鍊?
ads,ads_ipd_irs_tywl_wlk_results_dd,ds_rd_rw,INSERT,,鍚勭墿鏂欏簱缁撴灉鍊?
ads,ads_ipd_irs_tywl_wlk_results_dd,ds_rd_rw,DROP,,鍚勭墿鏂欏簱缁撴灉鍊?
ads,ads_ipd_irs_wl_select_score_dd,ds_rd_rw,SELECT,,鍝佺被绠＄悊鐗╂枡浼橀€夎瘎鍒嗚〃
ads,ads_ipd_irs_wl_select_score_dd,ds_rd_rw,INSERT,,鍝佺被绠＄悊鐗╂枡浼橀€夎瘎鍒嗚〃
ads,ads_ipd_irs_wl_select_score_dd,ds_rd_rw,DROP,,鍝佺被绠＄悊鐗╂枡浼橀€夎瘎鍒嗚〃
ads,ads_ipd_itd_ajhlxl_result_dd,ds_rd_rw,SELECT,,鎸夎鍒掔珛椤圭巼缁撴灉琛?
ads,ads_ipd_itd_ajhlxl_result_dd,ds_rd_rw,INSERT,,鎸夎鍒掔珛椤圭巼缁撴灉琛?
ads,ads_ipd_itd_ajhlxl_result_dd,ds_rd_rw,DROP,,鎸夎鍒掔珛椤圭巼缁撴灉琛?
ads,ads_ipd_itd_cgzhl_result_dd,ds_rd_rw,SELECT,,鎴愭灉杞寲鐜囩粨鏋滆〃
ads,ads_ipd_itd_cgzhl_result_dd,ds_rd_rw,INSERT,,鎴愭灉杞寲鐜囩粨鏋滆〃
ads,ads_ipd_itd_cgzhl_result_dd,ds_rd_rw,DROP,,鎴愭灉杞寲鐜囩粨鏋滆〃
ads,ads_ipd_itd_charter_project_information_hz_dd,ds_rd_rw,SELECT,,鎶€鏈痗harter椤圭洰閫氳繃鐜囨眹鎬昏〃
ads,ads_ipd_itd_charter_project_information_hz_dd,ds_rd_rw,INSERT,,鎶€鏈痗harter椤圭洰閫氳繃鐜囨眹鎬昏〃
ads,ads_ipd_itd_charter_project_information_hz_dd,ds_rd_rw,DROP,,鎶€鏈痗harter椤圭洰閫氳繃鐜囨眹鎬昏〃
ads,ads_ipd_itd_inst_demand_ratio_hz_dd,ds_rd_rw,SELECT,,鍗虫椂闇€姹傚崰姣旂粨鏋滆〃
ads,ads_ipd_itd_inst_demand_ratio_hz_dd,ds_rd_rw,INSERT,,鍗虫椂闇€姹傚崰姣旂粨鏋滆〃
ads,ads_ipd_itd_inst_demand_ratio_hz_dd,ds_rd_rw,DROP,,鍗虫椂闇€姹傚崰姣旂粨鏋滆〃
ads,ads_ipd_itd_pref_tech_ratio_hz_dd,ds_rd_rw,SELECT,,浼樺娍鎶€鏈崰姣旂粨鏋滆〃
ads,ads_ipd_itd_pref_tech_ratio_hz_dd,ds_rd_rw,INSERT,,浼樺娍鎶€鏈崰姣旂粨鏋滆〃
ads,ads_ipd_itd_pref_tech_ratio_hz_dd,ds_rd_rw,DROP,,浼樺娍鎶€鏈崰姣旂粨鏋滆〃
ads,ads_ipd_itd_project_completion_planned_hz_dd,ds_rd_rw,SELECT,,鎸夎鍒掔粨棰樼巼姹囨€昏〃
ads,ads_ipd_itd_project_completion_planned_hz_dd,ds_rd_rw,INSERT,,鎸夎鍒掔粨棰樼巼姹囨€昏〃
ads,ads_ipd_itd_project_completion_planned_hz_dd,ds_rd_rw,DROP,,鎸夎鍒掔粨棰樼巼姹囨€昏〃
ads,ads_ipd_itd_project_completion_rate_table_md,ds_rd_rw,SELECT,,鎸夎鍒掔粨棰樼巼
ads,ads_ipd_itd_project_completion_rate_table_md,ds_rd_rw,INSERT,,鎸夎鍒掔粨棰樼巼
ads,ads_ipd_itd_project_completion_rate_table_md,ds_rd_rw,DROP,,鎸夎鍒掔粨棰樼巼
ads,ads_ipd_itd_project_initiation_md,ds_rd_rw,SELECT,,鎸夎鍒掔珛椤圭粨鏋滆〃
ads,ads_ipd_itd_project_initiation_md,ds_rd_rw,INSERT,,鎸夎鍒掔珛椤圭粨鏋滆〃
ads,ads_ipd_itd_project_initiation_md,ds_rd_rw,DROP,,鎸夎鍒掔珛椤圭粨鏋滆〃
ads,ads_ipd_itd_qyzrpsastgl_result_dd,ds_rd_rw,SELECT,,杩佺Щ鍑嗗叆璇勫鎸夋椂閫氳繃鐜囩粨鏋滆〃
ads,ads_ipd_itd_qyzrpsastgl_result_dd,ds_rd_rw,INSERT,,杩佺Щ鍑嗗叆璇勫鎸夋椂閫氳繃鐜囩粨鏋滆〃
ads,ads_ipd_itd_qyzrpsastgl_result_dd,ds_rd_rw,DROP,,杩佺Щ鍑嗗叆璇勫鎸夋椂閫氳繃鐜囩粨鏋滆〃
ads,ads_ipd_itd_tec_transfer_development_hz_dd,ds_rd_rw,SELECT,,鎶€鏈帰绱㈣浆寮€鍙戞湁鏁堟暟姹囨€昏〃
ads,ads_ipd_itd_tec_transfer_development_hz_dd,ds_rd_rw,INSERT,,鎶€鏈帰绱㈣浆寮€鍙戞湁鏁堟暟姹囨€昏〃
ads,ads_ipd_itd_tec_transfer_development_hz_dd,ds_rd_rw,DROP,,鎶€鏈帰绱㈣浆寮€鍙戞湁鏁堟暟姹囨€昏〃
ads,ads_mm_mmc_new_productcost_mi,ds_rd_rw,SELECT,,鏃ョ珛鏂板搧鎴愭湰鍒嗘瀽_鏈€缁堣緭鍑鸿〃
ads,ads_mrc_ipm_patent_result_dd,ds_rd_rw,SELECT,,涓撳埄鎸囨爣缁撴灉琛?
ads,ads_mrc_ipm_patent_result_dd,ds_rd_rw,INSERT,,涓撳埄鎸囨爣缁撴灉琛?
ads,ads_mrc_ipm_patent_result_dd,ds_rd_rw,DROP,,涓撳埄鎸囨爣缁撴灉琛?
dim,dim_ipd_bxproductionversion_nd,ds_rd_rw,SELECT,,鍐板喎澶栭攢鍘嗗彶鍑哄彛鍨嬪彿涓庣敓浜х増鏈搴斿叧绯?
dim,dim_ipd_bxproductionversion_nd,ds_rd_rw,INSERT,,鍐板喎澶栭攢鍘嗗彶鍑哄彛鍨嬪彿涓庣敓浜х増鏈搴斿叧绯?
dim,dim_ipd_bxproductionversion_nd,ds_rd_rw,DROP,,鍐板喎澶栭攢鍘嗗彶鍑哄彛鍨嬪彿涓庣敓浜х増鏈搴斿叧绯?
dim,dim_ipd_hdrp_project_dd,ds_rd_rw,SELECT,,HDRP椤圭洰鍩烘湰淇℃伅琛?
dim,dim_ipd_hdrp_project_dd,ds_rd_rw,INSERT,,HDRP椤圭洰鍩烘湰淇℃伅琛?
dim,dim_ipd_hdrp_project_dd,ds_rd_rw,DROP,,HDRP椤圭洰鍩烘湰淇℃伅琛?
dim,dim_ipd_hdrp_tech_project_info_dd,ds_rd_rw,SELECT,,鎶€鏈粍椤圭洰鍩烘湰淇℃伅琛?
dim,dim_ipd_hdrp_tech_project_info_dd,ds_rd_rw,INSERT,,鎶€鏈粍椤圭洰鍩烘湰淇℃伅琛?
dim,dim_ipd_hdrp_tech_project_info_dd,ds_rd_rw,DROP,,鎶€鏈粍椤圭洰鍩烘湰淇℃伅琛?
dim,dim_ipd_jtplm_his_productmodel_dd,ds_rd_rw,SELECT,,闆嗗洟PLM浜у搧鍨嬪彿琛?
dim,dim_ipd_jtplm_his_productmodel_dd,ds_rd_rw,INSERT,,闆嗗洟PLM浜у搧鍨嬪彿琛?
dim,dim_ipd_jtplm_his_productmodel_dd,ds_rd_rw,DROP,,闆嗗洟PLM浜у搧鍨嬪彿琛?
dim,dim_ipd_jtplm_his_productversion_dd,ds_rd_rw,SELECT,,瑙嗗儚绉戞妧鐢熶骇鐗堟湰琛?
dim,dim_ipd_jtplm_his_productversion_dd,ds_rd_rw,INSERT,,瑙嗗儚绉戞妧鐢熶骇鐗堟湰琛?
dim,dim_ipd_jtplm_his_productversion_dd,ds_rd_rw,DROP,,瑙嗗儚绉戞妧鐢熶骇鐗堟湰琛?
dim,dim_ipd_jtplm_his_salemodel_dd,ds_rd_rw,SELECT,,闆嗗洟PLM閿€鍞瀷鍙疯〃
dim,dim_ipd_jtplm_his_salemodel_dd,ds_rd_rw,INSERT,,闆嗗洟PLM閿€鍞瀷鍙疯〃
dim,dim_ipd_jtplm_his_salemodel_dd,ds_rd_rw,DROP,,闆嗗洟PLM閿€鍞瀷鍙疯〃
dim,dim_ipd_kdwb_nd,ds_rd_rw,SELECT,,瀹藉甫鍏徃浜у搧绫诲瀷/浜嬩笟閮?浜у搧绾跨淮琛?
dim,dim_ipd_kdwb_nd,ds_rd_rw,INSERT,,瀹藉甫鍏徃浜у搧绫诲瀷/浜嬩笟閮?浜у搧绾跨淮琛?
dim,dim_ipd_kdwb_nd,ds_rd_rw,DROP,,瀹藉甫鍏徃浜у搧绫诲瀷/浜嬩笟閮?浜у搧绾跨淮琛?
dim,dim_ipd_platform_library_class_name_nd,ds_rd_rw,SELECT,,骞冲彴搴撲骇鍝佸ぇ涓皬绫讳笌浜у搧绾垮搴斿叧绯?
dim,dim_ipd_platform_library_class_name_nd,ds_rd_rw,INSERT,,骞冲彴搴撲骇鍝佸ぇ涓皬绫讳笌浜у搧绾垮搴斿叧绯?
dim,dim_ipd_platform_library_class_name_nd,ds_rd_rw,DROP,,骞冲彴搴撲骇鍝佸ぇ涓皬绫讳笌浜у搧绾垮搴斿叧绯?
dim,dim_ipd_prodev_model_history_nd,ds_rd_rw,SELECT,,寮€鍙戞ā鍨嬪巻鍙叉暟鎹?
dim,dim_ipd_prodev_model_history_nd,ds_rd_rw,INSERT,,寮€鍙戞ā鍨嬪巻鍙叉暟鎹?
dim,dim_ipd_prodev_model_history_nd,ds_rd_rw,DROP,,寮€鍙戞ā鍨嬪巻鍙叉暟鎹?
dim,dim_ipd_product_cost_dd,ds_rd_rw,SELECT,,浜у搧鎴愭湰鍩烘湰淇℃伅琛?
dim,dim_ipd_product_cost_dd,ds_rd_rw,INSERT,,浜у搧鎴愭湰鍩烘湰淇℃伅琛?
dim,dim_ipd_product_cost_dd,ds_rd_rw,DROP,,浜у搧鎴愭湰鍩烘湰淇℃伅琛?
dim,dim_ipd_product_dev_info_dd,ds_rd_rw,SELECT,,浜у搧寮€鍙戣缁嗕俊鎭〃
dim,dim_ipd_product_dev_info_dd,ds_rd_rw,INSERT,,浜у搧寮€鍙戣缁嗕俊鎭〃
dim,dim_ipd_product_dev_info_dd,ds_rd_rw,DROP,,浜у搧寮€鍙戣缁嗕俊鎭〃
dim,dim_ipd_productfamily_dd,ds_rd_rw,SELECT,,浜у搧瀹舵棌鍩虹淇℃伅琛?
dim,dim_ipd_productfamily_dd,ds_rd_rw,INSERT,,浜у搧瀹舵棌鍩虹淇℃伅琛?
dim,dim_ipd_productfamily_dd,ds_rd_rw,DROP,,浜у搧瀹舵棌鍩虹淇℃伅琛?
dim,dim_ipd_productionversion_dd,ds_rd_rw,SELECT,,鐢熶骇鐗堟湰鍩虹淇℃伅琛?
dim,dim_ipd_productionversion_dd,ds_rd_rw,INSERT,,鐢熶骇鐗堟湰鍩虹淇℃伅琛?
dim,dim_ipd_productionversion_dd,ds_rd_rw,DROP,,鐢熶骇鐗堟湰鍩虹淇℃伅琛?
dim,dim_ipd_productmodel_dd,ds_rd_rw,SELECT,,鐧界數浜у搧鍨嬪彿鍩虹淇℃伅琛?
dim,dim_ipd_productmodel_dd,ds_rd_rw,INSERT,,鐧界數浜у搧鍨嬪彿鍩虹淇℃伅琛?
dim,dim_ipd_productmodel_dd,ds_rd_rw,DROP,,鐧界數浜у搧鍨嬪彿鍩虹淇℃伅琛?
dim,dim_ipd_productplatform_dd,ds_rd_rw,SELECT,,鐧界數浜у搧骞冲彴鍩虹淇℃伅琛?
dim,dim_ipd_productplatform_dd,ds_rd_rw,INSERT,,鐧界數浜у搧骞冲彴鍩虹淇℃伅琛?
dim,dim_ipd_productplatform_dd,ds_rd_rw,DROP,,鐧界數浜у搧骞冲彴鍩虹淇℃伅琛?
dim,dim_ipd_productseris_dd,ds_rd_rw,SELECT,,浜у搧绯诲垪鍩虹淇℃伅琛?
dim,dim_ipd_productseris_dd,ds_rd_rw,INSERT,,浜у搧绯诲垪鍩虹淇℃伅琛?
dim,dim_ipd_productseris_dd,ds_rd_rw,DROP,,浜у搧绯诲垪鍩虹淇℃伅琛?
dim,dim_ipd_project_review_sheet_dd,ds_rd_rw,SELECT,,椤圭洰璇勫琛?
dim,dim_ipd_project_review_sheet_dd,ds_rd_rw,INSERT,,椤圭洰璇勫琛?
dim,dim_ipd_project_review_sheet_dd,ds_rd_rw,DROP,,椤圭洰璇勫琛?
dim,dim_ipd_salemodel_dd,ds_rd_rw,SELECT,,閿€鍞瀷鍙峰熀纭€淇℃伅琛?
dim,dim_ipd_salemodel_dd,ds_rd_rw,INSERT,,閿€鍞瀷鍙峰熀纭€淇℃伅琛?
dim,dim_ipd_salemodel_dd,ds_rd_rw,DROP,,閿€鍞瀷鍙峰熀纭€淇℃伅琛?
dim,dim_ipd_sales_area_country_nd,ds_rd_rw,SELECT,,鍥藉涓庨攢鍞尯鍩熷叧绯昏〃
dim,dim_ipd_sales_area_country_nd,ds_rd_rw,INSERT,,鍥藉涓庨攢鍞尯鍩熷叧绯昏〃
dim,dim_ipd_sales_area_country_nd,ds_rd_rw,DROP,,鍥藉涓庨攢鍞尯鍩熷叧绯昏〃
dim,dim_ipd_td_weidu_nd,ds_rd_rw,SELECT,,鎸囨爣琛ュ厖缁村害琛?
dim,dim_ipd_td_weidu_nd,ds_rd_rw,INSERT,,鎸囨爣琛ュ厖缁村害琛?
dim,dim_ipd_td_weidu_nd,ds_rd_rw,DROP,,鎸囨爣琛ュ厖缁村害琛?
dim,dim_ipd_tv_model_nengxiao_nd,ds_rd_rw,SELECT,,瑙嗗儚绉戞妧鑳芥晥鏈哄搴斿叧绯?
dim,dim_ipd_tv_model_nengxiao_nd,ds_rd_rw,INSERT,,瑙嗗儚绉戞妧鑳芥晥鏈哄搴斿叧绯?
dim,dim_ipd_tv_model_nengxiao_nd,ds_rd_rw,DROP,,瑙嗗儚绉戞妧鑳芥晥鏈哄搴斿叧绯?
dim,dim_ipd_tv_new_oldmodel_nd,ds_rd_rw,SELECT,,瑙嗗儚绉戞妧鏂拌€佸懡鍚嶅鐓?
dim,dim_ipd_tv_new_oldmodel_nd,ds_rd_rw,INSERT,,瑙嗗儚绉戞妧鏂拌€佸懡鍚嶅鐓?
dim,dim_ipd_tv_new_oldmodel_nd,ds_rd_rw,DROP,,瑙嗗儚绉戞妧鏂拌€佸懡鍚嶅鐓?
dim,dim_ipd_tv_tf_his_zyxmqd_bc_nd,ds_rd_rw,SELECT,,鍦ㄧ爺椤圭洰娓呭崟琛ュ厖鏁版嵁
dim,dim_ipd_tv_tf_his_zyxmqd_bc_nd,ds_rd_rw,INSERT,,鍦ㄧ爺椤圭洰娓呭崟琛ュ厖鏁版嵁
dim,dim_ipd_tv_tf_his_zyxmqd_bc_nd,ds_rd_rw,DROP,,鍦ㄧ爺椤圭洰娓呭崟琛ュ厖鏁版嵁
dim,dim_mhr_mos_org_base_info_dd,ds_rd_rw,SELECT,,缁勭粐涓绘暟鎹熀鏈俊鎭?
dim,dim_mk_shop_detail_dd,ds_rd_rw,SELECT,,闂ㄥ簵鏄庣粏琛?
dim,dim_mk_shop_info_dd,ds_rd_rw,SELECT,,闂ㄥ簵鍩虹淇℃伅琛?
dim,dim_ref_data_dd,ds_rd_rw,SELECT,,鍙傝€冩暟鎹?缂栫爜缁村害琛?
dim,dim_ref_quote_code_dd,ds_rd_rw,SELECT,,鍙傝€冩暟鎹?浠ｇ爜缁村害琛?
dim,dim_rule_ipd_ism_department,ds_rd_rw,SELECT,,
dim,dim_rule_ipd_product_portfolio_kq_oldproject,ds_rd_rw,SELECT,,
dm,dm_rd_index_library_mi,ds_rd_rw,SELECT,,鐮斿彂楂樼澶у睆鏁版嵁瀵规帴琛?
dm,dm_rd_index_library_mi,ds_rd_rw,INSERT,,鐮斿彂楂樼澶у睆鏁版嵁瀵规帴琛?
dm,dm_rd_index_library_mi,ds_rd_rw,ALTER,,鐮斿彂楂樼澶у睆鏁版嵁瀵规帴琛?
dm,dm_rd_index_library_mi,ds_rd_rw,CREATE,,鐮斿彂楂樼澶у睆鏁版嵁瀵规帴琛?
dm,dm_rd_index_library_mi,ds_rd_rw,DROP,,鐮斿彂楂樼澶у睆鏁版嵁瀵规帴琛?
dw,dim_adm_china_dd,ds_rd_rw,SELECT,,鍖哄煙-涓浗琛屾斂鍖哄垝
dw,dim_attr_value_info_dd,ds_rd_rw,SELECT,,灞炴€у€间俊鎭淮搴﹁〃
dw,dim_customer_base_info_dd,ds_rd_rw,SELECT,,瀹㈡埛涓绘暟鎹熀鏈俊鎭?
dw,dim_customer_trade_info_dd,ds_rd_rw,SELECT,,瀹㈡埛璐告槗鍏崇郴淇℃伅淇℃伅
dw,dim_date_nd,ds_rd_rw,SELECT,,鏃ユ湡缁村害涓昏〃
dw,dim_material_attr_info_dd,ds_rd_rw,SELECT,,鐗╂枡瀵瑰簲灞炴€у強灞炴€у€间俊鎭?
dw,dim_material_base_info_dd,ds_rd_rw,SELECT,,鐗╂枡涓绘暟鎹熀鏈俊鎭?
dw,dim_material_class_attr_mapping_dd,ds_rd_rw,SELECT,,鐗╂枡鍒嗙被-灞炴€у叧绯绘槧灏勮〃
dw,dim_material_class_info_dd,ds_rd_rw,SELECT,,鐗╂枡鍒嗙被淇℃伅骞抽摵灞曠ず琛?
dw,dim_material_sap_compare_dd,ds_rd_rw,SELECT,,鐗╂枡绯荤粺缂栫爜瀵圭収
dw,dim_product_addl_info_dd,ds_rd_rw,SELECT,,浜у搧闄勫姞淇℃伅-鐗╂枡缁勩€侀攢鍞粍缁囦俊鎭?
dw,dim_product_attr_info_dd,ds_rd_rw,SELECT,,浜у搧瀵瑰簲灞炴€у強灞炴€у€间俊鎭?
dw,dim_product_base_info_dd,ds_rd_rw,SELECT,,浜у搧涓绘暟鎹熀鏈俊鎭?
dw,dim_product_base_info_nd,ds_rd_rw,SELECT,,鐭ヨ瘑搴?浜у搧灞炴€т俊鎭?
dw,dim_product_class_info_dd,ds_rd_rw,SELECT,,浜у搧鍒嗙被缁村害琛?
dw,dim_public_reference_data_dd,ds_rd_rw,SELECT,,婧愮郴缁熸棤娉ㄩ噴
dw,dim_supplier_base_info_dd,ds_rd_rw,SELECT,,渚涘簲鍟嗕富鏁版嵁鍩烘湰淇℃伅
dw,dim_supplier_company_info_dd,ds_rd_rw,SELECT,,渚涘簲鍟?鍏徃瑙嗗浘
dw,dw_v_zgsrm_zrfi039b_bx,ds_rd_rw,SELECT,,
dw,dw_v_zgsrm_zrfi039b_gf,ds_rd_rw,SELECT,,
dw,dw_v_zgsrm_zrfi039b_kt,ds_rd_rw,SELECT,,
dw,dw_v_zgsrm_zrfi039b_rl,ds_rd_rw,SELECT,,
dw,dwd_dt_data_asset_extract_analyze,ds_rd_rw,SELECT,,闆嗗洟鍏ユ箹琛ㄦ眹鎬?
dw,dwd_ipd_ipd_productmodel_dd,ds_rd_rw,SELECT,,鐧界數浜у搧鍨嬪彿鍩虹淇℃伅琛?
dw,dwfi_im_tf_tcurr_table,ds_rd_rw,SELECT,,姹囩巼琛?exchange rate
dw,dwmm_tt_quota_material_first,ds_rd_rw,SELECT,,鐗╂枡閰嶉
dwd,dwd_data_quality_monitor_rule_detail_wide,ds_rd_rw,SELECT,,鏁版嵁璐ㄩ噺鐩戞帶瑙勫垯鏄庣粏瀹借〃
dwd,dwd_ipd_ipm_bd_lifecycle_dd,ds_rd_rw,SELECT,,鐧界數鍨嬪彿鐢熷懡鍛ㄦ湡鐘舵€佹椂闂磋〃
dwd,dwd_ipd_ipm_bd_lifecycle_dd,ds_rd_rw,INSERT,,鐧界數鍨嬪彿鐢熷懡鍛ㄦ湡鐘舵€佹椂闂磋〃
dwd,dwd_ipd_ipm_bd_lifecycle_dd,ds_rd_rw,DROP,,鐧界數鍨嬪彿鐢熷懡鍛ㄦ湡鐘舵€佹椂闂磋〃
dwd,dwd_ipd_ipm_bd_s600_zts600_zsd080_dd,ds_rd_rw,SELECT,,鍐板喎娲楀唴閿€鑷湁搴撳瓨鏁伴噺
dwd,dwd_ipd_ipm_bd_s600_zts600_zsd080_dd,ds_rd_rw,INSERT,,鍐板喎娲楀唴閿€鑷湁搴撳瓨鏁伴噺
dwd,dwd_ipd_ipm_bd_s600_zts600_zsd080_dd,ds_rd_rw,DROP,,鍐板喎娲楀唴閿€鑷湁搴撳瓨鏁伴噺
dwd,dwd_ipd_ipm_bd_s810_zbi_zrfi010z_d_rd_dd,ds_rd_rw,SELECT,,澶栭攢鍦ㄩ€斿簱瀛樿〃
dwd,dwd_ipd_ipm_bd_s810_zbi_zrfi010z_d_rd_dd,ds_rd_rw,INSERT,,澶栭攢鍦ㄩ€斿簱瀛樿〃
dwd,dwd_ipd_ipm_bd_s810_zbi_zrfi010z_d_rd_dd,ds_rd_rw,DROP,,澶栭攢鍦ㄩ€斿簱瀛樿〃
dwd,dwd_ipd_ipm_bd_s810_zhd_zfi013_rd_dd,ds_rd_rw,SELECT,,澶栭攢鍩哄湴搴撳瓨琛?
dwd,dwd_ipd_ipm_bd_s810_zhd_zfi013_rd_dd,ds_rd_rw,INSERT,,澶栭攢鍩哄湴搴撳瓨琛?
dwd,dwd_ipd_ipm_bd_s810_zhd_zfi013_rd_dd,ds_rd_rw,DROP,,澶栭攢鍩哄湴搴撳瓨琛?
dwd,dwd_ipd_ipm_bd_s810_ztsd_zcpkc_rd_dd,ds_rd_rw,SELECT,,澶栭攢娴峰鍒嗗叕鍙稿簱瀛樿〃
dwd,dwd_ipd_ipm_bd_s810_ztsd_zcpkc_rd_dd,ds_rd_rw,INSERT,,澶栭攢娴峰鍒嗗叕鍙稿簱瀛樿〃
dwd,dwd_ipd_ipm_bd_s810_ztsd_zcpkc_rd_dd,ds_rd_rw,DROP,,澶栭攢娴峰鍒嗗叕鍙稿簱瀛樿〃
dwd,dwd_ipd_ipm_bp_lx_model_mid_dd,ds_rd_rw,SELECT,,BP鍙婄珛椤归攢閲忓垎鏈堜腑闂磋〃
dwd,dwd_ipd_ipm_bp_lx_model_mid_dd,ds_rd_rw,INSERT,,BP鍙婄珛椤归攢閲忓垎鏈堜腑闂磋〃
dwd,dwd_ipd_ipm_bp_lx_model_mid_dd,ds_rd_rw,DROP,,BP鍙婄珛椤归攢閲忓垎鏈堜腑闂磋〃
dwd,dwd_ipd_ipm_bri_which_detail_dd,ds_rd_rw,SELECT,,鑻卞浗which绯荤粺鏁版嵁鏄庣粏琛?
dwd,dwd_ipd_ipm_bri_which_detail_dd,ds_rd_rw,INSERT,,鑻卞浗which绯荤粺鏁版嵁鏄庣粏琛?
dwd,dwd_ipd_ipm_bri_which_detail_dd,ds_rd_rw,DROP,,鑻卞浗which绯荤粺鏁版嵁鏄庣粏琛?
dwd,dwd_ipd_ipm_fra_que_detail_dd,ds_rd_rw,SELECT,,娉曞浗que绯荤粺鏁版嵁鏄庣粏琛?
dwd,dwd_ipd_ipm_fra_que_detail_dd,ds_rd_rw,INSERT,,娉曞浗que绯荤粺鏁版嵁鏄庣粏琛?
dwd,dwd_ipd_ipm_fra_que_detail_dd,ds_rd_rw,DROP,,娉曞浗que绯荤粺鏁版嵁鏄庣粏琛?
dwd,dwd_ipd_ipm_ger_stiwa_detail_dd,ds_rd_rw,SELECT,,寰峰浗stiwa绯荤粺鏁版嵁鏄庣粏琛?
dwd,dwd_ipd_ipm_ger_stiwa_detail_dd,ds_rd_rw,INSERT,,寰峰浗stiwa绯荤粺鏁版嵁鏄庣粏琛?
dwd,dwd_ipd_ipm_ger_stiwa_detail_dd,ds_rd_rw,DROP,,寰峰浗stiwa绯荤粺鏁版嵁鏄庣粏琛?
dwd,dwd_ipd_ipm_lcb_detail_dd,ds_rd_rw,SELECT,,閲岀▼纰戞寚鏍囧熀纭€鏁版嵁鏄庣粏
dwd,dwd_ipd_ipm_lcb_detail_dd,ds_rd_rw,INSERT,,閲岀▼纰戞寚鏍囧熀纭€鏁版嵁鏄庣粏
dwd,dwd_ipd_ipm_lcb_detail_dd,ds_rd_rw,DROP,,閲岀▼纰戞寚鏍囧熀纭€鏁版嵁鏄庣粏
dwd,dwd_ipd_ipm_model_project_dd,ds_rd_rw,SELECT,,hdrp鍨嬪彿涓庨」鐩搴斿叧绯昏〃
dwd,dwd_ipd_ipm_model_project_dd,ds_rd_rw,INSERT,,hdrp鍨嬪彿涓庨」鐩搴斿叧绯昏〃
dwd,dwd_ipd_ipm_model_project_dd,ds_rd_rw,DROP,,hdrp鍨嬪彿涓庨」鐩搴斿叧绯昏〃
dwd,dwd_ipd_ipm_prodev_model_attribute_dd,ds_rd_rw,SELECT,,浜у搧鐮斿彂鍏ㄧ敓鍛藉懆鏈熷瀷鍙峰睘鎬ц〃
dwd,dwd_ipd_ipm_prodev_model_attribute_dd,ds_rd_rw,INSERT,,浜у搧鐮斿彂鍏ㄧ敓鍛藉懆鏈熷瀷鍙峰睘鎬ц〃
dwd,dwd_ipd_ipm_prodev_model_attribute_dd,ds_rd_rw,DROP,,浜у搧鐮斿彂鍏ㄧ敓鍛藉懆鏈熷瀷鍙峰睘鎬ц〃
dwd,dwd_ipd_ipm_proj_baseline_change_info_dd,ds_rd_rw,SELECT,,椤圭洰鍩虹嚎鍙樻洿淇℃伅琛?
dwd,dwd_ipd_ipm_proj_baseline_change_info_dd,ds_rd_rw,INSERT,,椤圭洰鍩虹嚎鍙樻洿淇℃伅琛?
dwd,dwd_ipd_ipm_proj_baseline_change_info_dd,ds_rd_rw,DROP,,椤圭洰鍩虹嚎鍙樻洿淇℃伅琛?
dwd,dwd_ipd_ipm_project_kf_cycle_original_dd,ds_rd_rw,SELECT,,椤圭洰寮€鍙戝懆鏈熷熀纭€鏁版嵁琛?
dwd,dwd_ipd_ipm_project_kf_cycle_original_dd,ds_rd_rw,INSERT,,椤圭洰寮€鍙戝懆鏈熷熀纭€鏁版嵁琛?
dwd,dwd_ipd_ipm_project_kf_cycle_original_dd,ds_rd_rw,DROP,,椤圭洰寮€鍙戝懆鏈熷熀纭€鏁版嵁琛?
dwd,dwd_ipd_ipm_project_milestone_sheet_dd,ds_rd_rw,SELECT,,椤圭洰閲岀▼纰戜俊鎭〃
dwd,dwd_ipd_ipm_project_milestone_sheet_dd,ds_rd_rw,INSERT,,椤圭洰閲岀▼纰戜俊鎭〃
dwd,dwd_ipd_ipm_project_milestone_sheet_dd,ds_rd_rw,DROP,,椤圭洰閲岀▼纰戜俊鎭〃
dwd,dwd_ipd_ipm_project_model_dd,ds_rd_rw,SELECT,,椤圭洰涓庨攢鍞瀷鍙锋槧灏勮〃
dwd,dwd_ipd_ipm_project_model_dd,ds_rd_rw,INSERT,,椤圭洰涓庨攢鍞瀷鍙锋槧灏勮〃
dwd,dwd_ipd_ipm_project_model_dd,ds_rd_rw,DROP,,椤圭洰涓庨攢鍞瀷鍙锋槧灏勮〃
dwd,dwd_ipd_ipm_rlxhyptgx_dd,ds_rd_rw,SELECT,,鏃ョ珛鍨嬪彿鍜屽钩鍙板叧绯昏〃
dwd,dwd_ipd_ipm_rlxhyptgx_dd,ds_rd_rw,INSERT,,鏃ョ珛鍨嬪彿鍜屽钩鍙板叧绯昏〃
dwd,dwd_ipd_ipm_rlxhyptgx_dd,ds_rd_rw,DROP,,鏃ョ珛鍨嬪彿鍜屽钩鍙板叧绯昏〃
dwd,dwd_ipd_irm_hisense_initial_requirement_dd,ds_rd_rw,SELECT,,鍒濆闇€姹傝〃
dwd,dwd_ipd_irm_hisense_initial_requirement_dd,ds_rd_rw,INSERT,,鍒濆闇€姹傝〃
dwd,dwd_ipd_irm_hisense_initial_requirement_dd,ds_rd_rw,DROP,,鍒濆闇€姹傝〃
dwd,dwd_ipd_irm_hisense_raw_requirement_dd,ds_rd_rw,SELECT,,鍘熷闇€姹傛槑缁嗚〃
dwd,dwd_ipd_irm_hisense_raw_requirement_dd,ds_rd_rw,INSERT,,鍘熷闇€姹傛槑缁嗚〃
dwd,dwd_ipd_irm_hisense_raw_requirement_dd,ds_rd_rw,DROP,,鍘熷闇€姹傛槑缁嗚〃
dwd,dwd_ipd_irs_gbproject_internal_order_table_md,ds_rd_rw,SELECT,,绠℃姤椤圭洰鍐呴儴璁㈠崟鍙疯〃
dwd,dwd_ipd_irs_gbproject_internal_order_table_md,ds_rd_rw,INSERT,,绠℃姤椤圭洰鍐呴儴璁㈠崟鍙疯〃
dwd,dwd_ipd_irs_gbproject_internal_order_table_md,ds_rd_rw,DROP,,绠℃姤椤圭洰鍐呴儴璁㈠崟鍙疯〃
dwd,dwd_ipd_irs_jtplm_material_dd,ds_rd_rw,SELECT,,闆嗗洟plm鐗╂枡淇℃伅涓棿琛?
dwd,dwd_ipd_irs_jtplm_material_dd,ds_rd_rw,INSERT,,闆嗗洟plm鐗╂枡淇℃伅涓棿琛?
dwd,dwd_ipd_irs_jtplm_material_dd,ds_rd_rw,DROP,,闆嗗洟plm鐗╂枡淇℃伅涓棿琛?
dwd,dwd_ipd_irs_mdg_mid_dd,ds_rd_rw,SELECT,,MDG鐗╂枡涓棿琛?
dwd,dwd_ipd_irs_mdg_mid_dd,ds_rd_rw,INSERT,,MDG鐗╂枡涓棿琛?
dwd,dwd_ipd_irs_mdg_mid_dd,ds_rd_rw,DROP,,MDG鐗╂枡涓棿琛?
dwd,dwd_ipd_irs_orderrelease_dd,ds_rd_rw,SELECT,,鍙戝竷璁㈠崟鏄庣粏
dwd,dwd_ipd_irs_orderrelease_dd,ds_rd_rw,INSERT,,鍙戝竷璁㈠崟鏄庣粏
dwd,dwd_ipd_irs_orderrelease_dd,ds_rd_rw,DROP,,鍙戝竷璁㈠崟鏄庣粏
dwd,dwd_ipd_irs_product_cost_dd,ds_rd_rw,SELECT,,鍚勯樁娈靛悇鍙ｅ緞鍚勯」鐩悇浜у搧鎴愭湰鍩烘湰淇℃伅琛?
dwd,dwd_ipd_irs_product_cost_dd,ds_rd_rw,INSERT,,鍚勯樁娈靛悇鍙ｅ緞鍚勯」鐩悇浜у搧鎴愭湰鍩烘湰淇℃伅琛?
dwd,dwd_ipd_irs_product_cost_dd,ds_rd_rw,DROP,,鍚勯樁娈靛悇鍙ｅ緞鍚勯」鐩悇浜у搧鎴愭湰鍩烘湰淇℃伅琛?
dwd,dwd_ipd_irs_project_internal_order_table_md,ds_rd_rw,SELECT,,
dwd,dwd_ipd_irs_project_internal_order_table_md,ds_rd_rw,INSERT,,
dwd,dwd_ipd_irs_project_internal_order_table_md,ds_rd_rw,DROP,,
dwd,dwd_ipd_irs_report_project_details_md,ds_rd_rw,SELECT,,绠℃姤椤圭洰鏄庣粏琛?
dwd,dwd_ipd_irs_report_project_details_md,ds_rd_rw,INSERT,,绠℃姤椤圭洰鏄庣粏琛?
dwd,dwd_ipd_irs_report_project_details_md,ds_rd_rw,DROP,,绠℃姤椤圭洰鏄庣粏琛?
dwd,dwd_ipd_irs_s600800_bom_cp_pt_dd,ds_rd_rw,SELECT,,S600800鐨刡om浜у搧鍨嬪彿鍜屽钩鍙扮殑鍏崇郴琛?
dwd,dwd_ipd_irs_s600800_bom_cp_pt_dd,ds_rd_rw,INSERT,,S600800鐨刡om浜у搧鍨嬪彿鍜屽钩鍙扮殑鍏崇郴琛?
dwd,dwd_ipd_irs_s600800_bom_cp_pt_dd,ds_rd_rw,DROP,,S600800鐨刡om浜у搧鍨嬪彿鍜屽钩鍙扮殑鍏崇郴琛?
dwd,dwd_ipd_irs_s600_bom_dd,ds_rd_rw,SELECT,,sap600bom骞抽摵琛?
dwd,dwd_ipd_irs_s600_bom_dd,ds_rd_rw,INSERT,,sap600bom骞抽摵琛?
dwd,dwd_ipd_irs_s600_bom_dd,ds_rd_rw,DROP,,sap600bom骞抽摵琛?
dwd,dwd_ipd_irs_s700900_bom_cp_pt_dd,ds_rd_rw,SELECT,,S700900鐨刡om浜у搧鍨嬪彿鍜屽钩鍙扮殑鍏崇郴琛?
dwd,dwd_ipd_irs_s700900_bom_cp_pt_dd,ds_rd_rw,INSERT,,S700900鐨刡om浜у搧鍨嬪彿鍜屽钩鍙扮殑鍏崇郴琛?
dwd,dwd_ipd_irs_s700900_bom_cp_pt_dd,ds_rd_rw,DROP,,S700900鐨刡om浜у搧鍨嬪彿鍜屽钩鍙扮殑鍏崇郴琛?
dwd,dwd_ipd_irs_s700_bom_dd,ds_rd_rw,SELECT,,sap700bom骞抽摵琛?
dwd,dwd_ipd_irs_s700_bom_dd,ds_rd_rw,INSERT,,sap700bom骞抽摵琛?
dwd,dwd_ipd_irs_s700_bom_dd,ds_rd_rw,DROP,,sap700bom骞抽摵琛?
dwd,dwd_ipd_irs_s800_bom_dd,ds_rd_rw,SELECT,,sap800bom骞抽摵琛?
dwd,dwd_ipd_irs_s800_bom_dd,ds_rd_rw,INSERT,,sap800bom骞抽摵琛?
dwd,dwd_ipd_irs_s800_bom_dd,ds_rd_rw,DROP,,sap800bom骞抽摵琛?
dwd,dwd_ipd_irs_s900_bom_cp_pt_dd,ds_rd_rw,SELECT,,S900鐨刡om浜у搧鍨嬪彿鍜屽钩鍙扮殑鍏崇郴琛?
dwd,dwd_ipd_irs_s900_bom_cp_pt_dd,ds_rd_rw,INSERT,,S900鐨刡om浜у搧鍨嬪彿鍜屽钩鍙扮殑鍏崇郴琛?
dwd,dwd_ipd_irs_s900_bom_cp_pt_dd,ds_rd_rw,DROP,,S900鐨刡om浜у搧鍨嬪彿鍜屽钩鍙扮殑鍏崇郴琛?
dwd,dwd_ipd_irs_s900_bom_dd,ds_rd_rw,SELECT,,sap900bom骞抽摵琛?
dwd,dwd_ipd_irs_s900_bom_dd,ds_rd_rw,INSERT,,sap900bom骞抽摵琛?
dwd,dwd_ipd_irs_s900_bom_dd,ds_rd_rw,DROP,,sap900bom骞抽摵琛?
dwd,dwd_ipd_irs_spare_parts_list_dd,ds_rd_rw,SELECT,,澶囦欢娓呭崟琛?
dwd,dwd_ipd_irs_spare_parts_list_dd,ds_rd_rw,INSERT,,澶囦欢娓呭崟琛?
dwd,dwd_ipd_irs_spare_parts_list_dd,ds_rd_rw,DROP,,澶囦欢娓呭崟琛?
dwd,dwd_ipd_irs_standard_dd,ds_rd_rw,SELECT,,鏍囧噯鎻愭涓庢爣鍑嗛噰绾虫槑缁?
dwd,dwd_ipd_irs_standard_dd,ds_rd_rw,INSERT,,鏍囧噯鎻愭涓庢爣鍑嗛噰绾虫槑缁?
dwd,dwd_ipd_irs_standard_dd,ds_rd_rw,DROP,,鏍囧噯鎻愭涓庢爣鍑嗛噰绾虫槑缁?
dwd,dwd_ipd_irs_tv_his_changekanban_dd,ds_rd_rw,SELECT,,鍙樻洿绠＄悊妯″潡鐪嬫澘
dwd,dwd_ipd_irs_tv_his_changekanban_dd,ds_rd_rw,INSERT,,鍙樻洿绠＄悊妯″潡鐪嬫澘
dwd,dwd_ipd_irs_tv_his_changekanban_dd,ds_rd_rw,DROP,,鍙樻洿绠＄悊妯″潡鐪嬫澘
dwd,dwd_ipd_irs_tv_his_orderdetail_dd,ds_rd_rw,SELECT,,璁㈠崟绠＄悊鈥斺€旇鍗曟槑缁嗚〃
dwd,dwd_ipd_irs_tv_his_orderdetail_dd,ds_rd_rw,INSERT,,璁㈠崟绠＄悊鈥斺€旇鍗曟槑缁嗚〃
dwd,dwd_ipd_irs_tv_his_orderdetail_dd,ds_rd_rw,DROP,,璁㈠崟绠＄悊鈥斺€旇鍗曟槑缁嗚〃
dwd,dwd_ipd_irs_tv_his_orderdetail_zb_dd,ds_rd_rw,SELECT,,璁㈠崟绠＄悊鈥斺€旇鍗曟槑缁嗚〃-鍛ㄦ姤鎺ㄩ€?
dwd,dwd_ipd_irs_tv_his_orderdetail_zb_dd,ds_rd_rw,INSERT,,璁㈠崟绠＄悊鈥斺€旇鍗曟槑缁嗚〃-鍛ㄦ姤鎺ㄩ€?
dwd,dwd_ipd_irs_tv_his_orderdetail_zb_dd,ds_rd_rw,DROP,,璁㈠崟绠＄悊鈥斺€旇鍗曟槑缁嗚〃-鍛ㄦ姤鎺ㄩ€?
dwd,dwd_ipd_irs_tv_his_rjcs_psj_dtl_dd,ds_rd_rw,SELECT,,娲剧敓鏈哄钩鍧囨祴璇曠増鏈暟鏄庣粏琛?
dwd,dwd_ipd_irs_tv_his_rjcs_psj_dtl_dd,ds_rd_rw,INSERT,,娲剧敓鏈哄钩鍧囨祴璇曠増鏈暟鏄庣粏琛?
dwd,dwd_ipd_irs_tv_his_rjcs_psj_dtl_dd,ds_rd_rw,DROP,,娲剧敓鏈哄钩鍧囨祴璇曠増鏈暟鏄庣粏琛?
dwd,dwd_ipd_irs_tv_his_rjcs_yjslqst_dd,ds_rd_rw,SELECT,,杞欢娴嬭瘯鈥斺€旀牱鏈烘暟閲忚秼鍔垮浘
dwd,dwd_ipd_irs_tv_his_rjcs_yjslqst_dd,ds_rd_rw,INSERT,,杞欢娴嬭瘯鈥斺€旀牱鏈烘暟閲忚秼鍔垮浘
dwd,dwd_ipd_irs_tv_his_rjcs_yjslqst_dd,ds_rd_rw,DROP,,杞欢娴嬭瘯鈥斺€旀牱鏈烘暟閲忚秼鍔垮浘
dwd,dwd_ipd_irs_tv_his_rjcs_ysxm_dtl_dd,ds_rd_rw,SELECT,,杞欢娴嬭瘯鈥斺€斿簲甯傞」鐩秼鍔垮浘鏄庣粏琛?
dwd,dwd_ipd_irs_tv_his_rjcs_ysxm_dtl_dd,ds_rd_rw,INSERT,,杞欢娴嬭瘯鈥斺€斿簲甯傞」鐩秼鍔垮浘鏄庣粏琛?
dwd,dwd_ipd_irs_tv_his_rjcs_ysxm_dtl_dd,ds_rd_rw,DROP,,杞欢娴嬭瘯鈥斺€斿簲甯傞」鐩秼鍔垮浘鏄庣粏琛?
dwd,dwd_ipd_irs_tv_his_rjmkghkb_dd,ds_rd_rw,SELECT,,杞欢妯″潡瑙勫垝鐪嬫澘
dwd,dwd_ipd_irs_tv_his_rjmkghkb_dd,ds_rd_rw,INSERT,,杞欢妯″潡瑙勫垝鐪嬫澘
dwd,dwd_ipd_irs_tv_his_rjmkghkb_dd,ds_rd_rw,DROP,,杞欢妯″潡瑙勫垝鐪嬫澘
dwd,dwd_ipd_irs_tv_his_xmdqjd_dd,ds_rd_rw,SELECT,,椤圭洰褰撳墠闃舵琛?
dwd,dwd_ipd_irs_tv_his_xmdqjd_dd,ds_rd_rw,INSERT,,椤圭洰褰撳墠闃舵琛?
dwd,dwd_ipd_irs_tv_his_xmdqjd_dd,ds_rd_rw,DROP,,椤圭洰褰撳墠闃舵琛?
dwd,dwd_ipd_irs_tv_tf_his_zyxmqd_dd,ds_rd_rw,SELECT,,鍦ㄧ爺椤圭洰娓呭崟琛?
dwd,dwd_ipd_irs_tv_tf_his_zyxmqd_dd,ds_rd_rw,INSERT,,鍦ㄧ爺椤圭洰娓呭崟琛?
dwd,dwd_ipd_irs_tv_tf_his_zyxmqd_dd,ds_rd_rw,DROP,,鍦ㄧ爺椤圭洰娓呭崟琛?
dwd,dwd_ipd_irs_tywl_parts_basic_dd,ds_rd_rw,SELECT,,鍚勫叕鍙搁浂浠跺熀鏈〃(鍖归厤涓撲笟 涓撲笟鍒嗙粍)
dwd,dwd_ipd_irs_tywl_parts_basic_dd,ds_rd_rw,INSERT,,鍚勫叕鍙搁浂浠跺熀鏈〃(鍖归厤涓撲笟 涓撲笟鍒嗙粍)
dwd,dwd_ipd_irs_tywl_parts_basic_dd,ds_rd_rw,DROP,,鍚勫叕鍙搁浂浠跺熀鏈〃(鍖归厤涓撲笟 涓撲笟鍒嗙粍)
dwd,dwd_ipd_irs_zdy_blbt_dd,ds_rd_rw,SELECT,,閫氱敤鐗╂枡瑙勬牸鍖栫郴鍒楀寲鍐板喎鑷畾涔夎〃澶?
dwd,dwd_ipd_irs_zdy_blbt_dd,ds_rd_rw,INSERT,,閫氱敤鐗╂枡瑙勬牸鍖栫郴鍒楀寲鍐板喎鑷畾涔夎〃澶?
dwd,dwd_ipd_irs_zdy_blbt_dd,ds_rd_rw,DROP,,閫氱敤鐗╂枡瑙勬牸鍖栫郴鍒楀寲鍐板喎鑷畾涔夎〃澶?
dwd,dwd_ipd_irs_zdy_kqbty_dd,ds_rd_rw,SELECT,,閫氱敤鐗╂枡瑙勬牸鍖栫郴鍒楀寲绌烘皵鑷畾涔夎〃澶?
dwd,dwd_ipd_irs_zdy_kqbty_dd,ds_rd_rw,INSERT,,閫氱敤鐗╂枡瑙勬牸鍖栫郴鍒楀寲绌烘皵鑷畾涔夎〃澶?
dwd,dwd_ipd_irs_zdy_kqbty_dd,ds_rd_rw,DROP,,閫氱敤鐗╂枡瑙勬牸鍖栫郴鍒楀寲绌烘皵鑷畾涔夎〃澶?
dwd,dwd_ipd_irs_zdy_slbt_dd,ds_rd_rw,SELECT,,閫氱敤鐗╂枡瑙勬牸鍖栫郴鍒楀寲鍟嗗喎鑷畾涔夎〃澶?
dwd,dwd_ipd_irs_zdy_slbt_dd,ds_rd_rw,INSERT,,閫氱敤鐗╂枡瑙勬牸鍖栫郴鍒楀寲鍟嗗喎鑷畾涔夎〃澶?
dwd,dwd_ipd_irs_zdy_slbt_dd,ds_rd_rw,DROP,,閫氱敤鐗╂枡瑙勬牸鍖栫郴鍒楀寲鍟嗗喎鑷畾涔夎〃澶?
dwd,dwd_ipd_irs_zdy_sxkjbt_dd,ds_rd_rw,SELECT,,閫氱敤鐗╂枡瑙勬牸鍖栫郴鍒楀寲瑙嗗儚绉戞妧鑷畾涔夎〃澶?
dwd,dwd_ipd_irs_zdy_sxkjbt_dd,ds_rd_rw,INSERT,,閫氱敤鐗╂枡瑙勬牸鍖栫郴鍒楀寲瑙嗗儚绉戞妧鑷畾涔夎〃澶?
dwd,dwd_ipd_irs_zdy_sxkjbt_dd,ds_rd_rw,DROP,,閫氱敤鐗╂枡瑙勬牸鍖栫郴鍒楀寲瑙嗗儚绉戞妧鑷畾涔夎〃澶?
dwd,dwd_ipd_irs_zdy_xyjbt_dd,ds_rd_rw,SELECT,,閫氱敤鐗╂枡瑙勬牸鍖栫郴鍒楀寲娲楄。鏈鸿嚜瀹氫箟琛ㄥご
dwd,dwd_ipd_irs_zdy_xyjbt_dd,ds_rd_rw,INSERT,,閫氱敤鐗╂枡瑙勬牸鍖栫郴鍒楀寲娲楄。鏈鸿嚜瀹氫箟琛ㄥご
dwd,dwd_ipd_irs_zdy_xyjbt_dd,ds_rd_rw,DROP,,閫氱敤鐗╂枡瑙勬牸鍖栫郴鍒楀寲娲楄。鏈鸿嚜瀹氫箟琛ㄥご
dwd,dwd_ipd_itd_project_information_md,ds_rd_rw,SELECT,,椤圭洰淇℃伅鏄庣粏琛?
dwd,dwd_ipd_itd_project_information_md,ds_rd_rw,INSERT,,椤圭洰淇℃伅鏄庣粏琛?
dwd,dwd_ipd_itd_project_information_md,ds_rd_rw,DROP,,椤圭洰淇℃伅鏄庣粏琛?
dwd,dwd_mrc_ipm_patent_details_notice_dd,ds_rd_rw,SELECT,,涓撳埄鏄庣粏琛ㄥ惈鍏憡鏃?
dwd,dwd_mrc_ipm_patent_details_notice_dd,ds_rd_rw,INSERT,,涓撳埄鏄庣粏琛ㄥ惈鍏憡鏃?
dwd,dwd_mrc_ipm_patent_details_notice_dd,ds_rd_rw,DROP,,涓撳埄鏄庣粏琛ㄥ惈鍏憡鏃?
dws,dws_fi_mr_bxp_dklmx_di,ds_rd_rw,SELECT,,鍐扮-澶у簱榫勬槑缁?
dws,dws_fi_mr_bxp_yxccpmx_all_di,ds_rd_rw,SELECT,,鍐扮-钀ラ攢浜ф垚鍝佹槑缁?
dws,dws_ipd_ipm_add_reduce_detail_dd,ds_rd_rw,SELECT,,鐮斿彂鎸囨爣鏂板缂╁噺鏄庣粏
dws,dws_ipd_ipm_add_reduce_detail_dd,ds_rd_rw,INSERT,,鐮斿彂鎸囨爣鏂板缂╁噺鏄庣粏
dws,dws_ipd_ipm_add_reduce_detail_dd,ds_rd_rw,DROP,,鐮斿彂鎸囨爣鏂板缂╁噺鏄庣粏
dws,dws_ipd_ipm_cbg_model_detail_dd,ds_rd_rw,SELECT,,鍐呴攢鍦ㄩ攢-鍦ㄤ骇-閿€閲忔槑缁嗚〃
dws,dws_ipd_ipm_cbg_model_detail_dd,ds_rd_rw,INSERT,,鍐呴攢鍦ㄩ攢-鍦ㄤ骇-閿€閲忔槑缁嗚〃
dws,dws_ipd_ipm_cbg_model_detail_dd,ds_rd_rw,DROP,,鍐呴攢鍦ㄩ攢-鍦ㄤ骇-閿€閲忔槑缁嗚〃
dws,dws_ipd_ipm_development_cycle_detail_dd,ds_rd_rw,SELECT,,椤圭洰寮€鍙戝懆鏈熸槑缁嗚〃
dws,dws_ipd_ipm_development_cycle_detail_dd,ds_rd_rw,INSERT,,椤圭洰寮€鍙戝懆鏈熸槑缁嗚〃
dws,dws_ipd_ipm_development_cycle_detail_dd,ds_rd_rw,DROP,,椤圭洰寮€鍙戝懆鏈熸槑缁嗚〃
dws,dws_ipd_ipm_dptxl_detail_dd,ds_rd_rw,SELECT,,鍗曞钩鍙伴攢閲忔槑缁嗚〃
dws,dws_ipd_ipm_dptxl_detail_dd,ds_rd_rw,INSERT,,鍗曞钩鍙伴攢閲忔槑缁嗚〃
dws,dws_ipd_ipm_dptxl_detail_dd,ds_rd_rw,DROP,,鍗曞钩鍙伴攢閲忔槑缁嗚〃
dws,dws_ipd_ipm_dxhxl_detail_dd,ds_rd_rw,SELECT,,"鍗曞瀷鍙烽攢閲忔槑缁嗚〃
"
dws,dws_ipd_ipm_dxhxl_detail_dd,ds_rd_rw,INSERT,,"鍗曞瀷鍙烽攢閲忔槑缁嗚〃
"
dws,dws_ipd_ipm_dxhxl_detail_dd,ds_rd_rw,DROP,,"鍗曞瀷鍙烽攢閲忔槑缁嗚〃
"
dws,dws_ipd_ipm_dxmodel_detail_dd,ds_rd_rw,SELECT,,"浣庢晥鍨嬪彿鏄庣粏琛?"
dws,dws_ipd_ipm_dxmodel_detail_dd,ds_rd_rw,INSERT,,"浣庢晥鍨嬪彿鏄庣粏琛?"
dws,dws_ipd_ipm_dxmodel_detail_dd,ds_rd_rw,DROP,,"浣庢晥鍨嬪彿鏄庣粏琛?"
dws,dws_ipd_ipm_dxmodel_kanban_qipaotu_detail_dd,ds_rd_rw,SELECT,,鏁堢巼棰勮鐪嬫澘(姘旀场鍥?鏄庣粏
dws,dws_ipd_ipm_dxmodel_kanban_qipaotu_detail_dd,ds_rd_rw,INSERT,,鏁堢巼棰勮鐪嬫澘(姘旀场鍥?鏄庣粏
dws,dws_ipd_ipm_dxmodel_kanban_qipaotu_detail_dd,ds_rd_rw,DROP,,鏁堢巼棰勮鐪嬫澘(姘旀场鍥?鏄庣粏
dws,dws_ipd_ipm_gptl_detail_dd,ds_rd_rw,SELECT,,"鍏卞钩鍙扮巼鏄庣粏琛?"
dws,dws_ipd_ipm_gptl_detail_dd,ds_rd_rw,INSERT,,"鍏卞钩鍙扮巼鏄庣粏琛?"
dws,dws_ipd_ipm_gptl_detail_dd,ds_rd_rw,DROP,,"鍏卞钩鍙扮巼鏄庣粏琛?"
dws,dws_ipd_ipm_ljl_model_dd,ds_rd_rw,SELECT,,閲忎环鍒╁瀷鍙蜂俊鎭〃
dws,dws_ipd_ipm_ljl_model_dd,ds_rd_rw,INSERT,,閲忎环鍒╁瀷鍙蜂俊鎭〃
dws,dws_ipd_ipm_ljl_model_dd,ds_rd_rw,DROP,,閲忎环鍒╁瀷鍙蜂俊鎭〃
dws,dws_ipd_ipm_platform_detail_dd,ds_rd_rw,SELECT,,浜у搧骞冲彴鏁版槑缁嗚〃
dws,dws_ipd_ipm_platform_detail_dd,ds_rd_rw,INSERT,,浜у搧骞冲彴鏁版槑缁嗚〃
dws,dws_ipd_ipm_platform_detail_dd,ds_rd_rw,DROP,,浜у搧骞冲彴鏁版槑缁嗚〃
dws,dws_ipd_ipm_platform_library_detail_dd,ds_rd_rw,SELECT,,骞冲彴搴撳钩鍙版槑缁嗚〃
dws,dws_ipd_ipm_platform_library_detail_dd,ds_rd_rw,INSERT,,骞冲彴搴撳钩鍙版槑缁嗚〃
dws,dws_ipd_ipm_platform_library_detail_dd,ds_rd_rw,DROP,,骞冲彴搴撳钩鍙版槑缁嗚〃
dws,dws_ipd_ipm_product_delivery_detail_dd,ds_rd_rw,SELECT,,浜у搧鍙婃椂浜や粯鐜囨槑缁嗚〃
dws,dws_ipd_ipm_product_delivery_detail_dd,ds_rd_rw,INSERT,,浜у搧鍙婃椂浜や粯鐜囨槑缁嗚〃
dws,dws_ipd_ipm_product_delivery_detail_dd,ds_rd_rw,DROP,,浜у搧鍙婃椂浜や粯鐜囨槑缁嗚〃
dws,dws_ipd_ipm_rdkpi_tf_project_lbx_twdetail_dd,ds_rd_rw,SELECT,,椤圭洰浜岀骇鐪嬫澘鏄庣粏琛?
dws,dws_ipd_ipm_rdkpi_tf_project_lbx_twdetail_dd,ds_rd_rw,INSERT,,椤圭洰浜岀骇鐪嬫澘鏄庣粏琛?
dws,dws_ipd_ipm_rdkpi_tf_project_lbx_twdetail_dd,ds_rd_rw,DROP,,椤圭洰浜岀骇鐪嬫澘鏄庣粏琛?
dws,dws_ipd_ipm_sale_model_detail_dd,ds_rd_rw,SELECT,,鍦ㄩ攢鍨嬪彿鏁版槑缁嗚〃
dws,dws_ipd_ipm_sale_model_detail_dd,ds_rd_rw,INSERT,,鍦ㄩ攢鍨嬪彿鏁版槑缁嗚〃
dws,dws_ipd_ipm_sale_model_detail_dd,ds_rd_rw,DROP,,鍦ㄩ攢鍨嬪彿鏁版槑缁嗚〃
dws,dws_ipd_ipm_salemodelid_dd,ds_rd_rw,SELECT,,"鍦ㄩ攢鍨嬪彿鏁伴攢鍞瀷鍙风紪鐮佹槑缁嗚〃
"
dws,dws_ipd_ipm_salemodelid_dd,ds_rd_rw,INSERT,,"鍦ㄩ攢鍨嬪彿鏁伴攢鍞瀷鍙风紪鐮佹槑缁嗚〃
"
dws,dws_ipd_ipm_salemodelid_dd,ds_rd_rw,DROP,,"鍦ㄩ攢鍨嬪彿鏁伴攢鍞瀷鍙风紪鐮佹槑缁嗚〃
"
dws,dws_ipd_ipm_sales_detail_mid_dd,ds_rd_rw,SELECT,,"閿€閲忔暟鎹繃搴﹁〃
"
dws,dws_ipd_ipm_sales_detail_mid_dd,ds_rd_rw,INSERT,,"閿€閲忔暟鎹繃搴﹁〃
"
dws,dws_ipd_ipm_sales_detail_mid_dd,ds_rd_rw,DROP,,"閿€閲忔暟鎹繃搴﹁〃
"
dws,dws_ipd_ipm_trzstgl_detail_dd,ds_rd_rw,SELECT,,椤圭洰鍑嗘椂閫氳繃鐜囨槑缁嗚〃
dws,dws_ipd_ipm_trzstgl_detail_dd,ds_rd_rw,INSERT,,椤圭洰鍑嗘椂閫氳繃鐜囨槑缁嗚〃
dws,dws_ipd_ipm_trzstgl_detail_dd,ds_rd_rw,DROP,,椤圭洰鍑嗘椂閫氳繃鐜囨槑缁嗚〃
dws,dws_ipd_ipm_zcmodel_detail_dd,ds_rd_rw,SELECT,,鍦ㄤ骇鍨嬪彿鏁版槑缁嗚〃
dws,dws_ipd_ipm_zcmodel_detail_dd,ds_rd_rw,INSERT,,鍦ㄤ骇鍨嬪彿鏁版槑缁嗚〃
dws,dws_ipd_ipm_zcmodel_detail_dd,ds_rd_rw,DROP,,鍦ㄤ骇鍨嬪彿鏁版槑缁嗚〃
dws,dws_ipd_ipm_zcproductionversion_dd,ds_rd_rw,SELECT,,鍦ㄤ骇鍨嬪彿鏁扮敓浜х増鏈槑缁嗚〃
dws,dws_ipd_ipm_zcproductionversion_dd,ds_rd_rw,INSERT,,鍦ㄤ骇鍨嬪彿鏁扮敓浜х増鏈槑缁嗚〃
dws,dws_ipd_ipm_zcproductionversion_dd,ds_rd_rw,DROP,,鍦ㄤ骇鍨嬪彿鏁扮敓浜х増鏈槑缁嗚〃
dws,dws_ipd_irm_hisense_raw_requirement_dd,ds_rd_rw,SELECT,,鍘熷闇€姹傝浆鍖栬〃
dws,dws_ipd_irm_hisense_raw_requirement_dd,ds_rd_rw,INSERT,,鍘熷闇€姹傝浆鍖栬〃
dws,dws_ipd_irm_hisense_raw_requirement_dd,ds_rd_rw,DROP,,鍘熷闇€姹傝浆鍖栬〃
dws,dws_ipd_irm_hisense_requirement_project_dd,ds_rd_rw,SELECT,,闇€姹傚拰椤圭洰鍏崇郴琛?
dws,dws_ipd_irm_hisense_requirement_project_dd,ds_rd_rw,INSERT,,闇€姹傚拰椤圭洰鍏崇郴琛?
dws,dws_ipd_irm_hisense_requirement_project_dd,ds_rd_rw,DROP,,闇€姹傚拰椤圭洰鍏崇郴琛?
dws,dws_ipd_irs_cgl_dd,ds_rd_rw,SELECT,,閲囪喘閲忎俊鎭〃
dws,dws_ipd_irs_cgl_dd,ds_rd_rw,INSERT,,閲囪喘閲忎俊鎭〃
dws,dws_ipd_irs_cgl_dd,ds_rd_rw,DROP,,閲囪喘閲忎俊鎭〃
dws,dws_ipd_irs_cosdown_results_plhz_dd,ds_rd_rw,SELECT,,鍝佺被灞傚姞宸ユ眹鎬昏〃
dws,dws_ipd_irs_cosdown_results_plhz_dd,ds_rd_rw,INSERT,,鍝佺被灞傚姞宸ユ眹鎬昏〃
dws,dws_ipd_irs_cosdown_results_plhz_dd,ds_rd_rw,DROP,,鍝佺被灞傚姞宸ユ眹鎬昏〃
dws,dws_ipd_irs_jgsjbghxqchange_detail_dd,ds_rd_rw,SELECT,,婵€鍏夎璁″彉鏇村悗闇€姹傚彉鏇撮」鐩暟
dws,dws_ipd_irs_jgsjbghxqchange_detail_dd,ds_rd_rw,INSERT,,婵€鍏夎璁″彉鏇村悗闇€姹傚彉鏇撮」鐩暟
dws,dws_ipd_irs_jgsjbghxqchange_detail_dd,ds_rd_rw,DROP,,婵€鍏夎璁″彉鏇村悗闇€姹傚彉鏇撮」鐩暟
dws,dws_ipd_irs_product_cost_dd,ds_rd_rw,SELECT,,浜у搧鎴愭湰杈炬爣鏄庣粏琛?
dws,dws_ipd_irs_product_cost_dd,ds_rd_rw,INSERT,,浜у搧鎴愭湰杈炬爣鏄庣粏琛?
dws,dws_ipd_irs_product_cost_dd,ds_rd_rw,DROP,,浜у搧鎴愭湰杈炬爣鏄庣粏琛?
dws,dws_ipd_irs_project_lcb_pdetail_dd,ds_rd_rw,SELECT,,椤圭洰鍛ㄦ湡閲岀▼纰戝垎闃舵鏄庣粏琛?
dws,dws_ipd_irs_project_lcb_pdetail_dd,ds_rd_rw,INSERT,,椤圭洰鍛ㄦ湡閲岀▼纰戝垎闃舵鏄庣粏琛?
dws,dws_ipd_irs_project_lcb_pdetail_dd,ds_rd_rw,DROP,,椤圭洰鍛ㄦ湡閲岀▼纰戝垎闃舵鏄庣粏琛?
dws,dws_ipd_irs_tv_his_ordertaskqty_dd,ds_rd_rw,SELECT,,璁㈠崟浠诲姟閲忕粺璁?
dws,dws_ipd_irs_tv_his_ordertaskqty_dd,ds_rd_rw,INSERT,,璁㈠崟浠诲姟閲忕粺璁?
dws,dws_ipd_irs_tv_his_ordertaskqty_dd,ds_rd_rw,DROP,,璁㈠崟浠诲姟閲忕粺璁?
dws,dws_ipd_irs_tywl_cgklcjwlk_detail_dd,ds_rd_rw,SELECT,,閲囪喘搴撻噺浜т欢鐗╂枡搴撴槑缁?
dws,dws_ipd_irs_tywl_cgklcjwlk_detail_dd,ds_rd_rw,INSERT,,閲囪喘搴撻噺浜т欢鐗╂枡搴撴槑缁?
dws,dws_ipd_irs_tywl_cgklcjwlk_detail_dd,ds_rd_rw,DROP,,閲囪喘搴撻噺浜т欢鐗╂枡搴撴槑缁?
dws,dws_ipd_irs_tywl_cgkzybjwlk_detail_dd,ds_rd_rw,SELECT,,閲囪喘搴撲笓鐢ㄥ浠剁墿鏂欏簱鏄庣粏
dws,dws_ipd_irs_tywl_cgkzybjwlk_detail_dd,ds_rd_rw,INSERT,,閲囪喘搴撲笓鐢ㄥ浠剁墿鏂欏簱鏄庣粏
dws,dws_ipd_irs_tywl_cgkzybjwlk_detail_dd,ds_rd_rw,DROP,,閲囪喘搴撲笓鐢ㄥ浠剁墿鏂欏簱鏄庣粏
dws,dws_ipd_irs_tywl_cgwlk_detail_dd,ds_rd_rw,SELECT,,閲囪喘鐗╂枡搴撴槑缁?
dws,dws_ipd_irs_tywl_cgwlk_detail_dd,ds_rd_rw,INSERT,,閲囪喘鐗╂枡搴撴槑缁?
dws,dws_ipd_irs_tywl_cgwlk_detail_dd,ds_rd_rw,DROP,,閲囪喘鐗╂枡搴撴槑缁?
dws,dws_ipd_irs_tywl_cgwlk_sxkj_detail_dd,ds_rd_rw,SELECT,,閲囪喘鐗╂枡搴撹鍍忕鎶€鏄庣粏
dws,dws_ipd_irs_tywl_cgwlk_sxkj_detail_dd,ds_rd_rw,INSERT,,閲囪喘鐗╂枡搴撹鍍忕鎶€鏄庣粏
dws,dws_ipd_irs_tywl_cgwlk_sxkj_detail_dd,ds_rd_rw,DROP,,閲囪喘鐗╂枡搴撹鍍忕鎶€鏄庣粏
dws,dws_ipd_irs_tywl_cgwlkx_detail_dd,ds_rd_rw,SELECT,,閲囪喘鐗╂枡搴撴柊鏄庣粏
dws,dws_ipd_irs_tywl_cgwlkx_detail_dd,ds_rd_rw,INSERT,,閲囪喘鐗╂枡搴撴柊鏄庣粏
dws,dws_ipd_irs_tywl_cgwlkx_detail_dd,ds_rd_rw,DROP,,閲囪喘鐗╂枡搴撴柊鏄庣粏
dws,dws_ipd_irs_tywl_detail_dd,ds_rd_rw,SELECT,,鐗╂枡搴撴槑缁?
dws,dws_ipd_irs_tywl_detail_dd,ds_rd_rw,INSERT,,鐗╂枡搴撴槑缁?
dws,dws_ipd_irs_tywl_detail_dd,ds_rd_rw,DROP,,鐗╂枡搴撴槑缁?
dws,dws_ipd_irs_tywl_fszb_bl_detail_dd,ds_rd_rw,SELECT,,鐗╂枡搴撻檮灞炴寚鏍?鏂板鍑忓皯)鏄庣粏鍐板喎
dws,dws_ipd_irs_tywl_fszb_bl_detail_dd,ds_rd_rw,INSERT,,鐗╂枡搴撻檮灞炴寚鏍?鏂板鍑忓皯)鏄庣粏鍐板喎
dws,dws_ipd_irs_tywl_fszb_bl_detail_dd,ds_rd_rw,DROP,,鐗╂枡搴撻檮灞炴寚鏍?鏂板鍑忓皯)鏄庣粏鍐板喎
dws,dws_ipd_irs_tywl_fszb_detail_dd,ds_rd_rw,SELECT,,鐗╂枡搴撻檮灞炴寚鏍?鏂板鍑忓皯)鏄庣粏
dws,dws_ipd_irs_tywl_fszb_detail_dd,ds_rd_rw,INSERT,,鐗╂枡搴撻檮灞炴寚鏍?鏂板鍑忓皯)鏄庣粏
dws,dws_ipd_irs_tywl_fszb_detail_dd,ds_rd_rw,DROP,,鐗╂枡搴撻檮灞炴寚鏍?鏂板鍑忓皯)鏄庣粏
dws,dws_ipd_irs_tywl_plwlk_detail_dd,ds_rd_rw,SELECT,,鍝佺被鐗╂枡搴撴槑缁?
dws,dws_ipd_irs_tywl_plwlk_detail_dd,ds_rd_rw,INSERT,,鍝佺被鐗╂枡搴撴槑缁?
dws,dws_ipd_irs_tywl_plwlk_detail_dd,ds_rd_rw,DROP,,鍝佺被鐗╂枡搴撴槑缁?
dws,dws_ipd_irs_tywl_plzbk_cgk_detail_dd,ds_rd_rw,SELECT,,鍝佺被鎸囨爣搴撻噰璐簱鏄庣粏
dws,dws_ipd_irs_tywl_plzbk_cgk_detail_dd,ds_rd_rw,INSERT,,鍝佺被鎸囨爣搴撻噰璐簱鏄庣粏
dws,dws_ipd_irs_tywl_plzbk_cgk_detail_dd,ds_rd_rw,DROP,,鍝佺被鎸囨爣搴撻噰璐簱鏄庣粏
dws,dws_ipd_irs_tywl_plzbk_detail_dd,ds_rd_rw,SELECT,,鍝佺被鎸囨爣搴撴槑缁?
dws,dws_ipd_irs_tywl_plzbk_detail_dd,ds_rd_rw,INSERT,,鍝佺被鎸囨爣搴撴槑缁?
dws,dws_ipd_irs_tywl_plzbk_detail_dd,ds_rd_rw,DROP,,鍝佺被鎸囨爣搴撴槑缁?
dws,dws_ipd_irs_tywl_plzbk_zzk_detail_dd,ds_rd_rw,SELECT,,鍝佺被鎸囨爣搴撹嚜鍒跺簱鏄庣粏
dws,dws_ipd_irs_tywl_plzbk_zzk_detail_dd,ds_rd_rw,INSERT,,鍝佺被鎸囨爣搴撹嚜鍒跺簱鏄庣粏
dws,dws_ipd_irs_tywl_plzbk_zzk_detail_dd,ds_rd_rw,DROP,,鍝佺被鎸囨爣搴撹嚜鍒跺簱鏄庣粏
dws,dws_ipd_irs_tywl_plzbkx_detail_dd,ds_rd_rw,SELECT,,鍝佺被鎸囨爣搴撴柊鏄庣粏
dws,dws_ipd_irs_tywl_plzbkx_detail_dd,ds_rd_rw,INSERT,,鍝佺被鎸囨爣搴撴柊鏄庣粏
dws,dws_ipd_irs_tywl_plzbkx_detail_dd,ds_rd_rw,DROP,,鍝佺被鎸囨爣搴撴柊鏄庣粏
dws,dws_ipd_irs_tywl_tier_cgklcjwlk_detail_dd,ds_rd_rw,SELECT,,澶磋叞灏剧墿鏂欐槑缁嗕笉鍒嗗伐鍘傞噰璐簱閲忎骇浠剁墿鏂欒〃
dws,dws_ipd_irs_tywl_tier_cgklcjwlk_detail_dd,ds_rd_rw,INSERT,,澶磋叞灏剧墿鏂欐槑缁嗕笉鍒嗗伐鍘傞噰璐簱閲忎骇浠剁墿鏂欒〃
dws,dws_ipd_irs_tywl_tier_cgklcjwlk_detail_dd,ds_rd_rw,DROP,,澶磋叞灏剧墿鏂欐槑缁嗕笉鍒嗗伐鍘傞噰璐簱閲忎骇浠剁墿鏂欒〃
dws,dws_ipd_irs_tywl_tier_cgkzybjwlk_detail_dd,ds_rd_rw,SELECT,,澶磋叞灏剧墿鏂欐槑缁嗕笉鍒嗗伐鍘傞噰璐簱涓撶敤澶囦欢鐗╂枡琛?
dws,dws_ipd_irs_tywl_tier_cgkzybjwlk_detail_dd,ds_rd_rw,INSERT,,澶磋叞灏剧墿鏂欐槑缁嗕笉鍒嗗伐鍘傞噰璐簱涓撶敤澶囦欢鐗╂枡琛?
dws,dws_ipd_irs_tywl_tier_cgkzybjwlk_detail_dd,ds_rd_rw,DROP,,澶磋叞灏剧墿鏂欐槑缁嗕笉鍒嗗伐鍘傞噰璐簱涓撶敤澶囦欢鐗╂枡琛?
dws,dws_ipd_irs_tywl_tier_cgwlk_detail_dd,ds_rd_rw,SELECT,,澶磋叞灏剧墿鏂欐槑缁嗕笉鍒嗗伐鍘傞噰璐墿鏂欏簱
dws,dws_ipd_irs_tywl_tier_cgwlk_detail_dd,ds_rd_rw,INSERT,,澶磋叞灏剧墿鏂欐槑缁嗕笉鍒嗗伐鍘傞噰璐墿鏂欏簱
dws,dws_ipd_irs_tywl_tier_cgwlk_detail_dd,ds_rd_rw,DROP,,澶磋叞灏剧墿鏂欐槑缁嗕笉鍒嗗伐鍘傞噰璐墿鏂欏簱
dws,dws_ipd_irs_tywl_tier_plzbk_cgk_detail_dd,ds_rd_rw,SELECT,,澶磋叞灏剧墿鏂欐槑缁嗕笉鍒嗗伐鍘傚搧绫绘寚鏍囧簱閲囪喘搴?
dws,dws_ipd_irs_tywl_tier_plzbk_cgk_detail_dd,ds_rd_rw,INSERT,,澶磋叞灏剧墿鏂欐槑缁嗕笉鍒嗗伐鍘傚搧绫绘寚鏍囧簱閲囪喘搴?
dws,dws_ipd_irs_tywl_tier_plzbk_cgk_detail_dd,ds_rd_rw,DROP,,澶磋叞灏剧墿鏂欐槑缁嗕笉鍒嗗伐鍘傚搧绫绘寚鏍囧簱閲囪喘搴?
dws,dws_ipd_irs_tywl_tier_plzbk_detail_dd,ds_rd_rw,SELECT,,澶磋叞灏剧墿鏂欐槑缁嗕笉鍒嗗伐鍘傚搧绫绘寚鏍囧簱
dws,dws_ipd_irs_tywl_tier_plzbk_detail_dd,ds_rd_rw,INSERT,,澶磋叞灏剧墿鏂欐槑缁嗕笉鍒嗗伐鍘傚搧绫绘寚鏍囧簱
dws,dws_ipd_irs_tywl_tier_plzbk_detail_dd,ds_rd_rw,DROP,,澶磋叞灏剧墿鏂欐槑缁嗕笉鍒嗗伐鍘傚搧绫绘寚鏍囧簱
dws,dws_ipd_irs_tywl_ycgjlcgjwlk_detail_dd,ds_rd_rw,SELECT,,鏈夐噰璐褰曢噰璐墿鏂欏簱鏄庣粏
dws,dws_ipd_irs_tywl_ycgjlcgjwlk_detail_dd,ds_rd_rw,INSERT,,鏈夐噰璐褰曢噰璐墿鏂欏簱鏄庣粏
dws,dws_ipd_irs_tywl_ycgjlcgjwlk_detail_dd,ds_rd_rw,DROP,,鏈夐噰璐褰曢噰璐墿鏂欏簱鏄庣粏
dws,dws_ipd_irs_tywl_yfwlk_detail_dd,ds_rd_rw,SELECT,,鐮斿彂鐗╂枡搴撴槑缁?
dws,dws_ipd_irs_tywl_yfwlk_detail_dd,ds_rd_rw,INSERT,,鐮斿彂鐗╂枡搴撴槑缁?
dws,dws_ipd_irs_tywl_yfwlk_detail_dd,ds_rd_rw,DROP,,鐮斿彂鐗╂枡搴撴槑缁?
dws,dws_ipd_irs_tywl_zzwlk_detail_dd,ds_rd_rw,SELECT,,鑷埗鐗╂枡搴撴槑缁?
dws,dws_ipd_irs_tywl_zzwlk_detail_dd,ds_rd_rw,INSERT,,鑷埗鐗╂枡搴撴槑缁?
dws,dws_ipd_irs_tywl_zzwlk_detail_dd,ds_rd_rw,DROP,,鑷埗鐗╂枡搴撴槑缁?
dws,dws_ipd_itd_charter_project_information_dd,ds_rd_rw,SELECT,,鎶€鏈痗harter椤圭洰閫氳繃鐜囨槑缁嗚〃
dws,dws_ipd_itd_charter_project_information_dd,ds_rd_rw,INSERT,,鎶€鏈痗harter椤圭洰閫氳繃鐜囨槑缁嗚〃
dws,dws_ipd_itd_charter_project_information_dd,ds_rd_rw,DROP,,鎶€鏈痗harter椤圭洰閫氳繃鐜囨槑缁嗚〃
dws,dws_ipd_itd_inst_demand_ratio_dd,ds_rd_rw,SELECT,,鍗虫椂闇€姹傚崰姣旀槑缁嗚〃
dws,dws_ipd_itd_inst_demand_ratio_dd,ds_rd_rw,INSERT,,鍗虫椂闇€姹傚崰姣旀槑缁嗚〃
dws,dws_ipd_itd_inst_demand_ratio_dd,ds_rd_rw,DROP,,鍗虫椂闇€姹傚崰姣旀槑缁嗚〃
dws,dws_ipd_itd_jsdlddcl_detail_dd,ds_rd_rw,SELECT,,鎶€鏈柇瑁傜偣杈炬垚鐜囨槑缁嗚〃
dws,dws_ipd_itd_jsdlddcl_detail_dd,ds_rd_rw,INSERT,,鎶€鏈柇瑁傜偣杈炬垚鐜囨槑缁嗚〃
dws,dws_ipd_itd_jsdlddcl_detail_dd,ds_rd_rw,DROP,,鎶€鏈柇瑁傜偣杈炬垚鐜囨槑缁嗚〃
dws,dws_ipd_itd_jsdlddcl_result_dd,ds_rd_rw,SELECT,,鎶€鏈柇瑁傜偣杈炬垚鐜囩粨鏋滆〃
dws,dws_ipd_itd_jsdlddcl_result_dd,ds_rd_rw,INSERT,,鎶€鏈柇瑁傜偣杈炬垚鐜囩粨鏋滆〃
dws,dws_ipd_itd_jsdlddcl_result_dd,ds_rd_rw,DROP,,鎶€鏈柇瑁傜偣杈炬垚鐜囩粨鏋滆〃
dws,dws_ipd_itd_pref_tech_ratio_dd,ds_rd_rw,SELECT,,浼樺娍鎶€鏈崰姣旀槑缁嗚〃
dws,dws_ipd_itd_pref_tech_ratio_dd,ds_rd_rw,INSERT,,浼樺娍鎶€鏈崰姣旀槑缁嗚〃
dws,dws_ipd_itd_pref_tech_ratio_dd,ds_rd_rw,DROP,,浼樺娍鎶€鏈崰姣旀槑缁嗚〃
dws,dws_ipd_itd_project_completion_planned_dd,ds_rd_rw,SELECT,,鎸夎鍒掔粨棰樼巼鏄庣粏琛?
dws,dws_ipd_itd_project_completion_planned_dd,ds_rd_rw,INSERT,,鎸夎鍒掔粨棰樼巼鏄庣粏琛?
dws,dws_ipd_itd_project_completion_planned_dd,ds_rd_rw,DROP,,鎸夎鍒掔粨棰樼巼鏄庣粏琛?
dws,dws_ipd_itd_project_info_dd,ds_rd_rw,SELECT,,椤圭洰淇℃伅鏄庣粏琛?
dws,dws_ipd_itd_project_info_dd,ds_rd_rw,INSERT,,椤圭洰淇℃伅鏄庣粏琛?
dws,dws_ipd_itd_project_info_dd,ds_rd_rw,DROP,,椤圭洰淇℃伅鏄庣粏琛?
dws,dws_ipd_itd_qyzrpsastgl_detail_dd,ds_rd_rw,SELECT,,杩佺Щ鍑嗗叆璇勫鎸夋椂閫氳繃鐜囨槑缁嗚〃
dws,dws_ipd_itd_qyzrpsastgl_detail_dd,ds_rd_rw,INSERT,,杩佺Щ鍑嗗叆璇勫鎸夋椂閫氳繃鐜囨槑缁嗚〃
dws,dws_ipd_itd_qyzrpsastgl_detail_dd,ds_rd_rw,DROP,,杩佺Щ鍑嗗叆璇勫鎸夋椂閫氳繃鐜囨槑缁嗚〃
dws,dws_ipd_itd_result_conversion_detail_dd,ds_rd_rw,SELECT,,鎴愭灉杞寲鐜囨槑缁嗚〃
dws,dws_ipd_itd_result_conversion_detail_dd,ds_rd_rw,INSERT,,鎴愭灉杞寲鐜囨槑缁嗚〃
dws,dws_ipd_itd_result_conversion_detail_dd,ds_rd_rw,DROP,,鎴愭灉杞寲鐜囨槑缁嗚〃
dws,dws_ipd_itd_technology_transfer_development_dd,ds_rd_rw,SELECT,,鎶€鏈帰绱㈣浆寮€鍙戞湁鏁堟暟鏄庣粏琛?
dws,dws_ipd_itd_technology_transfer_development_dd,ds_rd_rw,INSERT,,鎶€鏈帰绱㈣浆寮€鍙戞湁鏁堟暟鏄庣粏琛?
dws,dws_ipd_itd_technology_transfer_development_dd,ds_rd_rw,DROP,,鎶€鏈帰绱㈣浆寮€鍙戞湁鏁堟暟鏄庣粏琛?
dws,dws_mrc_ipm_patent_dd,ds_rd_rw,SELECT,,涓撳埄鐢宠鏁版槑缁嗚〃
dws,dws_mrc_ipm_patent_dd,ds_rd_rw,INSERT,,涓撳埄鐢宠鏁版槑缁嗚〃
dws,dws_mrc_ipm_patent_dd,ds_rd_rw,DROP,,涓撳埄鐢宠鏁版槑缁嗚〃
ods,ODSBPM_wf_h_activityinst,ds_rd_rw,SELECT,,
ods,ODSBPM_wf_h_workitem,ds_rd_rw,SELECT,,
ods,ODSBPM_wfactivityinst,ds_rd_rw,SELECT,,
ods,ODSBPM_wfworkitem,ds_rd_rw,SELECT,,
ods,ODSEBPM_wf_h_activityinst,ds_rd_rw,SELECT,,
ods,ODSEBPM_wf_h_workitem,ds_rd_rw,SELECT,,
ods,ODSEBPM_wfactivityinst,ds_rd_rw,SELECT,,
ods,ODSEBPM_wfworkitem,ds_rd_rw,SELECT,,
ods,ODSEDW_ODSRPA_IMEC_BRAND_METRIC_DATA_SOP,ds_rd_rw,SELECT,,
ods,ODSGSS_IM_BRAND,ds_rd_rw,SELECT,,
ods,ODSGSS_IM_CW_EAN,ds_rd_rw,SELECT,,
ods,ODSGSS_IM_ROLLING_PLAN_DETAIL,ds_rd_rw,SELECT,,
ods,ODSGSS_IM_SALES_ORDER_STAND,ds_rd_rw,SELECT,,
ods,ODSGSS_IM_th_country_prodcode_rela_conf,ds_rd_rw,SELECT,,
ods,ODSHDRP_HISENCE_ASEAN_FEE_RATE,ds_rd_rw,SELECT,,
ods,ODSHDRP_HISENSE_ACCESSORY_BOM_PREP,ds_rd_rw,SELECT,,
ods,ODSHDRP_HISENSE_ANNUAL_BP_CVP_TARGET,ds_rd_rw,SELECT,,
ods,ODSHDRP_HISENSE_ANNUAL_BP_DETAIL,ds_rd_rw,SELECT,,
ods,ODSHDRP_HISENSE_ANNUAL_BP_SOURCE,ds_rd_rw,SELECT,,
ods,ODSHDRP_HISENSE_ANNUAL_BP_SUMMARY,ds_rd_rw,SELECT,,
ods,ODSHDRP_HISENSE_ANNUAL_PROJECT_LIST,ds_rd_rw,SELECT,,
ods,ODSHDRP_HISENSE_ASSOCIATED_PLAN,ds_rd_rw,SELECT,,
ods,ODSHDRP_HISENSE_BUDGETARY,ds_rd_rw,SELECT,,
ods,ODSHDRP_HISENSE_BUDGETARY_ESTIMATE,ds_rd_rw,SELECT,,
ods,ODSHDRP_HISENSE_BUDGET_ACTUAL_ANALYSIS,ds_rd_rw,SELECT,,
ods,ODSHDRP_HISENSE_BUDGET_EXEMPTION_INFO,ds_rd_rw,SELECT,,
ods,ODSHDRP_HISENSE_BUDGET_RECORD,ds_rd_rw,SELECT,,
ods,ODSHDRP_HISENSE_BULK_MATERIAL,ds_rd_rw,SELECT,,
ods,ODSHDRP_HISENSE_BUSINESS_BX_BASE,ds_rd_rw,SELECT,,
ods,ODSHDRP_HISENSE_BUSINESS_SCENARIO,ds_rd_rw,SELECT,,
ods,ODSHDRP_HISENSE_CAPACITY_ANALYSIS,ds_rd_rw,SELECT,,
ods,ODSHDRP_HISENSE_CBB_PROPERTY,ds_rd_rw,SELECT,,
ods,ODSHDRP_HISENSE_CHARTER_TRANSFER,ds_rd_rw,SELECT,,
ods,ODSHDRP_HISENSE_COMMON_COST_RATE_CONFIG,ds_rd_rw,SELECT,,
ods,ODSHDRP_HISENSE_COMPLIANCE_REQ_WORK_FLOW,ds_rd_rw,SELECT,,
ods,ODSHDRP_HISENSE_CONDITION_CHECKLIST,ds_rd_rw,SELECT,,
ods,ODSHDRP_HISENSE_CONDITION_TEAM,ds_rd_rw,SELECT,,
ods,ODSHDRP_HISENSE_COST_CHANGE_ANALYSIS,ds_rd_rw,SELECT,,
ods,ODSHDRP_HISENSE_COST_DETAILS_EDIT,ds_rd_rw,SELECT,,
ods,ODSHDRP_HISENSE_COST_EXPENSE_INFO,ds_rd_rw,SELECT,,
ods,ODSHDRP_HISENSE_COST_EXPENSE_SUM,ds_rd_rw,SELECT,,
ods,ODSHDRP_HISENSE_COST_HISTORY_RECORD,ds_rd_rw,SELECT,,
ods,ODSHDRP_HISENSE_COST_MACHINE_PRODUCT,ds_rd_rw,SELECT,,
ods,ODSHDRP_HISENSE_COST_MACHINE_VPI_BRAND,ds_rd_rw,SELECT,,
ods,ODSHDRP_HISENSE_COST_PROCESS_ALL,ds_rd_rw,SELECT,,
ods,ODSHDRP_HISENSE_COST_PROCESS_DETAIL,ds_rd_rw,SELECT,,
ods,ODSHDRP_HISENSE_COST_REDUCTION_MEASURES,ds_rd_rw,SELECT,,
ods,ODSHDRP_HISENSE_COST_TARGET,ds_rd_rw,SELECT,,
ods,ODSHDRP_HISENSE_CRITICAL_PATH,ds_rd_rw,SELECT,,
ods,ODSHDRP_HISENSE_DEMAND_DIVISION_ITEM,ds_rd_rw,SELECT,,
ods,ODSHDRP_HISENSE_DEV_HOUR_QUOTA_CONFIG,ds_rd_rw,SELECT,,
ods,ODSHDRP_HISENSE_EAN_NUMBER,ds_rd_rw,SELECT,,
ods,ODSHDRP_HISENSE_ESTIMATE_COMPLETE,ds_rd_rw,SELECT,,
ods,ODSHDRP_HISENSE_ESTIMATE_SALE_CHANNEL,ds_rd_rw,SELECT,,
ods,ODSHDRP_HISENSE_EXCHANGE_RATE,ds_rd_rw,SELECT,,
ods,ODSHDRP_HISENSE_EXPERT_PRESIDENT_FACTOR,ds_rd_rw,SELECT,,
ods,ODSHDRP_HISENSE_EXPERT_PRESIDENT_REVIEW,ds_rd_rw,SELECT,,
ods,ODSHDRP_HISENSE_FINANCIAL_TYPE_CONF,ds_rd_rw,SELECT,,
ods,ODSHDRP_HISENSE_FORM_COMPETEANALYZE,ds_rd_rw,SELECT,,
ods,ODSHDRP_HISENSE_FORM_DISPLAYMACHREQ,ds_rd_rw,SELECT,,
ods,ODSHDRP_HISENSE_FORM_ENGDESIGNSUG,ds_rd_rw,SELECT,,
ods,ODSHDRP_HISENSE_FORM_MARKETANALYZE,ds_rd_rw,SELECT,,
ods,ODSHDRP_HISENSE_FORM_MARKETREQMAPPING,ds_rd_rw,SELECT,,
ods,ODSHDRP_HISENSE_FORM_PROTOTYPEREQ,ds_rd_rw,SELECT,,
ods,ODSHDRP_HISENSE_FORM_RELSALESMODEL,ds_rd_rw,SELECT,,
ods,ODSHDRP_HISENSE_FORM_STDCOMPLIANCEREQ,ds_rd_rw,SELECT,,
ods,ODSHDRP_HISENSE_INITIAL_REQUIREMENT,ds_rd_rw,SELECT,,
ods,ODSHDRP_HISENSE_MIGRATION_PLAN,ds_rd_rw,SELECT,,
ods,ODSHDRP_HISENSE_MIGRATION_PLAN_ITEM,ds_rd_rw,SELECT,,
ods,ODSHDRP_HISENSE_MILE_STONE_PLAN_ITEM,ds_rd_rw,SELECT,,
ods,ODSHDRP_HISENSE_PATENT_APPLY,ds_rd_rw,SELECT,,
ods,ODSHDRP_HISENSE_PATENT_PLAN_ITEM,ds_rd_rw,SELECT,,
ods,ODSHDRP_HISENSE_PATENT_RISK_FINDING,ds_rd_rw,SELECT,,
ods,ODSHDRP_HISENSE_PROJECT_LIST,ds_rd_rw,SELECT,,
ods,ODSHDRP_HISENSE_RAW_REQUIREMENT,ds_rd_rw,SELECT,,
ods,ODSHDRP_HISENSE_STANDARD_PLAN_ITEM,ds_rd_rw,SELECT,,
ods,ODSHDRP_HISENSE_TECHBREAKPOINT,ds_rd_rw,SELECT,,
ods,ODSHDRP_HISENSE_TECHBREAKPOINT_MASTER,ds_rd_rw,SELECT,,
ods,ODSHDRP_HISENSE_TECH_INSIGHT_REPORT,ds_rd_rw,SELECT,,
ods,ODSHDRP_HISENSE_TECH_INSIGHT_THEME_ITEM,ds_rd_rw,SELECT,,
ods,ODSHDRP_HISENSE_TECH_ROADMAP,ds_rd_rw,SELECT,,
ods,ODSHDRP_HISENSE_TECH_TREE,ds_rd_rw,SELECT,,
ods,ODSHDRP_PM_PROJECT,ds_rd_rw,SELECT,,
ods,ODSHDRP_hisense_internal_order,ds_rd_rw,SELECT,,
ods,ODSHDRP_hisense_project_link,ds_rd_rw,SELECT,,
ods,ODSJTPLMBPM_PDM_FLOWHISTORYDATA,ds_rd_rw,SELECT,,
ods,ODSJTPLM_HIS_AI_USAGE_RECORD_STAGING_DB,ds_rd_rw,SELECT,,
ods,ODSJTPLM_HIS_MATERIAL_RLTH,ds_rd_rw,SELECT,,
ods,ODSJTPLM_HIS_MEASURE_CATEGORY_RELATIONSHIP,ds_rd_rw,SELECT,,
ods,ODSJTPLM_HIS_ORDER_MANAGEMENT_BOARD,ds_rd_rw,SELECT,,
ods,ODSJTPLM_HWA_CHANGE,ds_rd_rw,SELECT,,
ods,ODSJTPLM_HWA_CHANGE_CONTENT,ds_rd_rw,SELECT,,
ods,ODSJTPLM_HWA_CHANGE_INVENTORY,ds_rd_rw,SELECT,,
ods,ODSMF_CM_TAB10197,ds_rd_rw,SELECT,,
ods,ODSMF_CM_TAB18836,ds_rd_rw,SELECT,,
ods,ODSMF_CM_TAB27333,ds_rd_rw,SELECT,,
ods,ODSMF_CM_TAB28473,ds_rd_rw,SELECT,,
ods,ODSMF_CM_TAB28974,ds_rd_rw,SELECT,,
ods,ODSMF_CM_TAB29913,ds_rd_rw,SELECT,,
ods,ODSMF_CM_TAB29914,ds_rd_rw,SELECT,,
ods,ODSMR_ZTAB_SD_AC_VF_SFCPT,ds_rd_rw,SELECT,,
ods,ODSRDM_I_SAP_OPPP,ds_rd_rw,SELECT,,
ods,ODSRDM_T_HISENSE_BG_BXINFOS,ds_rd_rw,SELECT,,
ods,ODSRDM_T_WF95_EXT,ds_rd_rw,SELECT,,
ods,ODSRDM_T_WF_FIELD,ds_rd_rw,SELECT,,
ods,ODSRDM_T_WF_MYRECEIVE,ds_rd_rw,SELECT,,
ods,ODSRDM_T_XYJ_BOM,ds_rd_rw,SELECT,,
ods,ODSRPA_IMEC_ACTIVITY_DATA_ACCESS_SUPPLEMENT,ds_rd_rw,SELECT,,
ods,ODSSYMA_FORMBBY5FFXRFH,ds_rd_rw,SELECT,,
ods,ODSSYMA_FORMOSPT5NCVJI,ds_rd_rw,SELECT,,
ods,ODSSYMA_FORMWTRRRJI0TX,ds_rd_rw,SELECT,,
ods,ODSTCPLM_U_ALL_MATERIAL,ds_rd_rw,SELECT,,
ods,ODSTCPLM_U_CW_MAT_PROP,ds_rd_rw,SELECT,,
ods,ODSTCPLM_U_KT_MAT_PROP,ds_rd_rw,SELECT,,
ods,ODSTCPLM_U_LG_MAT_PROP,ds_rd_rw,SELECT,,
ods,ODSgss_im_BASE_BRAND_TYPE,ds_rd_rw,SELECT,,
ods,ODSgss_im_SALE_PROD_HEADER_SEARCH_V,ds_rd_rw,SELECT,,
ods,ODSgss_im_SALE_PROD_LINE2,ds_rd_rw,SELECT,,
ods,ODSgss_im_SALE_PROD_PRINTED_LINE,ds_rd_rw,SELECT,,
ods,ODSsftp_abroad_voc,ds_rd_rw,SELECT,,
ods,odsEDW_ODSRPA_IMEC_CHANNEL_FREEZER_URL_LIST,ds_rd_rw,SELECT,,
ods,odsEDW_ODSRPA_IMEC_STIWA_FREEZER_ASSESSMENT,ds_rd_rw,SELECT,,
ods,odsEDW_ODSRPA_IMEC_STIWA_FREEZER_SPECS,ds_rd_rw,SELECT,,
ods,odsEDW_ODSRPA_IMEC_WHICH_FREEZER_ASSESSMENT,ds_rd_rw,SELECT,,
ods,odsEDW_ODSRPA_IMEC_WHICH_FREEZER_SPECS,ds_rd_rw,SELECT,,
ods,odsEDW_ODSRPA_IMEC_geizhals_FREEZER_SPECS,ds_rd_rw,SELECT,,
ods,odsEDW_ODSRPA_IMEC_icecat_FREEZER_SPECS,ds_rd_rw,SELECT,,
ods,odsEDW_ODSRPA_IMEC_quechoisir_FREEZER_ASSESSMENT,ds_rd_rw,SELECT,,
ods,odsEDW_ODSRPA_IMEC_quechoisir_FREEZER_SPECS,ds_rd_rw,SELECT,,
ods,odsHDRP_HISENSE_REVIEW_GOAL_RECORD,ds_rd_rw,SELECT,,
ods,odsHDRP_HISENSE_REVIEW_PERFORMANCES,ds_rd_rw,SELECT,,
ods,odsHDRP_HISENSE_RISK_MANAGEMENT,ds_rd_rw,SELECT,,
ods,odsHDRP_HISENSE_RISK_TEMP_TASK,ds_rd_rw,SELECT,,
ods,odsHDRP_HISENSE_SALES_VOL_LOGIC_DETAIL,ds_rd_rw,SELECT,,
ods,odsHDRP_HISENSE_SALES_VOL_LOGIC_MAIN,ds_rd_rw,SELECT,,
ods,odsHDRP_HISENSE_SAP_IO_CONFIG,ds_rd_rw,SELECT,,
ods,odsHDRP_HISENSE_SCHEME_DESIGN,ds_rd_rw,SELECT,,
ods,odsHDRP_HISENSE_SELF_PROVIDED_MATERIAL,ds_rd_rw,SELECT,,
ods,odsHDRP_HISENSE_SOFTWARE_TEST_QUALITY,ds_rd_rw,SELECT,,
ods,odsHDRP_HISENSE_STANDARD_QUANTITY_MATCH,ds_rd_rw,SELECT,,
ods,odsHDRP_HISENSE_STRUCTURED_DELIVERY,ds_rd_rw,SELECT,,
ods,odsHDRP_HISENSE_STRUCTURED_ENTITY,ds_rd_rw,SELECT,,
ods,odsHDRP_HISENSE_SYSTEM_ISSUE_ANALYSIS,ds_rd_rw,SELECT,,
ods,odsHDRP_HISENSE_TECHBREAKNUMBER,ds_rd_rw,SELECT,,
ods,odsHDRP_HISENSE_TECHBREAKPOINT_CHANGE,ds_rd_rw,SELECT,,
ods,odsHDRP_HISENSE_TECHNICAL_TRANSFORMATION,ds_rd_rw,SELECT,,
ods,odsHDRP_HISENSE_TECH_ROADMAP_CHANGE,ds_rd_rw,SELECT,,
ods,odsHDRP_HISENSE_TECH_ROADMAP_WORK_FLOW,ds_rd_rw,SELECT,,
ods,odsHDRP_HISENSE_TECH_TREE_BORROW,ds_rd_rw,SELECT,,
ods,odsHDRP_HISENSE_TECH_TREE_CHANGE,ds_rd_rw,SELECT,,
ods,odsHDRP_HISENSE_TEMPLATE_LEVEL,ds_rd_rw,SELECT,,
ods,odsHDRP_HISENSE_TEST_METRIC,ds_rd_rw,SELECT,,
ods,odsHDRP_HISENSE_TEST_NEEDS,ds_rd_rw,SELECT,,
ods,odsHDRP_HISENSE_TEST_NEEDS_INFO,ds_rd_rw,SELECT,,
ods,odsHDRP_HISENSE_TEST_OPEN_ISSUE,ds_rd_rw,SELECT,,
ods,odsHDRP_HISENSE_TEST_SUMMARY,ds_rd_rw,SELECT,,
ods,odsHDRP_HISENSE_TEST_SUPPORT,ds_rd_rw,SELECT,,
ods,odsHDRP_HISENSE_TEST_SUPPORT_INFO,ds_rd_rw,SELECT,,
ods,odsHDRP_HISENSE_TRIAL_PRODUCT_APPLY,ds_rd_rw,SELECT,,
ods,odsHDRP_HISENSE_TRIAL_UNIT_MATERIAL,ds_rd_rw,SELECT,,
ods,odsHDRP_HISENSE_UNIT_PRICE_HOUR,ds_rd_rw,SELECT,,
ods,odsHDRP_HISENSE_USER_PERCEPTION_EVAL,ds_rd_rw,SELECT,,
ods,odsHDRP_HISENSE_VOL_PRICE_FCST_DETAIL,ds_rd_rw,SELECT,,
ods,odsHDRP_HISENSE_VOL_PRICE_FCST_MAIN,ds_rd_rw,SELECT,,
ods,odsHDRP_HISENSE_WASHING_MACHINE,ds_rd_rw,SELECT,,
ods,odsHDRP_HISENSE_WASHING_MACHINE_TEAM,ds_rd_rw,SELECT,,
ods,odsHDRP_HISENSE_WBS_ROLE_MAJOR_CONFIG,ds_rd_rw,SELECT,,
ods,odsHDRP_HISENSE_WORKBENCH_RATE,ds_rd_rw,SELECT,,
ods,odsHDRP_HISENSE_WORKINGHOUR_FILL_CONF,ds_rd_rw,SELECT,,
ods,odsHDRP_HISENSE_WORKLOAD_PROPORTION,ds_rd_rw,SELECT,,
ods,odsHDRP_IDS_HI3_U_NUMBER,ds_rd_rw,SELECT,,
ods,odsIPR_DICTIONARY_DATA,ds_rd_rw,SELECT,,
ods,odsIPR_ORGANIZATION,ds_rd_rw,SELECT,,
ods,odsIPR_PATENT_APPLY,ds_rd_rw,SELECT,,
ods,odsIPR_USER_BASE,ds_rd_rw,SELECT,,
ods,odsJTPLM_HIS_MATERIAL_RLTH,ds_rd_rw,SELECT,,
ods,odsJTPLM_HIS_ROADMAPPLANNINGKANBAN,ds_rd_rw,SELECT,,
ods,odsS700_ZTMDG01,ds_rd_rw,SELECT,,
ods,ods_cdpdws_mdg_lifecircle_his_change_usage_df,ds_rd_rw,SELECT,,
ods,ods_feishu_base_P8vTbFzrTaWtQLspDwgcpbm8nng_tbl8PBYKby97MVvy,ds_rd_rw,SELECT,,
ods,ods_feishu_base_P8vTbFzrTaWtQLspDwgcpbm8nng_tblT8dRgmsgrWu9c,ds_rd_rw,SELECT,,
ods,ods_feishu_base_P8vTbFzrTaWtQLspDwgcpbm8nng_tblugJ2ghgEELtWU,ds_rd_rw,SELECT,,
ods,ods_feishu_base_lcpibsvddaflhtswdpacyjzznlb_tbltn01noywv6cpy,ds_rd_rw,SELECT,,澶氱淮琛ㄦ牸-https://hisense.feishu.cn/base/LcpibsVDdaflHtswdPacyjZznLb?table=tblTn01NOYwv6CPY&view=vewXxBNTOK
ods,ods_gp_cgklcjwlk_detail,ds_rd_rw,SELECT,,甯歌鐗╂枡鏁版嵁
ods,ods_gp_cgkzybjwlk_detail,ds_rd_rw,SELECT,,甯歌鐗╂枡鏁版嵁
ods,ods_gp_cgl,ds_rd_rw,SELECT,,鐗╂枡閲囪喘閲忔槑缁?
ods,ods_gp_cgwlk_detail,ds_rd_rw,SELECT,,甯歌鐗╂枡鏁版嵁
ods,ods_gp_jtplm_material,ds_rd_rw,SELECT,,鐗╂枡閲囪喘閲忔槑缁?
ods,ods_gp_mdg_mid,ds_rd_rw,SELECT,,鐗╂枡閲囪喘閲忔槑缁?
ods,ods_gp_plwlk_detail,ds_rd_rw,SELECT,,甯歌鐗╂枡鏁版嵁
ods,ods_gp_tier_cgklcjwlk_detail,ds_rd_rw,SELECT,,甯歌鐗╂枡鏁版嵁
ods,ods_gp_tier_cgkzybjwlk_detail,ds_rd_rw,SELECT,,甯歌鐗╂枡鏁版嵁
ods,ods_gp_tier_material_detail,ds_rd_rw,SELECT,,甯歌鐗╂枡鏁版嵁
ods,ods_gp_tywl_detail,ds_rd_rw,SELECT,,鐗╂枡閲囪喘閲忔槑缁?
ods,ods_gp_tywl_fszb_detail,ds_rd_rw,SELECT,,鐗╂枡閲囪喘閲忔槑缁?
ods,ods_gp_tywl_lb,ds_rd_rw,SELECT,,鐗╂枡閲囪喘閲忔槑缁?
ods,ods_gp_tywl_plzbk_detail,ds_rd_rw,SELECT,,鍝佺被鎸囨爣搴撴槑缁?
ods,ods_gp_tywl_tier_plzbk_detail,ds_rd_rw,SELECT,,澶磋叞灏剧墿鏂欐槑缁嗕笉鍒嗗伐鍘傚搧绫绘寚鏍囧簱
ods,ods_gp_tywl_wlk_results,ds_rd_rw,SELECT,,鍚勭墿鏂欏簱缁撴灉鍊?
ods,ods_gp_ycgjlcgjwlk_detail,ds_rd_rw,SELECT,,甯歌鐗╂枡鏁版嵁
ods,ods_gp_yfwlk_detail,ds_rd_rw,SELECT,,甯歌鐗╂枡鏁版嵁
ods,ods_hdrp_hisense_master_data_class,ds_rd_rw,SELECT,,婧愮郴缁熸棤娉ㄩ噴
ods,ods_hdrp_t_fd_dictionary_item,ds_rd_rw,SELECT,,婧愮郴缁熸棤娉ㄩ噴
ods,ods_hdrp_t_iba_float_value,ds_rd_rw,SELECT,,婧愮郴缁熸棤娉ㄩ噴
ods,ods_mr_v_app_fm_imat_saledata,ds_rd_rw,SELECT,,绠℃姤绯荤粺钀ラ攢鍏徃浜у搧姣涘埄鐜?鍚埌鐗╂枡鐨勬垚鏈?鏄庣粏琛?
ods,ods_slt_s600_mseg,ds_rd_rw,SELECT,,鐗╂枡鍑瘉琛岄」鐩俊鎭?
ods,ods_slt_s700_mseg,ds_rd_rw,SELECT,,鐗╂枡鍑瘉琛岄」鐩俊鎭?
ods,ods_slt_s800_mseg,ds_rd_rw,SELECT,,鐗╂枡鍑瘉琛岄」鐩俊鎭?
ods,ods_slt_s900_mseg,ds_rd_rw,SELECT,,鐗╂枡鍑瘉琛岄」鐩俊鎭?
ods,odsaps_plan_scm_allobom_domestic_kt_snapshot,ds_rd_rw,SELECT,,涓昏鍒掑揩鐓ц〃
ods,odsbpm_v_hxjt_optmsg,ds_rd_rw,SELECT,,婧愮郴缁熸棤娉ㄩ噴
ods,odsbpm_v_hxjt_wf_h_optmsg,ds_rd_rw,SELECT,,婧愮郴缁熸棤娉ㄩ噴
ods,odscdpprofile_dws_mdg_lifecircle_his_change_df,ds_rd_rw,SELECT,,鐗╂枡鐢熷懡鍛ㄦ湡鍘嗗彶鍙樻洿瀹借〃
ods,odscdpprofile_dws_mdg_prop_status_his_change_df,ds_rd_rw,SELECT,,鐗╂枡灞炴€х姸鎬佸巻鍙插彉鏇村琛?
ods,odscis_FW_PROPERTY,ds_rd_rw,SELECT,,
ods,odscis_base_matkl,ds_rd_rw,SELECT,,鐗╂枡缁?
ods,odscis_cust_info,ds_rd_rw,SELECT,,鍟嗗鍩虹淇℃伅-鐢熸晥
ods,odscis_cust_info_detail,ds_rd_rw,SELECT,,鍟嗗钀ラ攢妯″紡-鐢熸晥
ods,odscis_fw_org,ds_rd_rw,SELECT,,缁勭粐
ods,odscst_production_cost_info,ds_rd_rw,SELECT,,鐢熶骇鎴愭湰灞曠ず鏁版嵁
ods,odsdds_t_dict,ds_rd_rw,SELECT,,婧愮郴缁熸棤娉ㄩ噴
ods,odsdds_t_dict_item,ds_rd_rw,SELECT,,棰勭爺椤圭洰鏁版嵁瀛楀吀璇︾粏
ods,odsdds_t_pre_project_master,ds_rd_rw,SELECT,,棰勭爺椤圭洰-椤圭洰鍗曟嵁琛?
ods,odsdds_t_role,ds_rd_rw,SELECT,,瑙掕壊琛?
ods,odsdds_t_user,ds_rd_rw,SELECT,,鐢ㄦ埛琛?
ods,odsdds_t_user_role,ds_rd_rw,SELECT,,鐢ㄦ埛瑙掕壊鍏宠仈琛?
ods,odsdt_tm_ldap_user,ds_rd_rw,SELECT,,s900 getbom
ods,odsebpm_wf_h_optmsg,ds_rd_rw,SELECT,,婧愮郴缁熸棤娉ㄩ噴
ods,odsebpm_wf_h_workitem,ds_rd_rw,SELECT,,婧愮郴缁熸棤娉ㄩ噴
ods,odsebpm_wfactivityinst,ds_rd_rw,SELECT,,婧愮郴缁熸棤娉ㄩ噴
ods,odsebpm_wfoptmsg,ds_rd_rw,SELECT,,婧愮郴缁熸棤娉ㄩ噴
ods,odsemp_sms_hac_hh_gj_contract,ds_rd_rw,SELECT,,婧愮郴缁熸棤娉ㄩ噴
ods,odsemp_sms_hac_hh_gj_contract_detail,ds_rd_rw,SELECT,,鍥介檯鍚堝悓鏄庣粏琛?
ods,odsemp_sms_hac_hh_gj_tr_detial,ds_rd_rw,SELECT,,娴峰鍙戣揣閫氱煡鍗曟槑缁?
ods,odsemp_sms_hac_hh_gj_tr_notice,ds_rd_rw,SELECT,,娴峰鍙戣揣閫氱煡鍗?
ods,odsemp_sms_hac_hise_country,ds_rd_rw,SELECT,,鍥藉淇℃伅琛?
ods,odsemp_sms_hac_hise_dept,ds_rd_rw,SELECT,,缁勭粐琛?
ods,odsgic_t_bd_material,ds_rd_rw,SELECT,,鐗╂枡
ods,odsgss_im_blx_gss_yanfa_model_relationship,ds_rd_rw,SELECT,,鍐板喎娲椾骇鍝佷富鏁版嵁GSS-鐮斿彂骞冲彴鍨嬪彿瀵瑰簲鍏崇郴琛?
ods,odsgss_im_cpcwfproch,ds_rd_rw,SELECT,,婧愮郴缁熸棤娉ㄩ噴
ods,odsgss_im_drp_parameter,ds_rd_rw,SELECT,,鍙傛暟璁剧疆
ods,odsgss_im_ecc_pln_bd_lg_product_title,ds_rd_rw,SELECT,,婧愮郴缁熸棤娉ㄩ噴
ods,odsgss_im_ecc_pln_bd_product_title,ds_rd_rw,SELECT,,浜у搧瑙勫垝澶磋〃
ods,odsgss_im_ecc_pln_bd_xyj_product_title,ds_rd_rw,SELECT,,婧愮郴缁熸棤娉ㄩ噴
ods,odsgss_im_order_agreement_bx_itemval,ds_rd_rw,SELECT,,鐧界數璁㈠崟鍙拌处鏄庣粏琛?鍐扮
ods,odsgss_im_order_agreement_lg_itemval,ds_rd_rw,SELECT,,鐧界數璁㈠崟鍙拌处鏄庣粏琛?鍐锋煖
ods,odsgss_im_order_agreement_xyj_itemval,ds_rd_rw,SELECT,,鐧界數璁㈠崟鍙拌处鏄庣粏琛?娲楄。鏈?
ods,odsgss_im_pro_item_header,ds_rd_rw,SELECT,,婧愮郴缁熸棤娉ㄩ噴
ods,odsgss_im_rolling_plan_detail,ds_rd_rw,SELECT,,婊氬姩璁″垝鏄庣粏琛?
ods,odsgss_im_sale_jnewp_bg_project_header,ds_rd_rw,SELECT,,婧愮郴缁熸棤娉ㄩ噴
ods,odsgss_im_sale_jnewp_project_header,ds_rd_rw,SELECT,,婧愮郴缁熸棤娉ㄩ噴
ods,odsgss_im_sale_snewp_bg_project_header,ds_rd_rw,SELECT,,婧愮郴缁熸棤娉ㄩ噴
ods,odsgss_im_sap_product_info,ds_rd_rw,SELECT,,婧愮郴缁熸棤娉ㄩ噴
ods,odshdrp_HISENSE_MASTER_DATA,ds_rd_rw,SELECT,,
ods,odshdrp_T_IBA_INTEGER_VALUE,ds_rd_rw,SELECT,,
ods,odshdrp_T_IBA_TIMESTAMP_VALUE,ds_rd_rw,SELECT,,
ods,odshdrp_act_hi_procinst,ds_rd_rw,SELECT,,婧愮郴缁熸棤娉ㄩ噴
ods,odshdrp_act_hi_taskinst,ds_rd_rw,SELECT,,婧愮郴缁熸棤娉ㄩ噴
ods,odshdrp_hisense_actual_man_hour_detail,ds_rd_rw,SELECT,,婧愮郴缁熸棤娉ㄩ噴
ods,odshdrp_hisense_actual_man_hour_item,ds_rd_rw,SELECT,,婧愮郴缁熸棤娉ㄩ噴
ods,odshdrp_hisense_assist_work_flow,ds_rd_rw,SELECT,,婧愮郴缁熸棤娉ㄩ噴
ods,odshdrp_hisense_baseline_plan_extent,ds_rd_rw,SELECT,,婧愮郴缁熸棤娉ㄩ噴
ods,odshdrp_hisense_basis_point_target,ds_rd_rw,SELECT,,婧愮郴缁熸棤娉ㄩ噴
ods,odshdrp_hisense_budget_man_hour,ds_rd_rw,SELECT,,婧愮郴缁熸棤娉ㄩ噴
ods,odshdrp_hisense_calibre_goal_storard,ds_rd_rw,SELECT,,婧愮郴缁熸棤娉ㄩ噴
ods,odshdrp_hisense_change_history,ds_rd_rw,SELECT,,璁㈠崟椤圭洰鏁伴噺
ods,odshdrp_hisense_cost_base,ds_rd_rw,SELECT,,婧愮郴缁熸棤娉ㄩ噴
ods,odshdrp_hisense_cost_bom,ds_rd_rw,SELECT,,婧愮郴缁熸棤娉ㄩ噴
ods,odshdrp_hisense_cost_bom_analogy,ds_rd_rw,SELECT,,婧愮郴缁熸棤娉ㄩ噴
ods,odshdrp_hisense_cost_bom_replace,ds_rd_rw,SELECT,,婧愮郴缁熸棤娉ㄩ噴
ods,odshdrp_hisense_cost_bulk_material,ds_rd_rw,SELECT,,婧愮郴缁熸棤娉ㄩ噴
ods,odshdrp_hisense_cost_machine_old_brand,ds_rd_rw,SELECT,,婧愮郴缁熸棤娉ㄩ噴
ods,odshdrp_hisense_cost_product,ds_rd_rw,SELECT,,婧愮郴缁熸棤娉ㄩ噴
ods,odshdrp_hisense_cost_target,ds_rd_rw,SELECT,,婧愮郴缁熸棤娉ㄩ噴
ods,odshdrp_hisense_cost_target_achieve,ds_rd_rw,SELECT,,婧愮郴缁熸棤娉ㄩ噴
ods,odshdrp_hisense_delisted_form,ds_rd_rw,SELECT,,婧愮郴缁熸棤娉ㄩ噴
ods,odshdrp_hisense_delisted_form_md_link,ds_rd_rw,SELECT,,婧愮郴缁熸棤娉ㄩ噴
ods,odshdrp_hisense_develop_project,ds_rd_rw,SELECT,,婧愮郴缁熸棤娉ㄩ噴
ods,odshdrp_hisense_estimate_budget_info,ds_rd_rw,SELECT,,婧愮郴缁熸棤娉ㄩ噴
ods,odshdrp_hisense_estimate_info,ds_rd_rw,SELECT,,婧愮郴缁熸棤娉ㄩ噴
ods,odshdrp_hisense_granularity_conf,ds_rd_rw,SELECT,,婧愮郴缁熸棤娉ㄩ噴
ods,odshdrp_hisense_iba_md_attr_class,ds_rd_rw,SELECT,,婧愮郴缁熸棤娉ㄩ噴
ods,odshdrp_hisense_ice_box_check,ds_rd_rw,SELECT,,婧愮郴缁熸棤娉ㄩ噴
ods,odshdrp_hisense_ice_box_team,ds_rd_rw,SELECT,,婧愮郴缁熸棤娉ㄩ噴
ods,odshdrp_hisense_identify_needs,ds_rd_rw,SELECT,,婧愮郴缁熸棤娉ㄩ噴
ods,odshdrp_hisense_init_product_metrics,ds_rd_rw,SELECT,,婧愮郴缁熸棤娉ㄩ噴
ods,odshdrp_hisense_initial_approval,ds_rd_rw,SELECT,,婧愮郴缁熸棤娉ㄩ噴
ods,odshdrp_hisense_initial_assistant,ds_rd_rw,SELECT,,婧愮郴缁熸棤娉ㄩ噴
ods,odshdrp_hisense_initiation_milestone,ds_rd_rw,SELECT,,婧愮郴缁熸棤娉ㄩ噴
ods,odshdrp_hisense_internal_needs,ds_rd_rw,SELECT,,婧愮郴缁熸棤娉ㄩ噴
ods,odshdrp_hisense_internal_requirement,ds_rd_rw,SELECT,,婧愮郴缁熸棤娉ㄩ噴
ods,odshdrp_hisense_invalid_serialcode,ds_rd_rw,SELECT,,婧愮郴缁熸棤娉ㄩ噴
ods,odshdrp_hisense_invest_profit_estimate,ds_rd_rw,SELECT,,婧愮郴缁熸棤娉ㄩ噴
ods,odshdrp_hisense_issue_analysis,ds_rd_rw,SELECT,,婧愮郴缁熸棤娉ㄩ噴
ods,odshdrp_hisense_man_hour_analysis,ds_rd_rw,SELECT,,婧愮郴缁熸棤娉ㄩ噴
ods,odshdrp_hisense_manhours_rate_conf,ds_rd_rw,SELECT,,婧愮郴缁熸棤娉ㄩ噴
ods,odshdrp_hisense_manufacture_process_eval,ds_rd_rw,SELECT,,婧愮郴缁熸棤娉ㄩ噴
ods,odshdrp_hisense_manufacturing_indicator,ds_rd_rw,SELECT,,婧愮郴缁熸棤娉ㄩ噴
ods,odshdrp_hisense_master_budget_data,ds_rd_rw,SELECT,,婧愮郴缁熸棤娉ㄩ噴
ods,odshdrp_hisense_master_data_chanege_file,ds_rd_rw,SELECT,,婧愮郴缁熸棤娉ㄩ噴
ods,odshdrp_hisense_master_data_link,ds_rd_rw,SELECT,,婧愮郴缁熸棤娉ㄩ噴
ods,odshdrp_hisense_master_data_master,ds_rd_rw,SELECT,,婧愮郴缁熸棤娉ㄩ噴
ods,odshdrp_hisense_material_complete_info,ds_rd_rw,SELECT,,婧愮郴缁熸棤娉ㄩ噴
ods,odshdrp_hisense_material_kit_describe,ds_rd_rw,SELECT,,婧愮郴缁熸棤娉ㄩ噴
ods,odshdrp_hisense_material_particulars,ds_rd_rw,SELECT,,婧愮郴缁熸棤娉ㄩ噴
ods,odshdrp_hisense_material_prep_base,ds_rd_rw,SELECT,,婧愮郴缁熸棤娉ㄩ噴
ods,odshdrp_hisense_material_prep_item,ds_rd_rw,SELECT,,婧愮郴缁熸棤娉ㄩ噴
ods,odshdrp_hisense_md_attr,ds_rd_rw,SELECT,,婧愮郴缁熸棤娉ㄩ噴
ods,odshdrp_hisense_md_attr_group,ds_rd_rw,SELECT,,婧愮郴缁熸棤娉ㄩ噴
ods,odshdrp_hisense_md_attr_option,ds_rd_rw,SELECT,,婧愮郴缁熸棤娉ㄩ噴
ods,odshdrp_hisense_md_serial,ds_rd_rw,SELECT,,婧愮郴缁熸棤娉ㄩ噴
ods,odshdrp_hisense_min_sale_volume,ds_rd_rw,SELECT,,婧愮郴缁熸棤娉ㄩ噴
ods,odshdrp_hisense_minimum_sales_volume,ds_rd_rw,SELECT,,婧愮郴缁熸棤娉ㄩ噴
ods,odshdrp_hisense_mrb,ds_rd_rw,SELECT,,婧愮郴缁熸棤娉ㄩ噴
ods,odshdrp_hisense_mrb_displaymachreq,ds_rd_rw,SELECT,,婧愮郴缁熸棤娉ㄩ噴
ods,odshdrp_hisense_mrb_engdesignsug,ds_rd_rw,SELECT,,婧愮郴缁熸棤娉ㄩ噴
ods,odshdrp_hisense_mrb_icnps,ds_rd_rw,SELECT,,婧愮郴缁熸棤娉ㄩ噴
ods,odshdrp_hisense_mrb_marketanalyze,ds_rd_rw,SELECT,,婧愮郴缁熸棤娉ㄩ噴
ods,odshdrp_hisense_mrb_marketreqmapping,ds_rd_rw,SELECT,,婧愮郴缁熸棤娉ㄩ噴
ods,odshdrp_hisense_mrb_prototypereq,ds_rd_rw,SELECT,,婧愮郴缁熸棤娉ㄩ噴
ods,odshdrp_hisense_mrb_relproductinfo,ds_rd_rw,SELECT,,婧愮郴缁熸棤娉ㄩ噴
ods,odshdrp_hisense_mrb_relsalemodels,ds_rd_rw,SELECT,,婧愮郴缁熸棤娉ㄩ噴
ods,odshdrp_hisense_mrb_stdcompliancereq,ds_rd_rw,SELECT,,婧愮郴缁熸棤娉ㄩ噴
ods,odshdrp_hisense_mrb_work_flow,ds_rd_rw,SELECT,,婧愮郴缁熸棤娉ㄩ噴
ods,odshdrp_hisense_org_prototype_trial,ds_rd_rw,SELECT,,婧愮郴缁熸棤娉ㄩ噴
ods,odshdrp_hisense_other_problems,ds_rd_rw,SELECT,,婧愮郴缁熸棤娉ㄩ噴
ods,odshdrp_hisense_other_tax_rate,ds_rd_rw,SELECT,,婧愮郴缁熸棤娉ㄩ噴
ods,odshdrp_hisense_pf_roadmap_change,ds_rd_rw,SELECT,,婧愮郴缁熸棤娉ㄩ噴
ods,odshdrp_hisense_pf_roadmap_work_flow,ds_rd_rw,SELECT,,婧愮郴缁熸棤娉ㄩ噴
ods,odshdrp_hisense_plan_diff_level,ds_rd_rw,SELECT,,婧愮郴缁熸棤娉ㄩ噴
ods,odshdrp_hisense_platform_roadmap,ds_rd_rw,SELECT,,婧愮郴缁熸棤娉ㄩ噴
ods,odshdrp_hisense_pm_transfer_work_flow,ds_rd_rw,SELECT,,婧愮郴缁熸棤娉ㄩ噴
ods,odshdrp_hisense_positive_decompose,ds_rd_rw,SELECT,,婧愮郴缁熸棤娉ㄩ噴
ods,odshdrp_hisense_price_policy,ds_rd_rw,SELECT,,婧愮郴缁熸棤娉ㄩ噴
ods,odshdrp_hisense_pricing_logic_detail,ds_rd_rw,SELECT,,婧愮郴缁熸棤娉ㄩ噴
ods,odshdrp_hisense_pricing_logic_main,ds_rd_rw,SELECT,,婧愮郴缁熸棤娉ㄩ噴
ods,odshdrp_hisense_pro_budget_work_flow,ds_rd_rw,SELECT,,婧愮郴缁熸棤娉ㄩ噴
ods,odshdrp_hisense_pro_grossmargin,ds_rd_rw,SELECT,,婧愮郴缁熸棤娉ㄩ噴
ods,odshdrp_hisense_problem_closed,ds_rd_rw,SELECT,,婧愮郴缁熸棤娉ㄩ噴
ods,odshdrp_hisense_problem_management,ds_rd_rw,SELECT,,婧愮郴缁熸棤娉ㄩ噴
ods,odshdrp_hisense_problem_picture,ds_rd_rw,SELECT,,婧愮郴缁熸棤娉ㄩ噴
ods,odshdrp_hisense_problem_rectification,ds_rd_rw,SELECT,,婧愮郴缁熸棤娉ㄩ噴
ods,odshdrp_hisense_problem_temporary,ds_rd_rw,SELECT,,婧愮郴缁熸棤娉ㄩ噴
ods,odshdrp_hisense_problemcategory,ds_rd_rw,SELECT,,婧愮郴缁熸棤娉ㄩ噴
ods,odshdrp_hisense_product_budget,ds_rd_rw,SELECT,,婧愮郴缁熸棤娉ㄩ噴
ods,odshdrp_hisense_product_change_analysis,ds_rd_rw,SELECT,,婧愮郴缁熸棤娉ㄩ噴
ods,odshdrp_hisense_product_cost,ds_rd_rw,SELECT,,婧愮郴缁熸棤娉ㄩ噴
ods,odshdrp_hisense_product_cost_rate,ds_rd_rw,SELECT,,婧愮郴缁熸棤娉ㄩ噴
ods,odshdrp_hisense_product_granularity,ds_rd_rw,SELECT,,婧愮郴缁熸棤娉ㄩ噴
ods,odshdrp_hisense_product_info_link,ds_rd_rw,SELECT,,婧愮郴缁熸棤娉ㄩ噴
ods,odshdrp_hisense_product_info_req_link,ds_rd_rw,SELECT,,婧愮郴缁熸棤娉ㄩ噴
ods,odshdrp_hisense_product_lifecycle_node,ds_rd_rw,SELECT,,婧愮郴缁熸棤娉ㄩ噴
ods,odshdrp_hisense_product_line_config,ds_rd_rw,SELECT,,婧愮郴缁熸棤娉ㄩ噴
ods,odshdrp_hisense_product_rate,ds_rd_rw,SELECT,,婧愮郴缁熸棤娉ㄩ噴
ods,odshdrp_hisense_product_roadmap,ds_rd_rw,SELECT,,婧愮郴缁熸棤娉ㄩ噴
ods,odshdrp_hisense_product_roadmap_change,ds_rd_rw,SELECT,,婧愮郴缁熸棤娉ㄩ噴
ods,odshdrp_hisense_product_roadmap_wf,ds_rd_rw,SELECT,,婧愮郴缁熸棤娉ㄩ噴
ods,odshdrp_hisense_product_summary,ds_rd_rw,SELECT,,婧愮郴缁熸棤娉ㄩ噴
ods,odshdrp_hisense_profession_category_map,ds_rd_rw,SELECT,,婧愮郴缁熸棤娉ㄩ噴
ods,odshdrp_hisense_profit_estimate_info,ds_rd_rw,SELECT,,婧愮郴缁熸棤娉ㄩ噴
ods,odshdrp_hisense_profit_estimate_subject,ds_rd_rw,SELECT,,婧愮郴缁熸棤娉ㄩ噴
ods,odshdrp_hisense_program,ds_rd_rw,SELECT,,婧愮郴缁熸棤娉ㄩ噴
ods,odshdrp_hisense_program_and_verify,ds_rd_rw,SELECT,,婧愮郴缁熸棤娉ㄩ噴
ods,odshdrp_hisense_program_associate,ds_rd_rw,SELECT,,婧愮郴缁熸棤娉ㄩ噴
ods,odshdrp_hisense_program_view,ds_rd_rw,SELECT,,婧愮郴缁熸棤娉ㄩ噴
ods,odshdrp_hisense_proj_init_data,ds_rd_rw,SELECT,,婧愮郴缁熸棤娉ㄩ噴
ods,odshdrp_hisense_project_approve_role,ds_rd_rw,SELECT,,婧愮郴缁熸棤娉ㄩ噴
ods,odshdrp_hisense_project_bp_cost_diff,ds_rd_rw,SELECT,,婧愮郴缁熸棤娉ㄩ噴
ods,odshdrp_hisense_project_change_task,ds_rd_rw,SELECT,,婧愮郴缁熸棤娉ㄩ噴
ods,odshdrp_hisense_project_closure_info,ds_rd_rw,SELECT,,婧愮郴缁熸棤娉ㄩ噴
ods,odshdrp_hisense_project_link_change,ds_rd_rw,SELECT,,婧愮郴缁熸棤娉ㄩ噴
ods,odshdrp_hisense_project_list_change,ds_rd_rw,SELECT,,婧愮郴缁熸棤娉ㄩ噴
ods,odshdrp_hisense_project_list_number,ds_rd_rw,SELECT,,婧愮郴缁熸棤娉ㄩ噴
ods,odshdrp_hisense_project_list_rel_t,ds_rd_rw,SELECT,,婧愮郴缁熸棤娉ㄩ噴
ods,odshdrp_hisense_project_list_standard,ds_rd_rw,SELECT,,婧愮郴缁熸棤娉ㄩ噴
ods,odshdrp_hisense_project_list_work_flow,ds_rd_rw,SELECT,,婧愮郴缁熸棤娉ㄩ噴
ods,odshdrp_hisense_project_overview,ds_rd_rw,SELECT,,婧愮郴缁熸棤娉ㄩ噴
ods,odshdrp_hisense_project_overview_item,ds_rd_rw,SELECT,,婧愮郴缁熸棤娉ㄩ噴
ods,odshdrp_hisense_project_require_report,ds_rd_rw,SELECT,,婧愮郴缁熸棤娉ㄩ噴
ods,odshdrp_hisense_project_review,ds_rd_rw,SELECT,,婧愮郴缁熸棤娉ㄩ噴
ods,odshdrp_hisense_project_review_element,ds_rd_rw,SELECT,,婧愮郴缁熸棤娉ㄩ噴
ods,odshdrp_hisense_project_review_output,ds_rd_rw,SELECT,,婧愮郴缁熸棤娉ㄩ噴
ods,odshdrp_hisense_project_review_person,ds_rd_rw,SELECT,,婧愮郴缁熸棤娉ㄩ噴
ods,odshdrp_hisense_project_spot_check,ds_rd_rw,SELECT,,婧愮郴缁熸棤娉ㄩ噴
ods,odshdrp_hisense_project_spot_history,ds_rd_rw,SELECT,,婧愮郴缁熸棤娉ㄩ噴
ods,odshdrp_hisense_proto_eval_review_base,ds_rd_rw,SELECT,,婧愮郴缁熸棤娉ㄩ噴
ods,odshdrp_hisense_prototype_confirmation,ds_rd_rw,SELECT,,婧愮郴缁熸棤娉ㄩ噴
ods,odshdrp_hisense_prototype_review,ds_rd_rw,SELECT,,婧愮郴缁熸棤娉ㄩ噴
ods,odshdrp_hisense_prototype_unit_item,ds_rd_rw,SELECT,,婧愮郴缁熸棤娉ㄩ噴
ods,odshdrp_hisense_public_project_conf,ds_rd_rw,SELECT,,婧愮郴缁熸棤娉ㄩ噴
ods,odshdrp_hisense_quota_config_detail,ds_rd_rw,SELECT,,婧愮郴缁熸棤娉ㄩ噴
ods,odshdrp_hisense_quota_info,ds_rd_rw,SELECT,,婧愮郴缁熸棤娉ㄩ噴
ods,odshdrp_hisense_quota_standard,ds_rd_rw,SELECT,,婧愮郴缁熸棤娉ㄩ噴
ods,odshdrp_hisense_reimbursable_duration,ds_rd_rw,SELECT,,婧愮郴缁熸棤娉ㄩ噴
ods,odshdrp_hisense_require_detail_account,ds_rd_rw,SELECT,,婧愮郴缁熸棤娉ㄩ噴
ods,odshdrp_hisense_required_notice_project,ds_rd_rw,SELECT,,婧愮郴缁熸棤娉ㄩ噴
ods,odshdrp_hisense_requirement_dict,ds_rd_rw,SELECT,,婧愮郴缁熸棤娉ㄩ噴
ods,odshdrp_hisense_requirement_dict_class,ds_rd_rw,SELECT,,婧愮郴缁熸棤娉ㄩ噴
ods,odshdrp_hisense_requirement_label,ds_rd_rw,SELECT,,婧愮郴缁熸棤娉ㄩ噴
ods,odshdrp_hisense_result_entity,ds_rd_rw,SELECT,,婧愮郴缁熸棤娉ㄩ噴
ods,odshdrp_hisense_review_goal_content,ds_rd_rw,SELECT,,婧愮郴缁熸棤娉ㄩ噴
ods,odshdrp_hisense_sap_io_config,ds_rd_rw,SELECT,,婧愮郴缁熸棤娉ㄩ噴
ods,odshdrp_hisense_sta_budget_man_hour,ds_rd_rw,SELECT,,婧愮郴缁熸棤娉ㄩ噴
ods,odshdrp_hisense_technology_transfer,ds_rd_rw,SELECT,,婧愮郴缁熸棤娉ㄩ噴
ods,odshdrp_initial_require_work_flow,ds_rd_rw,SELECT,,婧愮郴缁熸棤娉ㄩ噴
ods,odshdrp_pm_baseline,ds_rd_rw,SELECT,,婧愮郴缁熸棤娉ㄩ噴
ods,odshdrp_pm_basicline_member_link,ds_rd_rw,SELECT,,婧愮郴缁熸棤娉ㄩ噴
ods,odshdrp_pm_basicline_plan,ds_rd_rw,SELECT,,婧愮郴缁熸棤娉ㄩ噴
ods,odshdrp_pm_plan,ds_rd_rw,SELECT,,婧愮郴缁熸棤娉ㄩ噴
ods,odshdrp_pm_project_apply,ds_rd_rw,SELECT,,婧愮郴缁熸棤娉ㄩ噴
ods,odshdrp_pm_risk_info,ds_rd_rw,SELECT,,婧愮郴缁熸棤娉ㄩ噴
ods,odshdrp_pm_risk_problem_info,ds_rd_rw,SELECT,,婧愮郴缁熸棤娉ㄩ噴
ods,odshdrp_t_fd_dictionary_item,ds_rd_rw,SELECT,,婧愮郴缁熸棤娉ㄩ噴
ods,odshdrp_t_iba_integer_value,ds_rd_rw,SELECT,,婧愮郴缁熸棤娉ㄩ噴
ods,odshdrp_t_iba_string_value,ds_rd_rw,SELECT,,婧愮郴缁熸棤娉ㄩ噴
ods,odshdrp_t_iba_timestamp_value,ds_rd_rw,SELECT,,婧愮郴缁熸棤娉ㄩ噴
ods,odshdrp_t_s_base_user,ds_rd_rw,SELECT,,婧愮郴缁熸棤娉ㄩ噴
ods,odshdrp_t_s_depart,ds_rd_rw,SELECT,,婧愮郴缁熸棤娉ㄩ噴
ods,odsids_hisense_life_cycle,ds_rd_rw,SELECT,,婧愮郴缁熸棤娉ㄩ噴
ods,odsipr_applicant,ds_rd_rw,SELECT,,鐢宠浜鸿〃
ods,odsipr_custom_field_data,ds_rd_rw,SELECT,,鑷畾涔夊瓧娈靛€煎瓨鍌ㄨ〃
ods,odsipr_dictionary_data,ds_rd_rw,SELECT,,婧愮郴缁熸棤娉ㄩ噴
ods,odsipr_dictionary_type,ds_rd_rw,SELECT,,婧愮郴缁熸棤娉ㄩ噴
ods,odsipr_organization,ds_rd_rw,SELECT,,缁勭粐璁板綍琛?
ods,odsipr_patent_apply,ds_rd_rw,SELECT,,婧愮郴缁熸棤娉ㄩ噴
ods,odsipr_patent_apply_ext_01,ds_rd_rw,SELECT,,婧愮郴缁熸棤娉ㄩ噴
ods,odsipr_patent_apply_ext_02,ds_rd_rw,SELECT,,婧愮郴缁熸棤娉ㄩ噴
ods,odsipr_patent_related_applicant,ds_rd_rw,SELECT,,涓撳埄鐩稿叧鐢宠浜?
ods,odsipr_patent_related_inventor,ds_rd_rw,SELECT,,涓撳埄鍙戞槑浜?
ods,odsipr_user_base,ds_rd_rw,SELECT,,婧愮郴缁熸棤娉ㄩ噴
ods,odsipr_user_dictionary_data,ds_rd_rw,SELECT,,婧愮郴缁熸棤娉ㄩ噴
ods,odsjtbpm_wfworkitem,ds_rd_rw,SELECT,,婧愮郴缁熸棤娉ㄩ噴
ods,odsjtplm_HIS_ORDERBOM,ds_rd_rw,SELECT,,
ods,odsjtplm_HIS_SOFTWARE,ds_rd_rw,SELECT,,
ods,odsjtplm_his_acceptance_test_versions,ds_rd_rw,SELECT,,楠屾敹娴嬭瘯鐗堟湰鏁?
ods,odsjtplm_his_automated_coverage,ds_rd_rw,SELECT,,鑷姩鍖栬鐩栫巼搴曡〃
ods,odsjtplm_his_bom,ds_rd_rw,SELECT,,bom淇℃伅
ods,odsjtplm_his_bom_detail,ds_rd_rw,SELECT,,BOM鏄庣粏琛?
ods,odsjtplm_his_cbb,ds_rd_rw,SELECT,,CBB搴?
ods,odsjtplm_his_cbb_average_reference_model,ds_rd_rw,SELECT,,
ods,odsjtplm_his_cbb_detail,ds_rd_rw,SELECT,,CBB璇︾粏淇℃伅
ods,odsjtplm_his_cbb_info,ds_rd_rw,SELECT,,CBB鍩烘湰淇℃伅
ods,odsjtplm_his_changekanban,ds_rd_rw,SELECT,,鍙樻洿鐪嬫澘
ods,odsjtplm_his_component_req,ds_rd_rw,SELECT,,浜у搧鏍?
ods,odsjtplm_his_dbominformation,ds_rd_rw,SELECT,,1TE淇℃伅琛?
ods,odsjtplm_his_derivative_machine,ds_rd_rw,SELECT,,娲剧敓鏈?
ods,odsjtplm_his_documentsinfo,ds_rd_rw,SELECT,,鏂囨。
ods,odsjtplm_his_kt_material_change,ds_rd_rw,SELECT,,婧愮郴缁熸棤娉ㄩ噴
ods,odsjtplm_his_marketAdaptationProject,ds_rd_rw,SELECT,,
ods,odsjtplm_his_marketablemachine,ds_rd_rw,SELECT,,婧愮郴缁熸棤娉ㄩ噴
ods,odsjtplm_his_material_data_information,ds_rd_rw,SELECT,,鐗╂枡鍩虹淇℃伅琛?
ods,odsjtplm_his_material_relationship,ds_rd_rw,SELECT,,鐗╂枡鍏宠仈鍏崇郴琛?
ods,odsjtplm_his_measure_category_structure,ds_rd_rw,SELECT,,鎺柦鍝佺被缁撴瀯琛?
ods,odsjtplm_his_measure_model_rel,ds_rd_rw,SELECT,,鎺柦搴撳叧鑱旀満鍨?
ods,odsjtplm_his_measure_reduction_accounting,ds_rd_rw,SELECT,,鎺柦闄嶉鏍哥畻
ods,odsjtplm_his_measurelibrary,ds_rd_rw,SELECT,,鎺柦搴?
ods,odsjtplm_his_measurelibrary_progress,ds_rd_rw,SELECT,,鎺柦杩涘睍琛?
ods,odsjtplm_his_millestone,ds_rd_rw,SELECT,,閲岀▼纰?
ods,odsjtplm_his_modulelcd,ds_rd_rw,SELECT,,妯＄粍娑叉櫠灞?
ods,odsjtplm_his_newrequirementapplicationform,ds_rd_rw,SELECT,,鏂伴渶姹傚彂甯冨強閫夊瀷鐢宠鍗曡〃
ods,odsjtplm_his_newrequirementmaterialrelation,ds_rd_rw,SELECT,,鏂伴渶姹傜墿鏂欏叧绯昏〃
ods,odsjtplm_his_order_count,ds_rd_rw,SELECT,,璁㈠崟椤圭洰鏁伴噺
ods,odsjtplm_his_product_cost_info,ds_rd_rw,SELECT,,浜у搧鎴愭湰淇℃伅琛?
ods,odsjtplm_his_product_localization_mapping,ds_rd_rw,SELECT,,
ods,odsjtplm_his_productmodel,ds_rd_rw,SELECT,,浜у搧鍨嬪彿
ods,odsjtplm_his_productplatform,ds_rd_rw,SELECT,,浜у搧骞冲彴
ods,odsjtplm_his_productprocessattribute,ds_rd_rw,SELECT,,浜у搧宸ヨ壓灞炴€ц〃
ods,odsjtplm_his_productseries,ds_rd_rw,SELECT,,浜у搧绯诲垪
ods,odsjtplm_his_productsignposts,ds_rd_rw,SELECT,,婧愮郴缁熸棤娉ㄩ噴
ods,odsjtplm_his_productversion,ds_rd_rw,SELECT,,鐢熶骇鐗堟湰
ods,odsjtplm_his_project_cost,ds_rd_rw,SELECT,,椤圭洰鎴愭湰
ods,odsjtplm_his_project_development_task_book,ds_rd_rw,SELECT,,椤圭洰寮€鍙戜换鍔′功
ods,odsjtplm_his_project_information,ds_rd_rw,SELECT,,椤圭洰淇℃伅琛?
ods,odsjtplm_his_psprdfamilyname,ds_rd_rw,SELECT,,浜у搧瀹舵棌
ods,odsjtplm_his_requirements_management,ds_rd_rw,SELECT,,婧愮郴缁熸棤娉ㄩ噴
ods,odsjtplm_his_requirements_management_new,ds_rd_rw,SELECT,,婧愮郴缁熸棤娉ㄩ噴
ods,odsjtplm_his_risk_management,ds_rd_rw,SELECT,,椋庨櫓绠＄悊琛?
ods,odsjtplm_his_riskcharacteristics_product,ds_rd_rw,SELECT,,椋庨櫓鐗规€т俊鎭〃
ods,odsjtplm_his_route_info,ds_rd_rw,SELECT,,
ods,odsjtplm_his_salemodel,ds_rd_rw,SELECT,,閿€鍞瀷鍙?
ods,odsjtplm_his_salesspareparts,ds_rd_rw,SELECT,,閿€鍞浠舵竻鍗曡〃鍗?
ods,odsjtplm_his_sit_test_version_number,ds_rd_rw,SELECT,,SIT娴嬭瘯鐗堟湰鏁?
ods,odsjtplm_his_task_info,ds_rd_rw,SELECT,,
ods,odsjtplm_his_television_product,ds_rd_rw,SELECT,,鐢佃浜у搧灞炴€ф暟鎹?
ods,odsjtplm_his_test_closure_rate,ds_rd_rw,SELECT,,閮ㄩ棬娴嬭瘯鍑嗘椂鍏抽棴鐜?
ods,odsjtplm_his_tr_num_price,ds_rd_rw,SELECT,,婧愮郴缁熸棤娉ㄩ噴
ods,odsjtplm_hwa_bom,ds_rd_rw,SELECT,,bom淇℃伅
ods,odsjtplm_hwa_class_info,ds_rd_rw,SELECT,,鍝佺被鍩烘湰淇℃伅
ods,odsjtplm_hwa_class_relationship,ds_rd_rw,SELECT,,鍝佺被鍏崇郴琛?
ods,odsjtplm_hwa_material_compare_info,ds_rd_rw,SELECT,,涓嫳鏂囧睘鎬у搴旇〃
ods,odsjtplm_hwa_material_detail,ds_rd_rw,SELECT,,鐗╂枡璇︾粏淇℃伅
ods,odsjtplm_hwa_material_info,ds_rd_rw,SELECT,,鐗╂枡鍩烘湰淇℃伅
ods,odsjtplm_hwa_productfamily,ds_rd_rw,SELECT,,婧愮郴缁熸棤娉ㄩ噴
ods,odsjtplm_hwa_productmodel,ds_rd_rw,SELECT,,婧愮郴缁熸棤娉ㄩ噴
ods,odsjtplm_hwa_productseries,ds_rd_rw,SELECT,,婧愮郴缁熸棤娉ㄩ噴
ods,odsjtplm_hwa_productversion,ds_rd_rw,SELECT,,婧愮郴缁熸棤娉ㄩ噴
ods,odsjtplm_hwa_salesmodel,ds_rd_rw,SELECT,,婧愮郴缁熸棤娉ㄩ噴
ods,odsjtplm_plm_hwa_change_usagetype_lifecyclestate_df,ds_rd_rw,SELECT,,婧愮郴缁熸棤娉ㄩ噴
ods,odsjtplmhis_productmodel_status,ds_rd_rw,SELECT,,浜у搧鍨嬪彿鐘舵€佹椂闂磋〃
ods,odslims_lab_item_depot,ds_rd_rw,SELECT,,鍩虹搴?- 妫€娴嬮」鐩簱
ods,odsmbr_c_company,ds_rd_rw,SELECT,,婧愮郴缁熸棤娉ㄩ噴
ods,odsmbr_c_dept,ds_rd_rw,SELECT,,婧愮郴缁熸棤娉ㄩ噴
ods,odsmbr_c_sample_device,ds_rd_rw,SELECT,,婧愮郴缁熸棤娉ㄩ噴
ods,odsmdm_mat_bi_base_info,ds_rd_rw,SELECT,,MDM鐗╂枡鍩虹淇℃伅琛紝璇ヨ〃鏈夋椂鍊欎細鏈夌鎶ユ潵鎶撳彇鐗╂枡淇℃伅锛屾湁鏃跺€欑鎶ヤ細璇存湁鐨勭墿鏂欏彿娌℃姄鍒帮紝灏卞湪姝よ〃缁存姢
ods,odsmes_tv2_bas_product_lang_map,ds_rd_rw,SELECT,,浜у搧鍥介檯鍖栬瑷€瀵圭収琛?
ods,odsmes_tv2_pom_order_bom,ds_rd_rw,SELECT,,宸ュ崟BOM琛?
ods,odsmes_tvn_pom_order,ds_rd_rw,SELECT,,宸ュ崟琛?
ods,odsmes_tvn_pom_order_status,ds_rd_rw,SELECT,,宸ュ崟鐘舵€佽〃
ods,odsmes_tvn_rp_production_report,ds_rd_rw,SELECT,,浜у搧浜ч噺鏁版嵁琛?
ods,odsmes_tvngy_pom_order,ds_rd_rw,SELECT,,宸ュ崟琛?
ods,odsmes_tvngy_pom_order_status,ds_rd_rw,SELECT,,宸ュ崟鐘舵€佽〃
ods,odsmes_tvngy_rp_production_report,ds_rd_rw,SELECT,,浜у搧浜ч噺鏁版嵁琛?
ods,odsmes_tvnjm_pom_order,ds_rd_rw,SELECT,,宸ュ崟琛?
ods,odsmes_tvnjm_pom_order_status,ds_rd_rw,SELECT,,宸ュ崟鐘舵€佽〃
ods,odsmes_tvnjm_rp_production_report,ds_rd_rw,SELECT,,浜у搧浜ч噺鏁版嵁琛?
ods,odsmf_cm_tab19693,ds_rd_rw,SELECT,,婧愮郴缁熸棤娉ㄩ噴
ods,odsmf_cm_tab21113,ds_rd_rw,SELECT,,鎸囨爣鐩爣鏁版嵁琛?
ods,odsmf_cm_tab21193,ds_rd_rw,SELECT,,婧愮郴缁熸棤娉ㄩ噴
ods,odsmf_cm_tab21214,ds_rd_rw,SELECT,,婧愮郴缁熸棤娉ㄩ噴
ods,odsmf_cm_tab22113,ds_rd_rw,SELECT,,婧愮郴缁熸棤娉ㄩ噴
ods,odsmf_cm_tab23836,ds_rd_rw,SELECT,,婧愮郴缁熸棤娉ㄩ噴
ods,odsmf_cm_tab26655,ds_rd_rw,SELECT,,婧愮郴缁熸棤娉ㄩ噴
ods,odsmf_cm_tab28033,ds_rd_rw,SELECT,,婧愮郴缁熸棤娉ㄩ噴
ods,odsmf_cm_tab28993,ds_rd_rw,SELECT,,婧愮郴缁熸棤娉ㄩ噴
ods,odsmf_cm_tab29134,ds_rd_rw,SELECT,,婧愮郴缁熸棤娉ㄩ噴
ods,odsmf_cm_tab570,ds_rd_rw,SELECT,,婧愮郴缁熸棤娉ㄩ噴
ods,odsmf_cm_tab593,ds_rd_rw,SELECT,,婧愮郴缁熸棤娉ㄩ噴
ods,odsmf_cm_tab594,ds_rd_rw,SELECT,,婧愮郴缁熸棤娉ㄩ噴
ods,odsmf_cm_tab595,ds_rd_rw,SELECT,,婧愮郴缁熸棤娉ㄩ噴
ods,odsmf_cm_tab906,ds_rd_rw,SELECT,,婧愮郴缁熸棤娉ㄩ噴
ods,odsmr_v_app_fm_imat_saledata,ds_rd_rw,SELECT,,婧愮郴缁熸棤娉ㄩ噴
ods,odsmr_v_hitach_ykfpmxb,ds_rd_rw,SELECT,,婧愮郴缁熸棤娉ㄩ噴
ods,odsmr_v_sync_4200bvi_income,ds_rd_rw,SELECT,,婧愮郴缁熸棤娉ㄩ噴
ods,odsmsc_mam_bzhan_roi_data,ds_rd_rw,SELECT,,B绔欏晢涓氬寲鏁版嵁琛?
ods,odsmsc_mam_bzhan_search_index_data,ds_rd_rw,SELECT,,B绔欐悳绱㈡寚鏍囨暟鎹〃
ods,odsplm_annualbpinfo,ds_rd_rw,SELECT,,婧愮郴缁熸棤娉ㄩ噴
ods,odsplm_big_data_domestic_table_bx,ds_rd_rw,SELECT,,婧愮郴缁熸棤娉ㄩ噴
ods,odsplm_big_data_domestic_table_lg,ds_rd_rw,SELECT,,婧愮郴缁熸棤娉ㄩ噴
ods,odsplm_big_data_domestic_table_xyj,ds_rd_rw,SELECT,,婧愮郴缁熸棤娉ㄩ噴
ods,odsplm_blxky_table,ds_rd_rw,SELECT,,婧愮郴缁熸棤娉ㄩ噴
ods,odsplm_bm_assist_partinfo,ds_rd_rw,SELECT,,鐗╂枡淇℃伅琛?
ods,odsplm_bm_hbmtmodelplatform,ds_rd_rw,SELECT,,婧愮郴缁熸棤娉ㄩ噴
ods,odsplm_bm_hbmtplatform,ds_rd_rw,SELECT,,婧愮郴缁熸棤娉ㄩ噴
ods,odsplm_bm_hbmtprojectkpi,ds_rd_rw,SELECT,,婧愮郴缁熸棤娉ㄩ噴
ods,odsplm_bm_taskefficiency,ds_rd_rw,SELECT,,????????????????????????????????????
ods,odsplm_bom_commonrate,ds_rd_rw,SELECT,,婧愮郴缁熸棤娉ㄩ噴
ods,odsplm_bom_dtzyj_table,ds_rd_rw,SELECT,,婧愮郴缁熸棤娉ㄩ噴
ods,odsplm_hac_changeinfo,ds_rd_rw,SELECT,,婧愮郴缁熸棤娉ㄩ噴
ods,odsplm_hac_crossstatechangeorderinfo,ds_rd_rw,SELECT,,婧愮郴缁熸棤娉ㄩ噴
ods,odsplm_hac_materialinfo,ds_rd_rw,SELECT,,婧愮郴缁熸棤娉ㄩ噴
ods,odsplm_hac_plmdevelopmentprojectstart,ds_rd_rw,SELECT,,婧愮郴缁熸棤娉ㄩ噴
ods,odsplm_hac_plmproductapprovalmeet,ds_rd_rw,SELECT,,浜у搧绔嬮」瀹℃壒浼氳璁板綍琛?
ods,odsplm_hac_plmproductplatform,ds_rd_rw,SELECT,,婧愮郴缁熸棤娉ㄩ噴
ods,odsplm_hac_plmyearplan,ds_rd_rw,SELECT,,鏂板搧骞村害璁″垝琛?
ods,odsplm_hac_plmyearplanchild,ds_rd_rw,SELECT,,骞村害璁″垝瀛愯〃
ods,odsplm_hac_product_info,ds_rd_rw,SELECT,,椤圭洰銆佷骇鍝佸搴斿叧绯?
ods,odsplm_hac_productdevelopdoc,ds_rd_rw,SELECT,,寮€鍙戝缓璁功淇℃伅琛?
ods,odsplm_hac_productdevelopdocchild,ds_rd_rw,SELECT,,寮€鍙戝缓璁功涓庢満鍨嬪叧鑱旇〃
ods,odsplm_hac_project_change,ds_rd_rw,SELECT,,婧愮郴缁熸棤娉ㄩ噴
ods,odsplm_hac_project_info,ds_rd_rw,SELECT,,婧愮郴缁熸棤娉ㄩ噴
ods,odsplm_hac_project_phase,ds_rd_rw,SELECT,,婧愮郴缁熸棤娉ㄩ噴
ods,odsplm_hac_sap_info,ds_rd_rw,SELECT,,婧愮郴缁熸棤娉ㄩ噴
ods,odsplm_hac_u_dsj_productbom,ds_rd_rw,SELECT,,浜у搧bom鍏ユ箹琛?
ods,odsplm_his_cbgprojectindex,ds_rd_rw,SELECT,,婧愮郴缁熸棤娉ㄩ噴
ods,odsplm_his_risk_response_measures,ds_rd_rw,SELECT,,椋庨櫓搴斿鎺柦琛?
ods,odsplm_his_trbom_costtable,ds_rd_rw,SELECT,,TRBOM浠锋牸琛?
ods,odsplm_hsfactorymodel,ds_rd_rw,SELECT,,婧愮郴缁熸棤娉ㄩ噴
ods,odsplm_hsfactorymodelpartdetails,ds_rd_rw,SELECT,,婧愮郴缁熸棤娉ㄩ噴
ods,odsplm_hslaserproductefficiency,ds_rd_rw,SELECT,,婧愮郴缁熸棤娉ㄩ噴
ods,odsplm_hslaserprojectmanagement,ds_rd_rw,SELECT,,婧愮郴缁熸棤娉ㄩ噴
ods,odsplm_hspartcategory,ds_rd_rw,SELECT,,婧愮郴缁熸棤娉ㄩ噴
ods,odsplm_hsproductmodelcomparison,ds_rd_rw,SELECT,,婧愮郴缁熸棤娉ㄩ噴
ods,odsplm_hsproductmodelcomparisontable,ds_rd_rw,SELECT,,婧愮郴缁熸棤娉ㄩ噴
ods,odsplm_hsremotecontrol,ds_rd_rw,SELECT,,婧愮郴缁熸棤娉ㄩ噴
ods,odsplm_model_box_kt_table,ds_rd_rw,SELECT,,婧愮郴缁熸棤娉ㄩ噴
ods,odsplm_model_kt_table,ds_rd_rw,SELECT,,婧愮郴缁熸棤娉ㄩ噴
ods,odsplm_node_detail,ds_rd_rw,SELECT,,婧愮郴缁熸棤娉ㄩ噴
ods,odsplm_process_detail,ds_rd_rw,SELECT,,瀹藉甫鍏徃PLM绯荤粺娴佺▼瀹℃壒鑺傜偣鏄庣粏琛?
ods,odsplm_product_model_table,ds_rd_rw,SELECT,,婧愮郴缁熸棤娉ㄩ噴
ods,odsplm_productcostlist,ds_rd_rw,SELECT,,婧愮郴缁熸棤娉ㄩ噴
ods,odsplm_project_info,ds_rd_rw,SELECT,,婧愮郴缁熸棤娉ㄩ噴
ods,odsplm_project_member,ds_rd_rw,SELECT,,婧愮郴缁熸棤娉ㄩ噴
ods,odsplm_ref_bx_qd_bom_new,ds_rd_rw,SELECT,,婧愮郴缁熸棤娉ㄩ噴
ods,odsplm_ref_bx_sd_bom,ds_rd_rw,SELECT,,婧愮郴缁熸棤娉ㄩ噴
ods,odsplm_ref_kt_qd_temp_bom_new,ds_rd_rw,SELECT,,婧愮郴缁熸棤娉ㄩ噴
ods,odsplm_ref_kt_sd_temp_bom,ds_rd_rw,SELECT,,婧愮郴缁熸棤娉ㄩ噴
ods,odsplm_ref_ktview_table,ds_rd_rw,SELECT,,婧愮郴缁熸棤娉ㄩ噴
ods,odsplm_ref_model_box_bx_table,ds_rd_rw,SELECT,,婧愮郴缁熸棤娉ㄩ噴
ods,odsplm_ref_u_all_material,ds_rd_rw,SELECT,,婧愮郴缁熸棤娉ㄩ噴
ods,odsplm_ref_u_bx_mat_prop,ds_rd_rw,SELECT,,婧愮郴缁熸棤娉ㄩ噴
ods,odsplm_ref_u_cw_mat_prop,ds_rd_rw,SELECT,,婧愮郴缁熸棤娉ㄩ噴
ods,odsplm_ref_u_dsj_change_order_all,ds_rd_rw,SELECT,,婧愮郴缁熸棤娉ㄩ噴
ods,odsplm_ref_u_dsj_epminstancelist,ds_rd_rw,SELECT,,娴佺▼瀹炰緥鏄庣粏琛?
ods,odsplm_ref_u_dsj_epmnodelist,ds_rd_rw,SELECT,,娴佺▼瀹炰緥鑺傜偣鏄庣粏琛?
ods,odsplm_ref_u_dsj_productbom,ds_rd_rw,SELECT,,浜у搧bom鍏ユ箹琛?
ods,odsplm_ref_u_dsj_sjj_material,ds_rd_rw,SELECT,,鍗囬檷绾х墿鏂欑粺璁¤〃
ods,odsplm_ref_u_dsj_task_productbom,ds_rd_rw,SELECT,,浜у搧bom鍏ユ箹浠诲姟琛?
ods,odsplm_ref_u_kt_mat_prop,ds_rd_rw,SELECT,,婧愮郴缁熸棤娉ㄩ噴
ods,odsplm_ref_u_lg_mat_prop,ds_rd_rw,SELECT,,婧愮郴缁熸棤娉ㄩ噴
ods,odsplm_ref_u_xyj_mat_prop,ds_rd_rw,SELECT,,婧愮郴缁熸棤娉ㄩ噴
ods,odsplm_ref_xyj_bom,ds_rd_rw,SELECT,,婧愮郴缁熸棤娉ㄩ噴
ods,odsplm_tv_hscommunicationpartdetails,ds_rd_rw,SELECT,,婧愮郴缁熸棤娉ㄩ噴
ods,odsplm_tv_hsmodelpartno,ds_rd_rw,SELECT,,婧愮郴缁熸棤娉ㄩ噴
ods,odsplm_tv_hsproductkeyindicators,ds_rd_rw,SELECT,,婧愮郴缁熸棤娉ㄩ噴
ods,odsplm_tv_hsproductline,ds_rd_rw,SELECT,,婧愮郴缁熸棤娉ㄩ噴
ods,odsplm_tv_hsproductprotypevarianttable,ds_rd_rw,SELECT,,婧愮郴缁熸棤娉ㄩ噴
ods,odsplm_tv_hszhihuiyuntu,ds_rd_rw,SELECT,,婧愮郴缁熸棤娉ㄩ噴
ods,odsplm_tv_mod_sale_table,ds_rd_rw,SELECT,,婧愮郴缁熸棤娉ㄩ噴
ods,odsplm_u_all_product,ds_rd_rw,SELECT,,鍐板喎娲楃┖鍘ㄤ骇鍝佸叆婀?
ods,odsplm_u_bx_prod_prop,ds_rd_rw,SELECT,,婧愮郴缁熸棤娉ㄩ噴
ods,odsplm_u_cw_prod_prop,ds_rd_rw,SELECT,,婧愮郴缁熸棤娉ㄩ噴
ods,odsplm_u_dsj_kt_ics,ds_rd_rw,SELECT,,婧愮郴缁熸棤娉ㄩ噴
ods,odsplm_u_dsj_productbom_all,ds_rd_rw,SELECT,,浜у搧bom鍏ユ箹琛?
ods,odsplm_u_kt_prod_prop,ds_rd_rw,SELECT,,婧愮郴缁熸棤娉ㄩ噴
ods,odsplm_u_lg_prod_prop,ds_rd_rw,SELECT,,婧愮郴缁熸棤娉ㄩ噴
ods,odsplm_u_xyj_prod_prop,ds_rd_rw,SELECT,,婧愮郴缁熸棤娉ㄩ噴
ods,odsplm_utilization_cw_table,ds_rd_rw,SELECT,,婧愮郴缁熸棤娉ㄩ噴
ods,odsplm_utilization_kt_table,ds_rd_rw,SELECT,,婧愮郴缁熸棤娉ㄩ噴
ods,odsplm_workitem_detail,ds_rd_rw,SELECT,,婧愮郴缁熸棤娉ㄩ噴
ods,odsqms_QMS_FXGL_T_ASSESSMENT,ds_rd_rw,SELECT,,
ods,odsqms_act_ru_usual_audit,ds_rd_rw,SELECT,,婧愮郴缁熸棤娉ㄩ噴
ods,odsrdm_equipment_specifications,ds_rd_rw,SELECT,,婧愮郴缁熸棤娉ㄩ噴
ods,odsrdm_holiday,ds_rd_rw,SELECT,,
ods,odsrdm_i_sap_material,ds_rd_rw,SELECT,,婧愮郴缁熸棤娉ㄩ噴
ods,odsrdm_jbpm_processinstance,ds_rd_rw,SELECT,,婧愮郴缁熸棤娉ㄩ噴
ods,odsrdm_t_bug_bug,ds_rd_rw,SELECT,,婧愮郴缁熸棤娉ㄩ噴
ods,odsrdm_t_bug_ext,ds_rd_rw,SELECT,,
ods,odsrdm_t_chg_chg,ds_rd_rw,SELECT,,婧愮郴缁熸棤娉ㄩ噴
ods,odsrdm_t_chg_ext,ds_rd_rw,SELECT,,
ods,odsrdm_t_doc_doc,ds_rd_rw,SELECT,,婧愮郴缁熸棤娉ㄩ噴
ods,odsrdm_t_doc_ext,ds_rd_rw,SELECT,,婧愮郴缁熸棤娉ㄩ噴
ods,odsrdm_t_hisense_bg_expanbasetoa,ds_rd_rw,SELECT,,婧愮郴缁熸棤娉ㄩ噴
ods,odsrdm_t_hisense_bg_expanpointtoa,ds_rd_rw,SELECT,,婧愮郴缁熸棤娉ㄩ噴
ods,odsrdm_t_hisense_bg_homemadeltoout,ds_rd_rw,SELECT,,婧愮郴缁熸棤娉ㄩ噴
ods,odsrdm_t_hisense_bg_homemadematerial,ds_rd_rw,SELECT,,婧愮郴缁熸棤娉ㄩ噴
ods,odsrdm_t_hisense_bg_lopcabppbuac,ds_rd_rw,SELECT,,婧愮郴缁熸棤娉ㄩ噴
ods,odsrdm_t_hisense_bg_materiel_num,ds_rd_rw,SELECT,,婧愮郴缁熸棤娉ㄩ噴
ods,odsrdm_t_hisense_bg_materiel_num_rl,ds_rd_rw,SELECT,,婧愮郴缁熸棤娉ㄩ噴
ods,odsrdm_t_hisense_bg_mmaccountdetails,ds_rd_rw,SELECT,,婧愮郴缁熸棤娉ㄩ噴
ods,odsrdm_t_hisense_bg_mon_phaseattount,ds_rd_rw,SELECT,,婧愮郴缁熸棤娉ㄩ噴
ods,odsrdm_t_hisense_bg_month_account,ds_rd_rw,SELECT,,婧愮郴缁熸棤娉ㄩ噴
ods,odsrdm_t_hisense_bg_month_account_bx,ds_rd_rw,SELECT,,婧愮郴缁熸棤娉ㄩ噴
ods,odsrdm_t_hisense_bg_month_account_kf,ds_rd_rw,SELECT,,婧愮郴缁熸棤娉ㄩ噴
ods,odsrdm_t_hisense_bg_month_account_rl,ds_rd_rw,SELECT,,婧愮郴缁熸棤娉ㄩ噴
ods,odsrdm_t_hisense_bg_outtohomemade,ds_rd_rw,SELECT,,婧愮郴缁熸棤娉ㄩ噴
ods,odsrdm_t_hisense_bg_rlcgzpljjbd,ds_rd_rw,SELECT,,婧愮郴缁熸棤娉ㄩ噴
ods,odsrdm_t_hisense_bg_techyhrl_batch,ds_rd_rw,SELECT,,婧愮郴缁熸棤娉ㄩ噴
ods,odsrdm_t_hisense_bg_wholemachine_rep,ds_rd_rw,SELECT,,婧愮郴缁熸棤娉ㄩ噴
ods,odsrdm_t_hisense_bpproduct_sales,ds_rd_rw,SELECT,,婧愮郴缁熸棤娉ㄩ噴
ods,odsrdm_t_hisense_categorybenefits,ds_rd_rw,SELECT,,婧愮郴缁熸棤娉ㄩ噴
ods,odsrdm_t_hisense_categoryreport,ds_rd_rw,SELECT,,婧愮郴缁熸棤娉ㄩ噴
ods,odsrdm_t_hisense_field_change,ds_rd_rw,SELECT,,婧愮郴缁熸棤娉ㄩ噴
ods,odsrdm_t_hisense_fulltaxonomy,ds_rd_rw,SELECT,,婧愮郴缁熸棤娉ㄩ噴
ods,odsrdm_t_hisense_kt_boms,ds_rd_rw,SELECT,,婧愮郴缁熸棤娉ㄩ噴
ods,odsrdm_t_hisense_new_product,ds_rd_rw,SELECT,,婧愮郴缁熸棤娉ㄩ噴
ods,odsrdm_t_hisense_obj_development,ds_rd_rw,SELECT,,寮€鍙戝懆鏈熷搴旇〃
ods,odsrdm_t_hisense_obj_gprate,ds_rd_rw,SELECT,,姣涘埄鐜囧搴旇〃
ods,odsrdm_t_hisense_pro_info,ds_rd_rw,SELECT,,婧愮郴缁熸棤娉ㄩ噴
ods,odsrdm_t_hisense_requirement_product,ds_rd_rw,SELECT,,婧愮郴缁熸棤娉ㄩ噴
ods,odsrdm_t_hisense_rl_oncebenefit,ds_rd_rw,SELECT,,婧愮郴缁熸棤娉ㄩ噴
ods,odsrdm_t_hisense_rlcg_oncebenefit,ds_rd_rw,SELECT,,婧愮郴缁熸棤娉ㄩ噴
ods,odsrdm_t_hisense_rlgy_benefit,ds_rd_rw,SELECT,,婧愮郴缁熸棤娉ㄩ噴
ods,odsrdm_t_hisense_specialmat_price,ds_rd_rw,SELECT,,婧愮郴缁熸棤娉ㄩ噴
ods,odsrdm_t_hisense_spectrumconfig,ds_rd_rw,SELECT,,婧愮郴缁熸棤娉ㄩ噴
ods,odsrdm_t_lc_phase,ds_rd_rw,SELECT,,婧愮郴缁熸棤娉ㄩ噴
ods,odsrdm_t_mrq_ext,ds_rd_rw,SELECT,,婧愮郴缁熸棤娉ㄩ噴
ods,odsrdm_t_mrq_market,ds_rd_rw,SELECT,,婧愮郴缁熸棤娉ㄩ噴
ods,odsrdm_t_nw_kt,ds_rd_rw,SELECT,,婧愮郴缁熸棤娉ㄩ噴
ods,odsrdm_t_nw_lg,ds_rd_rw,SELECT,,婧愮郴缁熸棤娉ㄩ噴
ods,odsrdm_t_nw_sykt,ds_rd_rw,SELECT,,婧愮郴缁熸棤娉ㄩ噴
ods,odsrdm_t_nw_xyj,ds_rd_rw,SELECT,,婧愮郴缁熸棤娉ㄩ噴
ods,odsrdm_t_nx_bx,ds_rd_rw,SELECT,,婧愮郴缁熸棤娉ㄩ噴
ods,odsrdm_t_obj_baseinfo,ds_rd_rw,SELECT,,婧愮郴缁熸棤娉ㄩ噴
ods,odsrdm_t_obj_baseitem,ds_rd_rw,SELECT,,婧愮郴缁熸棤娉ㄩ噴
ods,odsrdm_t_obj_ophis,ds_rd_rw,SELECT,,婧愮郴缁熸棤娉ㄩ噴
ods,odsrdm_t_obj_oprec,ds_rd_rw,SELECT,,婧愮郴缁熸棤娉ㄩ噴
ods,odsrdm_t_obj_rlt,ds_rd_rw,SELECT,,婧愮郴缁熸棤娉ㄩ噴
ods,odsrdm_t_obj_type,ds_rd_rw,SELECT,,婧愮郴缁熸棤娉ㄩ噴
ods,odsrdm_t_pim_ext,ds_rd_rw,SELECT,,婧愮郴缁熸棤娉ㄩ噴
ods,odsrdm_t_pim_milstn,ds_rd_rw,SELECT,,婧愮郴缁熸棤娉ㄩ噴
ods,odsrdm_t_pim_pim,ds_rd_rw,SELECT,,婧愮郴缁熸棤娉ㄩ噴
ods,odsrdm_t_pln_milstn,ds_rd_rw,SELECT,,婧愮郴缁熸棤娉ㄩ噴
ods,odsrdm_t_psm_ext,ds_rd_rw,SELECT,,
ods,odsrdm_t_psm_pjt,ds_rd_rw,SELECT,,婧愮郴缁熸棤娉ㄩ噴
ods,odsrdm_t_rew_ext,ds_rd_rw,SELECT,,婧愮郴缁熸棤娉ㄩ噴
ods,odsrdm_t_rew_point,ds_rd_rw,SELECT,,婧愮郴缁熸棤娉ㄩ噴
ods,odsrdm_t_rew_review,ds_rd_rw,SELECT,,婧愮郴缁熸棤娉ㄩ噴
ods,odsrdm_t_rsk_ext,ds_rd_rw,SELECT,,婧愮郴缁熸棤娉ㄩ噴
ods,odsrdm_t_rsk_rsk,ds_rd_rw,SELECT,,婧愮郴缁熸棤娉ㄩ噴
ods,odsrdm_t_sec_rol,ds_rd_rw,SELECT,,婧愮郴缁熸棤娉ㄩ噴
ods,odsrdm_t_sec_userrol,ds_rd_rw,SELECT,,婧愮郴缁熸棤娉ㄩ噴
ods,odsrdm_t_sys_dpt,ds_rd_rw,SELECT,,婧愮郴缁熸棤娉ㄩ噴
ods,odsrdm_t_sys_emp,ds_rd_rw,SELECT,,婧愮郴缁熸棤娉ㄩ噴
ods,odsrdm_t_sys_user,ds_rd_rw,SELECT,,婧愮郴缁熸棤娉ㄩ噴
ods,odsrdm_t_wf11_ext,ds_rd_rw,SELECT,,婧愮郴缁熸棤娉ㄩ噴
ods,odsrdm_t_wf11_wf11,ds_rd_rw,SELECT,,婧愮郴缁熸棤娉ㄩ噴
ods,odsrdm_t_wf12_ext,ds_rd_rw,SELECT,,婧愮郴缁熸棤娉ㄩ噴
ods,odsrdm_t_wf12_wf12,ds_rd_rw,SELECT,,婧愮郴缁熸棤娉ㄩ噴
ods,odsrdm_t_wf13_ext,ds_rd_rw,SELECT,,婧愮郴缁熸棤娉ㄩ噴
ods,odsrdm_t_wf13_wf13,ds_rd_rw,SELECT,,婧愮郴缁熸棤娉ㄩ噴
ods,odsrdm_t_wf15_ext,ds_rd_rw,SELECT,,婧愮郴缁熸棤娉ㄩ噴
ods,odsrdm_t_wf15_wf15,ds_rd_rw,SELECT,,婧愮郴缁熸棤娉ㄩ噴
ods,odsrdm_t_wf17_ext,ds_rd_rw,SELECT,,婧愮郴缁熸棤娉ㄩ噴
ods,odsrdm_t_wf17_wf17,ds_rd_rw,SELECT,,婧愮郴缁熸棤娉ㄩ噴
ods,odsrdm_t_wf18_ext,ds_rd_rw,SELECT,,婧愮郴缁熸棤娉ㄩ噴
ods,odsrdm_t_wf18_wf18,ds_rd_rw,SELECT,,婧愮郴缁熸棤娉ㄩ噴
ods,odsrdm_t_wf19_ext,ds_rd_rw,SELECT,,婧愮郴缁熸棤娉ㄩ噴
ods,odsrdm_t_wf19_wf19,ds_rd_rw,SELECT,,婧愮郴缁熸棤娉ㄩ噴
ods,odsrdm_t_wf20_ext,ds_rd_rw,SELECT,,婧愮郴缁熸棤娉ㄩ噴
ods,odsrdm_t_wf20_wf20,ds_rd_rw,SELECT,,婧愮郴缁熸棤娉ㄩ噴
ods,odsrdm_t_wf21_ext,ds_rd_rw,SELECT,,婧愮郴缁熸棤娉ㄩ噴
ods,odsrdm_t_wf21_wf21,ds_rd_rw,SELECT,,婧愮郴缁熸棤娉ㄩ噴
ods,odsrdm_t_wf24_ext,ds_rd_rw,SELECT,,婧愮郴缁熸棤娉ㄩ噴
ods,odsrdm_t_wf24_wf24,ds_rd_rw,SELECT,,婧愮郴缁熸棤娉ㄩ噴
ods,odsrdm_t_wf25_ext,ds_rd_rw,SELECT,,婧愮郴缁熸棤娉ㄩ噴
ods,odsrdm_t_wf25_wf25,ds_rd_rw,SELECT,,婧愮郴缁熸棤娉ㄩ噴
ods,odsrdm_t_wf2_ext,ds_rd_rw,SELECT,,婧愮郴缁熸棤娉ㄩ噴
ods,odsrdm_t_wf2_wf2,ds_rd_rw,SELECT,,婧愮郴缁熸棤娉ㄩ噴
ods,odsrdm_t_wf30_ext,ds_rd_rw,SELECT,,婧愮郴缁熸棤娉ㄩ噴
ods,odsrdm_t_wf30_wf30,ds_rd_rw,SELECT,,婧愮郴缁熸棤娉ㄩ噴
ods,odsrdm_t_wf31_ext,ds_rd_rw,SELECT,,婧愮郴缁熸棤娉ㄩ噴
ods,odsrdm_t_wf31_wf31,ds_rd_rw,SELECT,,婧愮郴缁熸棤娉ㄩ噴
ods,odsrdm_t_wf32_ext,ds_rd_rw,SELECT,,
ods,odsrdm_t_wf32_wf32,ds_rd_rw,SELECT,,婧愮郴缁熸棤娉ㄩ噴
ods,odsrdm_t_wf33_ext,ds_rd_rw,SELECT,,婧愮郴缁熸棤娉ㄩ噴
ods,odsrdm_t_wf33_wf33,ds_rd_rw,SELECT,,婧愮郴缁熸棤娉ㄩ噴
ods,odsrdm_t_wf36_ext,ds_rd_rw,SELECT,,婧愮郴缁熸棤娉ㄩ噴
ods,odsrdm_t_wf36_wf36,ds_rd_rw,SELECT,,婧愮郴缁熸棤娉ㄩ噴
ods,odsrdm_t_wf3_ext,ds_rd_rw,SELECT,,婧愮郴缁熸棤娉ㄩ噴
ods,odsrdm_t_wf3_wf3,ds_rd_rw,SELECT,,婧愮郴缁熸棤娉ㄩ噴
ods,odsrdm_t_wf40_ext,ds_rd_rw,SELECT,,婧愮郴缁熸棤娉ㄩ噴
ods,odsrdm_t_wf40_wf40,ds_rd_rw,SELECT,,婧愮郴缁熸棤娉ㄩ噴
ods,odsrdm_t_wf4_ext,ds_rd_rw,SELECT,,婧愮郴缁熸棤娉ㄩ噴
ods,odsrdm_t_wf4_wf4,ds_rd_rw,SELECT,,婧愮郴缁熸棤娉ㄩ噴
ods,odsrdm_t_wf52_ext,ds_rd_rw,SELECT,,婧愮郴缁熸棤娉ㄩ噴
ods,odsrdm_t_wf52_wf52,ds_rd_rw,SELECT,,婧愮郴缁熸棤娉ㄩ噴
ods,odsrdm_t_wf55_ext,ds_rd_rw,SELECT,,婧愮郴缁熸棤娉ㄩ噴
ods,odsrdm_t_wf55_wf55,ds_rd_rw,SELECT,,婧愮郴缁熸棤娉ㄩ噴
ods,odsrdm_t_wf56_ext,ds_rd_rw,SELECT,,婧愮郴缁熸棤娉ㄩ噴
ods,odsrdm_t_wf64_ext,ds_rd_rw,SELECT,,婧愮郴缁熸棤娉ㄩ噴
ods,odsrdm_t_wf67_ext,ds_rd_rw,SELECT,,婧愮郴缁熸棤娉ㄩ噴
ods,odsrdm_t_wf67_wf67,ds_rd_rw,SELECT,,婧愮郴缁熸棤娉ㄩ噴
ods,odsrdm_t_wf68_ext,ds_rd_rw,SELECT,,婧愮郴缁熸棤娉ㄩ噴
ods,odsrdm_t_wf68_wf68,ds_rd_rw,SELECT,,婧愮郴缁熸棤娉ㄩ噴
ods,odsrdm_t_wf6_ext,ds_rd_rw,SELECT,,婧愮郴缁熸棤娉ㄩ噴
ods,odsrdm_t_wf6_wf6,ds_rd_rw,SELECT,,婧愮郴缁熸棤娉ㄩ噴
ods,odsrdm_t_wf70_ext,ds_rd_rw,SELECT,,婧愮郴缁熸棤娉ㄩ噴
ods,odsrdm_t_wf70_wf70,ds_rd_rw,SELECT,,婧愮郴缁熸棤娉ㄩ噴
ods,odsrdm_t_wf73_ext,ds_rd_rw,SELECT,,婧愮郴缁熸棤娉ㄩ噴
ods,odsrdm_t_wf73_wf73,ds_rd_rw,SELECT,,婧愮郴缁熸棤娉ㄩ噴
ods,odsrdm_t_wf86_ext,ds_rd_rw,SELECT,,婧愮郴缁熸棤娉ㄩ噴
ods,odsrdm_t_wf95_ext,ds_rd_rw,SELECT,,婧愮郴缁熸棤娉ㄩ噴
ods,odsrdm_t_wf95_wf95,ds_rd_rw,SELECT,,婧愮郴缁熸棤娉ㄩ噴
ods,odsrdm_t_wf9_ext,ds_rd_rw,SELECT,,
ods,odsrdm_t_wf9_wf9,ds_rd_rw,SELECT,,婧愮郴缁熸棤娉ㄩ噴
ods,odsrdm_t_wf_field,ds_rd_rw,SELECT,,婧愮郴缁熸棤娉ㄩ噴
ods,odsrdm_t_wf_myreceive,ds_rd_rw,SELECT,,婧愮郴缁熸棤娉ㄩ噴
ods,odsrdm_t_wf_node,ds_rd_rw,SELECT,,婧愮郴缁熸棤娉ㄩ噴
ods,odsrdm_t_wf_status,ds_rd_rw,SELECT,,婧愮郴缁熸棤娉ㄩ噴
ods,odsrdm_t_wf_type,ds_rd_rw,SELECT,,婧愮郴缁熸棤娉ㄩ噴
ods,odsrdm_t_wf_workflow,ds_rd_rw,SELECT,,婧愮郴缁熸棤娉ㄩ噴
ods,odsrdm_t_xyj_bom,ds_rd_rw,SELECT,,婧愮郴缁熸棤娉ㄩ噴
ods,odsrdm_v_get_project_info,ds_rd_rw,SELECT,,婧愮郴缁熸棤娉ㄩ噴
ods,odss600_lfa1,ds_rd_rw,SELECT,,MDG渚涘簲鍟嗗悕绉拌嫳鏂?
ods,odss600_mara,ds_rd_rw,SELECT,,婧愮郴缁熸棤娉ㄩ噴
ods,odss600_marc,ds_rd_rw,SELECT,,婧愮郴缁熸棤娉ㄩ噴
ods,odss600_zexpl_bom,ds_rd_rw,SELECT,,婧愮郴缁熸棤娉ㄩ噴
ods,odss600_ztmdg01,ds_rd_rw,SELECT,,
ods,odss600_zts600_zsd080,ds_rd_rw,SELECT,,
ods,odss700_lfa1,ds_rd_rw,SELECT,,MDG渚涘簲鍟嗗悕绉拌嫳鏂?
ods,odss700_mara,ds_rd_rw,SELECT,,婧愮郴缁熸棤娉ㄩ噴
ods,odss700_marc,ds_rd_rw,SELECT,,婧愮郴缁熸棤娉ㄩ噴
ods,odss700_zexpl_bom,ds_rd_rw,SELECT,,婧愮郴缁熸棤娉ㄩ噴
ods,odss800_lfa1,ds_rd_rw,SELECT,,MDG渚涘簲鍟嗗悕绉拌嫳鏂?
ods,odss800_mara,ds_rd_rw,SELECT,,婧愮郴缁熸棤娉ㄩ噴
ods,odss800_marc,ds_rd_rw,SELECT,,婧愮郴缁熸棤娉ㄩ噴
ods,odss800_tcurr,ds_rd_rw,SELECT,,姹囩巼
ods,odss800_zexpl_bom,ds_rd_rw,SELECT,,婧愮郴缁熸棤娉ㄩ噴
ods,odss800_ztmdg01,ds_rd_rw,SELECT,,
ods,odss810_ZTSD_ZCPKC,ds_rd_rw,SELECT,,
ods,odss900_lfa1,ds_rd_rw,SELECT,,MDG渚涘簲鍟嗗悕绉拌嫳鏂?
ods,odss900_mara,ds_rd_rw,SELECT,,GMV
ods,odss900_marc,ds_rd_rw,SELECT,,绉伴噸鏍囪瘑
ods,odss900_mchb,ds_rd_rw,SELECT,,900鐜版湁搴撳瓨
ods,odss900_mchbh,ds_rd_rw,SELECT,,
ods,odss900_zexpl_bom,ds_rd_rw,SELECT,,婧愮郴缁熸棤娉ㄩ噴
ods,odss900_zrdm_fert_day_quantity,ds_rd_rw,SELECT,,婧愮郴缁熸棤娉ㄩ噴
ods,odss900_zrdm_get_exchangerate,ds_rd_rw,SELECT,,
ods,odss900_zrdm_inf_read_zrmm016,ds_rd_rw,SELECT,,閲囪喘淇℃伅璁板綍琛?
ods,odss900_zrdm_master_data_mara,ds_rd_rw,SELECT,,SAP鐗╂枡涓绘暟鎹?
ods,odss900_zrdm_rfc_bom_infoadd,ds_rd_rw,SELECT,,婧愮郴缁熸棤娉ㄩ噴
ods,odss900_zrdm_roh_day_quantity,ds_rd_rw,SELECT,,婧愮郴缁熸棤娉ㄩ噴
ods,odss900_zrdm_zfi33_price,ds_rd_rw,SELECT,,婧愮郴缁熸棤娉ㄩ噴
ods,odss900_ztmdg01,ds_rd_rw,SELECT,,涓€绾х爺鍙戠粍缁囦笌宸ュ巶瀵瑰簲鍏崇郴
ods,odss990_ZMDGT139,ds_rd_rw,SELECT,,
ods,odss990_ZMDGT150,ds_rd_rw,SELECT,,
ods,odss990_ZMDGT153,ds_rd_rw,SELECT,,
ods,odss990_makt,ds_rd_rw,SELECT,,鏁版嵁鎶藉彇鏃堕棿
ods,odss990_mara,ds_rd_rw,SELECT,,婧愮郴缁熸棤娉ㄩ噴
ods,odss990_tgsb,ds_rd_rw,SELECT,,涓氬姟鑼冨洿
ods,odss990_zmdgt074,ds_rd_rw,SELECT,,鍔犺浇鏃堕棿
ods,odss990_zmdgt087,ds_rd_rw,SELECT,,鍔犺浇鏃堕棿
ods,odss990_zmdgt113,ds_rd_rw,SELECT,,婧愮郴缁熸棤娉ㄩ噴
ods,odss990_zmdgt134,ds_rd_rw,SELECT,,鍔犺浇鏃堕棿
ods,odss990_zmdgt137,ds_rd_rw,SELECT,,涓氬姟鑼冨洿鍜屽叕鍙镐唬鐮佸叧绯?
ods,odss990_zmdgt138,ds_rd_rw,SELECT,,鍋滅敤鏍囪瘑
ods,odss990_zmdgt143,ds_rd_rw,SELECT,,鍒╂鼎涓績涓庢垚鏈腑蹇冨叧绯昏〃
ods,odss990_zmdgt144,ds_rd_rw,SELECT,,涓氬姟鑼冨洿涓庢垚鏈腑蹇冨叧绯昏〃
ods,odss990_zmdgt_pcomp,ds_rd_rw,SELECT,,MDG鐢熶骇鎬х墿鏂欏紩鐢ㄤ俊鎭〃
ods,odsscm_plan_cm_change_mto,ds_rd_rw,SELECT,,鎵规琛?
ods,odsscm_sc_cm_daily_operating_planning,ds_rd_rw,SELECT,,鏃ヤ綔涓氳鍒掕〃锛圱+3璁″垝琛級
ods,odsscm_sc_first_order,ds_rd_rw,SELECT,,璁″垝棣栧崟琛?
ods,odsscm_v_first_order_data_rdm,ds_rd_rw,SELECT,,婧愮郴缁熸棤娉ㄩ噴
ods,odsscm_wo_cm_work_order,ds_rd_rw,SELECT,,宸ュ崟琛?
ods,odssftp_abroad_voc,ds_rd_rw,SELECT,,
ods,odsslt_s600_mara,ds_rd_rw,SELECT,,甯歌鐗╂枡鏁版嵁
ods,odsslt_s600_mara,ds_rd_rw,INSERT,,甯歌鐗╂枡鏁版嵁
ods,odsslt_s600_mara,ds_rd_rw,ALTER,,甯歌鐗╂枡鏁版嵁
ods,odsslt_s600_mara,ds_rd_rw,CREATE,,甯歌鐗╂枡鏁版嵁
ods,odsslt_s600_mara,ds_rd_rw,DROP,,甯歌鐗╂枡鏁版嵁
ods,odsslt_s800_mara,ds_rd_rw,SELECT,,甯歌鐗╂枡鏁版嵁
ods,odssrmn_md_org,ds_rd_rw,SELECT,,宸ュ巶
ods,odssrmn_md_org_company,ds_rd_rw,SELECT,,宸ュ巶-浜у搧鍏徃鍏崇郴琛?
ods,odssrmn_md_supp_client,ds_rd_rw,SELECT,,渚涘簲鍟哠AP缂栫爜琛?
ods,odssrmn_md_supp_info,ds_rd_rw,SELECT,,渚涘簲鍟嗕俊鎭〃(涓氬姟鎵ц浣跨敤)
ods,odsstgS700_ZTMDG01,ds_rd_rw,SELECT,,
ods,odssyma_FORM02SFDKCGVF,ds_rd_rw,SELECT,,
ods,odssyma_FORMFVEXBPDDQU,ds_rd_rw,SELECT,,
ods,odssyma_FORMNSH7DIC0K7,ds_rd_rw,SELECT,,
ods,odssyma_FORMSJACEMVPCS,ds_rd_rw,SELECT,,
ods,odssyma_form1szavohsjl,ds_rd_rw,SELECT,,婧愮郴缁熸棤娉ㄩ噴
ods,odssyma_form3t4qx2n2mk,ds_rd_rw,SELECT,,婧愮郴缁熸棤娉ㄩ噴
ods,odssyma_form4mgmqxibnx,ds_rd_rw,SELECT,,婧愮郴缁熸棤娉ㄩ噴
ods,odssyma_formalckmgrnip,ds_rd_rw,SELECT,,婧愮郴缁熸棤娉ㄩ噴
ods,odssyma_formbby5ffxrfh,ds_rd_rw,SELECT,,婧愮郴缁熸棤娉ㄩ噴
ods,odssyma_formc02bqicye3,ds_rd_rw,SELECT,,婧愮郴缁熸棤娉ㄩ噴
ods,odssyma_formd1jbb4bnrb,ds_rd_rw,SELECT,,婧愮郴缁熸棤娉ㄩ噴
ods,odssyma_formfvexbpddqu,ds_rd_rw,SELECT,,婧愮郴缁熸棤娉ㄩ噴
ods,odssyma_formga7croppma,ds_rd_rw,SELECT,,婧愮郴缁熸棤娉ㄩ噴
ods,odssyma_formiws0gh4cz2,ds_rd_rw,SELECT,,婧愮郴缁熸棤娉ㄩ噴
ods,odssyma_formkwiq2ylcly,ds_rd_rw,SELECT,,婧愮郴缁熸棤娉ㄩ噴
ods,odssyma_formlechb2xugk,ds_rd_rw,SELECT,,婧愮郴缁熸棤娉ㄩ噴
ods,odssyma_formmnea1w8j8j,ds_rd_rw,SELECT,,婧愮郴缁熸棤娉ㄩ噴
ods,odssyma_formnsh7dic0k7,ds_rd_rw,SELECT,,婧愮郴缁熸棤娉ㄩ噴
ods,odssyma_formqomayentkd,ds_rd_rw,SELECT,,婧愮郴缁熸棤娉ㄩ噴
ods,odssyma_formrsbybwj5hs,ds_rd_rw,SELECT,,婧愮郴缁熸棤娉ㄩ噴
ods,odssyma_formsahxwvkjah,ds_rd_rw,SELECT,,婧愮郴缁熸棤娉ㄩ噴
ods,odssyma_formsjacemvpcs,ds_rd_rw,SELECT,,婧愮郴缁熸棤娉ㄩ噴
ods,odssyma_formun3cie40js,ds_rd_rw,SELECT,,婧愮郴缁熸棤娉ㄩ噴
ods,odssyma_formv33riam52u,ds_rd_rw,SELECT,,婧愮郴缁熸棤娉ㄩ噴
ods,odssyma_formxa9mtrlhri,ds_rd_rw,SELECT,,婧愮郴缁熸棤娉ㄩ噴
ods,odssyma_formyzl9mftweq,ds_rd_rw,SELECT,,
ods,odssyma_formz0ghqhwxug,ds_rd_rw,SELECT,,婧愮郴缁熸棤娉ㄩ噴
ods,odssyma_formzimcwppqod,ds_rd_rw,SELECT,,婧愮郴缁熸棤娉ㄩ噴
ods,odssyma_odssyma_formyzl9mftweq_new,ds_rd_rw,SELECT,,
ods,odstcplm_u_all_material,ds_rd_rw,SELECT,,婧愮郴缁熸棤娉ㄩ噴
ods,odstcplm_u_all_product,ds_rd_rw,SELECT,,鍐板喎娲楃┖鍘ㄤ骇鍝佸叆婀?
ods,odstcplm_u_bx_mat_prop,ds_rd_rw,SELECT,,婧愮郴缁熸棤娉ㄩ噴
ods,odstcplm_u_bx_prod_prop,ds_rd_rw,SELECT,,鍐扮浜у搧灞炴€у叆婀?
ods,odstcplm_u_cw_mat_prop,ds_rd_rw,SELECT,,婧愮郴缁熸棤娉ㄩ噴
ods,odstcplm_u_cw_prod_prop,ds_rd_rw,SELECT,,婧愮郴缁熸棤娉ㄩ噴
ods,odstcplm_u_data_dic_all_attrlist,ds_rd_rw,SELECT,,鎵€鏈夊垎绫诲睘鎬у垪琛?
ods,odstcplm_u_data_dic_attrlovlist,ds_rd_rw,SELECT,,鍒嗙被灞炴€у€奸泦(lov)瀛楀吀琛?
ods,odstcplm_u_data_dic_class_attrlist,ds_rd_rw,SELECT,,鍚勫搧绫诲垎绫诲睘鎬у垪琛ㄥ瓧鍏歌〃
ods,odstcplm_u_data_dic_fl,ds_rd_rw,SELECT,,鍒嗙被灞傜骇瀛楀吀琛?
ods,odstcplm_u_dsj_epminstancelist,ds_rd_rw,SELECT,,娴佺▼瀹炰緥鏄庣粏琛?
ods,odstcplm_u_dsj_epmnodelist,ds_rd_rw,SELECT,,娴佺▼瀹炰緥鑺傜偣鏄庣粏琛?
ods,odstcplm_u_dsj_kt_ics,ds_rd_rw,SELECT,,婧愮郴缁熸棤娉ㄩ噴
ods,odstcplm_u_dsj_productbom,ds_rd_rw,SELECT,,浜у搧bom鍏ユ箹琛?
ods,odstcplm_u_dsj_productbom_all,ds_rd_rw,SELECT,,浜у搧bom鍏ユ箹琛?
ods,odstcplm_u_dsj_productbom_kt,ds_rd_rw,SELECT,,婧愮郴缁熸棤娉ㄩ噴
ods,odstcplm_u_dsj_sjj_material,ds_rd_rw,SELECT,,鍗囬檷绾х墿鏂欑粺璁¤〃
ods,odstcplm_u_dsj_task_productbom,ds_rd_rw,SELECT,,浜у搧bom鍏ユ箹浠诲姟琛?
ods,odstcplm_u_kt_mat_prop,ds_rd_rw,SELECT,,婧愮郴缁熸棤娉ㄩ噴
ods,odstcplm_u_kt_prod_prop,ds_rd_rw,SELECT,,婧愮郴缁熸棤娉ㄩ噴
ods,odstcplm_u_lg_mat_prop,ds_rd_rw,SELECT,,婧愮郴缁熸棤娉ㄩ噴
ods,odstcplm_u_lg_prod_prop,ds_rd_rw,SELECT,,婧愮郴缁熸棤娉ㄩ噴
ods,odstcplm_u_xyj_mat_prop,ds_rd_rw,SELECT,,婧愮郴缁熸棤娉ㄩ噴
ods,odstcplm_u_xyj_prod_prop,ds_rd_rw,SELECT,,婧愮郴缁熸棤娉ㄩ噴
ods,odstss_StdCategoriys,ds_rd_rw,SELECT,,
ods,odstss_companies,ds_rd_rw,SELECT,,鍏徃淇℃伅琛?
ods,odstss_companyonelines,ds_rd_rw,SELECT,,鍏徃涓€绾у垎绫昏〃
ods,odstss_extstandardtargets,ds_rd_rw,SELECT,,
ods,odstss_stdcategoriys,ds_rd_rw,SELECT,,鏍囧噯鍒嗙被灞傜骇琛?
ods,odstss_stdprojectprogresses,ds_rd_rw,SELECT,,
ods,odstvyfcs_v_employee_dept,ds_rd_rw,SELECT,,VIEW
ods,odszdysg_blsj,ds_rd_rw,SELECT,,鑷畾涔夋墜宸ュ啺鍐锋暟鎹腑闂磋〃
ods,odszdysg_kqsj,ds_rd_rw,SELECT,,鑷畾涔夋墜宸ョ┖姘旀暟鎹腑闂磋〃
ods,odszdysg_slsj,ds_rd_rw,SELECT,,鑷畾涔夋墜宸ュ晢鍐锋暟鎹腑闂磋〃
ods,odszdysg_sxkjsj,ds_rd_rw,SELECT,,鑷畾涔夋墜宸ヨ璞＄鎶€鏁版嵁涓棿琛?
ods,odszdysg_xyjsj,ds_rd_rw,SELECT,,鑷畾涔夋墜宸ユ礂琛ｆ満鏁版嵁涓棿琛?
ods,tf_hxzlsqs,ds_rd_rw,SELECT,,
stg,S600_ZEXPL_BOM,ds_rd_rw,SELECT,,
stg,jtplm_his_order_count,ds_rd_rw,SELECT,,璁㈠崟椤圭洰鏁伴噺
stg,rdm_t_psm_ext,ds_rd_rw,SELECT,,
stg,rdm_t_wf70_wf70,ds_rd_rw,SELECT,,婧愮郴缁熸棤娉ㄩ噴
stg,s600_mara,ds_rd_rw,SELECT,,甯歌鐗╂枡鏁版嵁
stg,s600_zexpl_bom,ds_rd_rw,SELECT,,婧愮郴缁熸棤娉ㄩ噴
stg,s800_mara,ds_rd_rw,SELECT,,甯歌鐗╂枡鏁版嵁
stg,s900_zexpl_bom,ds_rd_rw,SELECT,,婧愮郴缁熸棤娉ㄩ噴
stg,sftp_abroad_voc,ds_rd_rw,SELECT,,
dim,dim_mhr_mos_org_base_info_dd,ds_ctu_ro,SELECT,,缁勭粐涓绘暟鎹熀鏈俊鎭?
dim,dim_mk_shop_detail_dd,ds_ctu_ro,SELECT,,闂ㄥ簵鏄庣粏琛?
dim,dim_mk_shop_info_dd,ds_ctu_ro,SELECT,,闂ㄥ簵鍩虹淇℃伅琛?
dim,dim_ref_data_dd,ds_ctu_ro,SELECT,,鍙傝€冩暟鎹?缂栫爜缁村害琛?
dim,dim_ref_quote_code_dd,ds_ctu_ro,SELECT,,鍙傝€冩暟鎹?浠ｇ爜缁村害琛?
dw,dim_adm_china_dd,ds_ctu_ro,SELECT,,鍖哄煙-涓浗琛屾斂鍖哄垝
dw,dim_attr_value_info_dd,ds_ctu_ro,SELECT,,灞炴€у€间俊鎭淮搴﹁〃
dw,dim_customer_base_info_dd,ds_ctu_ro,SELECT,,瀹㈡埛涓绘暟鎹熀鏈俊鎭?
dw,dim_customer_trade_info_dd,ds_ctu_ro,SELECT,,瀹㈡埛璐告槗鍏崇郴淇℃伅淇℃伅
dw,dim_date_nd,ds_ctu_ro,SELECT,,鏃ユ湡缁村害涓昏〃
dw,dim_material_attr_info_dd,ds_ctu_ro,SELECT,,鐗╂枡瀵瑰簲灞炴€у強灞炴€у€间俊鎭?
dw,dim_material_base_info_dd,ds_ctu_ro,SELECT,,鐗╂枡涓绘暟鎹熀鏈俊鎭?
dw,dim_material_class_attr_mapping_dd,ds_ctu_ro,SELECT,,鐗╂枡鍒嗙被-灞炴€у叧绯绘槧灏勮〃
dw,dim_material_class_info_dd,ds_ctu_ro,SELECT,,鐗╂枡鍒嗙被淇℃伅骞抽摵灞曠ず琛?
dw,dim_material_sap_compare_dd,ds_ctu_ro,SELECT,,鐗╂枡绯荤粺缂栫爜瀵圭収
dw,dim_product_addl_info_dd,ds_ctu_ro,SELECT,,浜у搧闄勫姞淇℃伅-鐗╂枡缁勩€侀攢鍞粍缁囦俊鎭?
dw,dim_product_attr_info_dd,ds_ctu_ro,SELECT,,浜у搧瀵瑰簲灞炴€у強灞炴€у€间俊鎭?
dw,dim_product_base_info_dd,ds_ctu_ro,SELECT,,浜у搧涓绘暟鎹熀鏈俊鎭?
dw,dim_product_base_info_nd,ds_ctu_ro,SELECT,,鐭ヨ瘑搴?浜у搧灞炴€т俊鎭?
dw,dim_product_class_info_dd,ds_ctu_ro,SELECT,,浜у搧鍒嗙被缁村害琛?
dw,dim_public_reference_data_dd,ds_ctu_ro,SELECT,,婧愮郴缁熸棤娉ㄩ噴
dw,dim_supplier_base_info_dd,ds_ctu_ro,SELECT,,渚涘簲鍟嗕富鏁版嵁鍩烘湰淇℃伅
dw,dim_supplier_company_info_dd,ds_ctu_ro,SELECT,,渚涘簲鍟?鍏徃瑙嗗浘
dws,dws_fi_mr_bxp_dklmx_di,ds_ctu_ro,SELECT,,鍐扮-澶у簱榫勬槑缁?
dws,dws_fi_mr_bxp_yxccpmx_all_di,ds_ctu_ro,SELECT,,鍐扮-钀ラ攢浜ф垚鍝佹槑缁?
ods,odss990_ZMDGT139,ds_ctu_ro,SELECT,,
ods,odss990_ZMDGT150,ds_ctu_ro,SELECT,,
ods,odss990_ZMDGT153,ds_ctu_ro,SELECT,,
ods,odss990_tgsb,ds_ctu_ro,SELECT,,涓氬姟鑼冨洿
ods,odss990_zmdgt134,ds_ctu_ro,SELECT,,鍔犺浇鏃堕棿
ods,odss990_zmdgt137,ds_ctu_ro,SELECT,,涓氬姟鑼冨洿鍜屽叕鍙镐唬鐮佸叧绯?
ods,odss990_zmdgt138,ds_ctu_ro,SELECT,,鍋滅敤鏍囪瘑
ods,odss990_zmdgt143,ds_ctu_ro,SELECT,,鍒╂鼎涓績涓庢垚鏈腑蹇冨叧绯昏〃
ods,odss990_zmdgt144,ds_ctu_ro,SELECT,,涓氬姟鑼冨洿涓庢垚鏈腑蹇冨叧绯昏〃
dim,dim_mhr_mos_org_base_info_dd,ds_audit_ro,SELECT,,缁勭粐涓绘暟鎹熀鏈俊鎭?
dim,dim_mk_shop_detail_dd,ds_audit_ro,SELECT,,闂ㄥ簵鏄庣粏琛?
dim,dim_mk_shop_info_dd,ds_audit_ro,SELECT,,闂ㄥ簵鍩虹淇℃伅琛?
dim,dim_ref_data_dd,ds_audit_ro,SELECT,,鍙傝€冩暟鎹?缂栫爜缁村害琛?
dim,dim_ref_quote_code_dd,ds_audit_ro,SELECT,,鍙傝€冩暟鎹?浠ｇ爜缁村害琛?
dw,dim_adm_china_dd,ds_audit_ro,SELECT,,鍖哄煙-涓浗琛屾斂鍖哄垝
dw,dim_attr_value_info_dd,ds_audit_ro,SELECT,,灞炴€у€间俊鎭淮搴﹁〃
dw,dim_customer_base_info_dd,ds_audit_ro,SELECT,,瀹㈡埛涓绘暟鎹熀鏈俊鎭?
dw,dim_customer_trade_info_dd,ds_audit_ro,SELECT,,瀹㈡埛璐告槗鍏崇郴淇℃伅淇℃伅
dw,dim_date_nd,ds_audit_ro,SELECT,,鏃ユ湡缁村害涓昏〃
dw,dim_material_attr_info_dd,ds_audit_ro,SELECT,,鐗╂枡瀵瑰簲灞炴€у強灞炴€у€间俊鎭?
dw,dim_material_base_info_dd,ds_audit_ro,SELECT,,鐗╂枡涓绘暟鎹熀鏈俊鎭?
dw,dim_material_class_attr_mapping_dd,ds_audit_ro,SELECT,,鐗╂枡鍒嗙被-灞炴€у叧绯绘槧灏勮〃
dw,dim_material_class_info_dd,ds_audit_ro,SELECT,,鐗╂枡鍒嗙被淇℃伅骞抽摵灞曠ず琛?
dw,dim_material_sap_compare_dd,ds_audit_ro,SELECT,,鐗╂枡绯荤粺缂栫爜瀵圭収
dw,dim_product_addl_info_dd,ds_audit_ro,SELECT,,浜у搧闄勫姞淇℃伅-鐗╂枡缁勩€侀攢鍞粍缁囦俊鎭?
dw,dim_product_attr_info_dd,ds_audit_ro,SELECT,,浜у搧瀵瑰簲灞炴€у強灞炴€у€间俊鎭?
dw,dim_product_base_info_dd,ds_audit_ro,SELECT,,浜у搧涓绘暟鎹熀鏈俊鎭?
dw,dim_product_base_info_nd,ds_audit_ro,SELECT,,鐭ヨ瘑搴?浜у搧灞炴€т俊鎭?
dw,dim_product_class_info_dd,ds_audit_ro,SELECT,,浜у搧鍒嗙被缁村害琛?
dw,dim_public_reference_data_dd,ds_audit_ro,SELECT,,婧愮郴缁熸棤娉ㄩ噴
dw,dim_supplier_base_info_dd,ds_audit_ro,SELECT,,渚涘簲鍟嗕富鏁版嵁鍩烘湰淇℃伅
dw,dim_supplier_company_info_dd,ds_audit_ro,SELECT,,渚涘簲鍟?鍏徃瑙嗗浘
ods,odsjtplm_hwa_material_info,ds_audit_ro,SELECT,,鐗╂枡鍩烘湰淇℃伅
ods,odss990_ZMDGT139,ds_audit_ro,SELECT,,
ods,odss990_ZMDGT150,ds_audit_ro,SELECT,,
ods,odss990_ZMDGT153,ds_audit_ro,SELECT,,
ods,odss990_tgsb,ds_audit_ro,SELECT,,涓氬姟鑼冨洿
ods,odss990_zmdgt134,ds_audit_ro,SELECT,,鍔犺浇鏃堕棿
ods,odss990_zmdgt137,ds_audit_ro,SELECT,,涓氬姟鑼冨洿鍜屽叕鍙镐唬鐮佸叧绯?
ods,odss990_zmdgt138,ds_audit_ro,SELECT,,鍋滅敤鏍囪瘑
ods,odss990_zmdgt143,ds_audit_ro,SELECT,,鍒╂鼎涓績涓庢垚鏈腑蹇冨叧绯昏〃
ods,odss990_zmdgt144,ds_audit_ro,SELECT,,涓氬姟鑼冨洿涓庢垚鏈腑蹇冨叧绯昏〃
dim,dim_mhr_mos_org_base_info_dd,ds_sdkpi_ro,SELECT,,缁勭粐涓绘暟鎹熀鏈俊鎭?
dim,dim_mk_shop_detail_dd,ds_sdkpi_ro,SELECT,,闂ㄥ簵鏄庣粏琛?
dim,dim_mk_shop_info_dd,ds_sdkpi_ro,SELECT,,闂ㄥ簵鍩虹淇℃伅琛?
dim,dim_ref_data_dd,ds_sdkpi_ro,SELECT,,鍙傝€冩暟鎹?缂栫爜缁村害琛?
dim,dim_ref_quote_code_dd,ds_sdkpi_ro,SELECT,,鍙傝€冩暟鎹?浠ｇ爜缁村害琛?
dw,dim_adm_china_dd,ds_sdkpi_ro,SELECT,,鍖哄煙-涓浗琛屾斂鍖哄垝
dw,dim_attr_value_info_dd,ds_sdkpi_ro,SELECT,,灞炴€у€间俊鎭淮搴﹁〃
dw,dim_customer_base_info_dd,ds_sdkpi_ro,SELECT,,瀹㈡埛涓绘暟鎹熀鏈俊鎭?
dw,dim_customer_trade_info_dd,ds_sdkpi_ro,SELECT,,瀹㈡埛璐告槗鍏崇郴淇℃伅淇℃伅
dw,dim_date_nd,ds_sdkpi_ro,SELECT,,鏃ユ湡缁村害涓昏〃
dw,dim_material_attr_info_dd,ds_sdkpi_ro,SELECT,,鐗╂枡瀵瑰簲灞炴€у強灞炴€у€间俊鎭?
dw,dim_material_base_info_dd,ds_sdkpi_ro,SELECT,,鐗╂枡涓绘暟鎹熀鏈俊鎭?
dw,dim_material_class_attr_mapping_dd,ds_sdkpi_ro,SELECT,,鐗╂枡鍒嗙被-灞炴€у叧绯绘槧灏勮〃
dw,dim_material_class_info_dd,ds_sdkpi_ro,SELECT,,鐗╂枡鍒嗙被淇℃伅骞抽摵灞曠ず琛?
dw,dim_material_sap_compare_dd,ds_sdkpi_ro,SELECT,,鐗╂枡绯荤粺缂栫爜瀵圭収
dw,dim_product_addl_info_dd,ds_sdkpi_ro,SELECT,,浜у搧闄勫姞淇℃伅-鐗╂枡缁勩€侀攢鍞粍缁囦俊鎭?
dw,dim_product_attr_info_dd,ds_sdkpi_ro,SELECT,,浜у搧瀵瑰簲灞炴€у強灞炴€у€间俊鎭?
dw,dim_product_base_info_dd,ds_sdkpi_ro,SELECT,,浜у搧涓绘暟鎹熀鏈俊鎭?
dw,dim_product_base_info_nd,ds_sdkpi_ro,SELECT,,鐭ヨ瘑搴?浜у搧灞炴€т俊鎭?
dw,dim_product_class_info_dd,ds_sdkpi_ro,SELECT,,浜у搧鍒嗙被缁村害琛?
dw,dim_public_reference_data_dd,ds_sdkpi_ro,SELECT,,婧愮郴缁熸棤娉ㄩ噴
dw,dim_supplier_base_info_dd,ds_sdkpi_ro,SELECT,,渚涘簲鍟嗕富鏁版嵁鍩烘湰淇℃伅
dw,dim_supplier_company_info_dd,ds_sdkpi_ro,SELECT,,渚涘簲鍟?鍏徃瑙嗗浘
ods,odss990_ZMDGT139,ds_sdkpi_ro,SELECT,,
ods,odss990_ZMDGT150,ds_sdkpi_ro,SELECT,,
ods,odss990_ZMDGT153,ds_sdkpi_ro,SELECT,,
ods,odss990_tgsb,ds_sdkpi_ro,SELECT,,涓氬姟鑼冨洿
ods,odss990_zmdgt134,ds_sdkpi_ro,SELECT,,鍔犺浇鏃堕棿
ods,odss990_zmdgt137,ds_sdkpi_ro,SELECT,,涓氬姟鑼冨洿鍜屽叕鍙镐唬鐮佸叧绯?
ods,odss990_zmdgt138,ds_sdkpi_ro,SELECT,,鍋滅敤鏍囪瘑
ods,odss990_zmdgt143,ds_sdkpi_ro,SELECT,,鍒╂鼎涓績涓庢垚鏈腑蹇冨叧绯昏〃
ods,odss990_zmdgt144,ds_sdkpi_ro,SELECT,,涓氬姟鑼冨洿涓庢垚鏈腑蹇冨叧绯昏〃
dim,dim_mhr_mos_org_base_info_dd,ds_kqzzsjfx_rw,SELECT,,缁勭粐涓绘暟鎹熀鏈俊鎭?
dim,dim_mk_shop_detail_dd,ds_kqzzsjfx_rw,SELECT,,闂ㄥ簵鏄庣粏琛?
dim,dim_mk_shop_info_dd,ds_kqzzsjfx_rw,SELECT,,闂ㄥ簵鍩虹淇℃伅琛?
dim,dim_ref_data_dd,ds_kqzzsjfx_rw,SELECT,,鍙傝€冩暟鎹?缂栫爜缁村害琛?
dim,dim_ref_quote_code_dd,ds_kqzzsjfx_rw,SELECT,,鍙傝€冩暟鎹?浠ｇ爜缁村害琛?
dw,dim_adm_china_dd,ds_kqzzsjfx_rw,SELECT,,鍖哄煙-涓浗琛屾斂鍖哄垝
dw,dim_attr_value_info_dd,ds_kqzzsjfx_rw,SELECT,,灞炴€у€间俊鎭淮搴﹁〃
dw,dim_customer_base_info_dd,ds_kqzzsjfx_rw,SELECT,,瀹㈡埛涓绘暟鎹熀鏈俊鎭?
dw,dim_customer_trade_info_dd,ds_kqzzsjfx_rw,SELECT,,瀹㈡埛璐告槗鍏崇郴淇℃伅淇℃伅
dw,dim_date_nd,ds_kqzzsjfx_rw,SELECT,,鏃ユ湡缁村害涓昏〃
dw,dim_material_attr_info_dd,ds_kqzzsjfx_rw,SELECT,,鐗╂枡瀵瑰簲灞炴€у強灞炴€у€间俊鎭?
dw,dim_material_base_info_dd,ds_kqzzsjfx_rw,SELECT,,鐗╂枡涓绘暟鎹熀鏈俊鎭?
dw,dim_material_class_attr_mapping_dd,ds_kqzzsjfx_rw,SELECT,,鐗╂枡鍒嗙被-灞炴€у叧绯绘槧灏勮〃
dw,dim_material_class_info_dd,ds_kqzzsjfx_rw,SELECT,,鐗╂枡鍒嗙被淇℃伅骞抽摵灞曠ず琛?
dw,dim_material_sap_compare_dd,ds_kqzzsjfx_rw,SELECT,,鐗╂枡绯荤粺缂栫爜瀵圭収
dw,dim_product_addl_info_dd,ds_kqzzsjfx_rw,SELECT,,浜у搧闄勫姞淇℃伅-鐗╂枡缁勩€侀攢鍞粍缁囦俊鎭?
dw,dim_product_attr_info_dd,ds_kqzzsjfx_rw,SELECT,,浜у搧瀵瑰簲灞炴€у強灞炴€у€间俊鎭?
dw,dim_product_base_info_dd,ds_kqzzsjfx_rw,SELECT,,浜у搧涓绘暟鎹熀鏈俊鎭?
dw,dim_product_base_info_nd,ds_kqzzsjfx_rw,SELECT,,鐭ヨ瘑搴?浜у搧灞炴€т俊鎭?
dw,dim_product_class_info_dd,ds_kqzzsjfx_rw,SELECT,,浜у搧鍒嗙被缁村害琛?
dw,dim_public_reference_data_dd,ds_kqzzsjfx_rw,SELECT,,婧愮郴缁熸棤娉ㄩ噴
dw,dim_supplier_base_info_dd,ds_kqzzsjfx_rw,SELECT,,渚涘簲鍟嗕富鏁版嵁鍩烘湰淇℃伅
dw,dim_supplier_company_info_dd,ds_kqzzsjfx_rw,SELECT,,渚涘簲鍟?鍏徃瑙嗗浘
ods,odss990_ZMDGT139,ds_kqzzsjfx_rw,SELECT,,
ods,odss990_ZMDGT150,ds_kqzzsjfx_rw,SELECT,,
ods,odss990_ZMDGT153,ds_kqzzsjfx_rw,SELECT,,
ods,odss990_tgsb,ds_kqzzsjfx_rw,SELECT,,涓氬姟鑼冨洿
ods,odss990_zmdgt134,ds_kqzzsjfx_rw,SELECT,,鍔犺浇鏃堕棿
ods,odss990_zmdgt137,ds_kqzzsjfx_rw,SELECT,,涓氬姟鑼冨洿鍜屽叕鍙镐唬鐮佸叧绯?
ods,odss990_zmdgt138,ds_kqzzsjfx_rw,SELECT,,鍋滅敤鏍囪瘑
ods,odss990_zmdgt143,ds_kqzzsjfx_rw,SELECT,,鍒╂鼎涓績涓庢垚鏈腑蹇冨叧绯昏〃
ods,odss990_zmdgt144,ds_kqzzsjfx_rw,SELECT,,涓氬姟鑼冨洿涓庢垚鏈腑蹇冨叧绯昏〃
dim,dim_mhr_mos_org_base_info_dd,ds_tvs_rw,SELECT,,缁勭粐涓绘暟鎹熀鏈俊鎭?
dim,dim_mk_shop_detail_dd,ds_tvs_rw,SELECT,,闂ㄥ簵鏄庣粏琛?
dim,dim_mk_shop_info_dd,ds_tvs_rw,SELECT,,闂ㄥ簵鍩虹淇℃伅琛?
dim,dim_ref_data_dd,ds_tvs_rw,SELECT,,鍙傝€冩暟鎹?缂栫爜缁村害琛?
dim,dim_ref_quote_code_dd,ds_tvs_rw,SELECT,,鍙傝€冩暟鎹?浠ｇ爜缁村害琛?
dw,dim_adm_china_dd,ds_tvs_rw,SELECT,,鍖哄煙-涓浗琛屾斂鍖哄垝
dw,dim_attr_value_info_dd,ds_tvs_rw,SELECT,,灞炴€у€间俊鎭淮搴﹁〃
dw,dim_customer_base_info_dd,ds_tvs_rw,SELECT,,瀹㈡埛涓绘暟鎹熀鏈俊鎭?
dw,dim_customer_trade_info_dd,ds_tvs_rw,SELECT,,瀹㈡埛璐告槗鍏崇郴淇℃伅淇℃伅
dw,dim_date_nd,ds_tvs_rw,SELECT,,鏃ユ湡缁村害涓昏〃
dw,dim_material_attr_info_dd,ds_tvs_rw,SELECT,,鐗╂枡瀵瑰簲灞炴€у強灞炴€у€间俊鎭?
dw,dim_material_base_info_dd,ds_tvs_rw,SELECT,,鐗╂枡涓绘暟鎹熀鏈俊鎭?
dw,dim_material_class_attr_mapping_dd,ds_tvs_rw,SELECT,,鐗╂枡鍒嗙被-灞炴€у叧绯绘槧灏勮〃
dw,dim_material_class_info_dd,ds_tvs_rw,SELECT,,鐗╂枡鍒嗙被淇℃伅骞抽摵灞曠ず琛?
dw,dim_material_sap_compare_dd,ds_tvs_rw,SELECT,,鐗╂枡绯荤粺缂栫爜瀵圭収
dw,dim_product_addl_info_dd,ds_tvs_rw,SELECT,,浜у搧闄勫姞淇℃伅-鐗╂枡缁勩€侀攢鍞粍缁囦俊鎭?
dw,dim_product_attr_info_dd,ds_tvs_rw,SELECT,,浜у搧瀵瑰簲灞炴€у強灞炴€у€间俊鎭?
dw,dim_product_base_info_dd,ds_tvs_rw,SELECT,,浜у搧涓绘暟鎹熀鏈俊鎭?
dw,dim_product_base_info_nd,ds_tvs_rw,SELECT,,鐭ヨ瘑搴?浜у搧灞炴€т俊鎭?
dw,dim_product_class_info_dd,ds_tvs_rw,SELECT,,浜у搧鍒嗙被缁村害琛?
dw,dim_public_reference_data_dd,ds_tvs_rw,SELECT,,婧愮郴缁熸棤娉ㄩ噴
dw,dim_supplier_base_info_dd,ds_tvs_rw,SELECT,,渚涘簲鍟嗕富鏁版嵁鍩烘湰淇℃伅
dw,dim_supplier_company_info_dd,ds_tvs_rw,SELECT,,渚涘簲鍟?鍏徃瑙嗗浘
ods,odss990_ZMDGT139,ds_tvs_rw,SELECT,,
ods,odss990_ZMDGT150,ds_tvs_rw,SELECT,,
ods,odss990_ZMDGT153,ds_tvs_rw,SELECT,,
ods,odss990_tgsb,ds_tvs_rw,SELECT,,涓氬姟鑼冨洿
ods,odss990_zmdgt134,ds_tvs_rw,SELECT,,鍔犺浇鏃堕棿
ods,odss990_zmdgt137,ds_tvs_rw,SELECT,,涓氬姟鑼冨洿鍜屽叕鍙镐唬鐮佸叧绯?
ods,odss990_zmdgt138,ds_tvs_rw,SELECT,,鍋滅敤鏍囪瘑
ods,odss990_zmdgt143,ds_tvs_rw,SELECT,,鍒╂鼎涓績涓庢垚鏈腑蹇冨叧绯昏〃
ods,odss990_zmdgt144,ds_tvs_rw,SELECT,,涓氬姟鑼冨洿涓庢垚鏈腑蹇冨叧绯昏〃
dim,dim_mhr_mos_org_base_info_dd,ds_hiagent_ro,SELECT,,缁勭粐涓绘暟鎹熀鏈俊鎭?
dim,dim_mk_shop_detail_dd,ds_hiagent_ro,SELECT,,闂ㄥ簵鏄庣粏琛?
dim,dim_mk_shop_info_dd,ds_hiagent_ro,SELECT,,闂ㄥ簵鍩虹淇℃伅琛?
dim,dim_ref_data_dd,ds_hiagent_ro,SELECT,,鍙傝€冩暟鎹?缂栫爜缁村害琛?
dim,dim_ref_quote_code_dd,ds_hiagent_ro,SELECT,,鍙傝€冩暟鎹?浠ｇ爜缁村害琛?
dw,dim_adm_china_dd,ds_hiagent_ro,SELECT,,鍖哄煙-涓浗琛屾斂鍖哄垝
dw,dim_attr_value_info_dd,ds_hiagent_ro,SELECT,,灞炴€у€间俊鎭淮搴﹁〃
dw,dim_customer_base_info_dd,ds_hiagent_ro,SELECT,,瀹㈡埛涓绘暟鎹熀鏈俊鎭?
dw,dim_customer_trade_info_dd,ds_hiagent_ro,SELECT,,瀹㈡埛璐告槗鍏崇郴淇℃伅淇℃伅
dw,dim_date_nd,ds_hiagent_ro,SELECT,,鏃ユ湡缁村害涓昏〃
dw,dim_material_attr_info_dd,ds_hiagent_ro,SELECT,,鐗╂枡瀵瑰簲灞炴€у強灞炴€у€间俊鎭?
dw,dim_material_base_info_dd,ds_hiagent_ro,SELECT,,鐗╂枡涓绘暟鎹熀鏈俊鎭?
dw,dim_material_class_attr_mapping_dd,ds_hiagent_ro,SELECT,,鐗╂枡鍒嗙被-灞炴€у叧绯绘槧灏勮〃
dw,dim_material_class_info_dd,ds_hiagent_ro,SELECT,,鐗╂枡鍒嗙被淇℃伅骞抽摵灞曠ず琛?
dw,dim_material_sap_compare_dd,ds_hiagent_ro,SELECT,,鐗╂枡绯荤粺缂栫爜瀵圭収
dw,dim_product_addl_info_dd,ds_hiagent_ro,SELECT,,浜у搧闄勫姞淇℃伅-鐗╂枡缁勩€侀攢鍞粍缁囦俊鎭?
dw,dim_product_attr_info_dd,ds_hiagent_ro,SELECT,,浜у搧瀵瑰簲灞炴€у強灞炴€у€间俊鎭?
dw,dim_product_base_info_dd,ds_hiagent_ro,SELECT,,浜у搧涓绘暟鎹熀鏈俊鎭?
dw,dim_product_base_info_nd,ds_hiagent_ro,SELECT,,鐭ヨ瘑搴?浜у搧灞炴€т俊鎭?
dw,dim_product_class_info_dd,ds_hiagent_ro,SELECT,,浜у搧鍒嗙被缁村害琛?
dw,dim_public_reference_data_dd,ds_hiagent_ro,SELECT,,婧愮郴缁熸棤娉ㄩ噴
dw,dim_supplier_base_info_dd,ds_hiagent_ro,SELECT,,渚涘簲鍟嗕富鏁版嵁鍩烘湰淇℃伅
dw,dim_supplier_company_info_dd,ds_hiagent_ro,SELECT,,渚涘簲鍟?鍏徃瑙嗗浘
ods,odss990_ZMDGT139,ds_hiagent_ro,SELECT,,
ods,odss990_ZMDGT150,ds_hiagent_ro,SELECT,,
ods,odss990_ZMDGT153,ds_hiagent_ro,SELECT,,
ods,odss990_tgsb,ds_hiagent_ro,SELECT,,涓氬姟鑼冨洿
ods,odss990_zmdgt134,ds_hiagent_ro,SELECT,,鍔犺浇鏃堕棿
ods,odss990_zmdgt137,ds_hiagent_ro,SELECT,,涓氬姟鑼冨洿鍜屽叕鍙镐唬鐮佸叧绯?
ods,odss990_zmdgt138,ds_hiagent_ro,SELECT,,鍋滅敤鏍囪瘑
ods,odss990_zmdgt143,ds_hiagent_ro,SELECT,,鍒╂鼎涓績涓庢垚鏈腑蹇冨叧绯昏〃
ods,odss990_zmdgt144,ds_hiagent_ro,SELECT,,涓氬姟鑼冨洿涓庢垚鏈腑蹇冨叧绯昏〃
dim,dim_mhr_mos_org_base_info_dd,ds_gtms_ro,SELECT,,缁勭粐涓绘暟鎹熀鏈俊鎭?
dim,dim_mk_shop_detail_dd,ds_gtms_ro,SELECT,,闂ㄥ簵鏄庣粏琛?
dim,dim_mk_shop_info_dd,ds_gtms_ro,SELECT,,闂ㄥ簵鍩虹淇℃伅琛?
dim,dim_ref_data_dd,ds_gtms_ro,SELECT,,鍙傝€冩暟鎹?缂栫爜缁村害琛?
dim,dim_ref_quote_code_dd,ds_gtms_ro,SELECT,,鍙傝€冩暟鎹?浠ｇ爜缁村害琛?
dw,dim_adm_china_dd,ds_gtms_ro,SELECT,,鍖哄煙-涓浗琛屾斂鍖哄垝
dw,dim_attr_value_info_dd,ds_gtms_ro,SELECT,,灞炴€у€间俊鎭淮搴﹁〃
dw,dim_customer_base_info_dd,ds_gtms_ro,SELECT,,瀹㈡埛涓绘暟鎹熀鏈俊鎭?
dw,dim_customer_trade_info_dd,ds_gtms_ro,SELECT,,瀹㈡埛璐告槗鍏崇郴淇℃伅淇℃伅
dw,dim_date_nd,ds_gtms_ro,SELECT,,鏃ユ湡缁村害涓昏〃
dw,dim_material_attr_info_dd,ds_gtms_ro,SELECT,,鐗╂枡瀵瑰簲灞炴€у強灞炴€у€间俊鎭?
dw,dim_material_base_info_dd,ds_gtms_ro,SELECT,,鐗╂枡涓绘暟鎹熀鏈俊鎭?
dw,dim_material_class_attr_mapping_dd,ds_gtms_ro,SELECT,,鐗╂枡鍒嗙被-灞炴€у叧绯绘槧灏勮〃
dw,dim_material_class_info_dd,ds_gtms_ro,SELECT,,鐗╂枡鍒嗙被淇℃伅骞抽摵灞曠ず琛?
dw,dim_material_sap_compare_dd,ds_gtms_ro,SELECT,,鐗╂枡绯荤粺缂栫爜瀵圭収
dw,dim_product_addl_info_dd,ds_gtms_ro,SELECT,,浜у搧闄勫姞淇℃伅-鐗╂枡缁勩€侀攢鍞粍缁囦俊鎭?
dw,dim_product_attr_info_dd,ds_gtms_ro,SELECT,,浜у搧瀵瑰簲灞炴€у強灞炴€у€间俊鎭?
dw,dim_product_base_info_dd,ds_gtms_ro,SELECT,,浜у搧涓绘暟鎹熀鏈俊鎭?
dw,dim_product_base_info_nd,ds_gtms_ro,SELECT,,鐭ヨ瘑搴?浜у搧灞炴€т俊鎭?
dw,dim_product_class_info_dd,ds_gtms_ro,SELECT,,浜у搧鍒嗙被缁村害琛?
dw,dim_public_reference_data_dd,ds_gtms_ro,SELECT,,婧愮郴缁熸棤娉ㄩ噴
dw,dim_supplier_base_info_dd,ds_gtms_ro,SELECT,,渚涘簲鍟嗕富鏁版嵁鍩烘湰淇℃伅
dw,dim_supplier_company_info_dd,ds_gtms_ro,SELECT,,渚涘簲鍟?鍏徃瑙嗗浘
ods,odss990_ZMDGT139,ds_gtms_ro,SELECT,,
ods,odss990_ZMDGT150,ds_gtms_ro,SELECT,,
ods,odss990_ZMDGT153,ds_gtms_ro,SELECT,,
ods,odss990_tgsb,ds_gtms_ro,SELECT,,涓氬姟鑼冨洿
ods,odss990_zmdgt134,ds_gtms_ro,SELECT,,鍔犺浇鏃堕棿
ods,odss990_zmdgt137,ds_gtms_ro,SELECT,,涓氬姟鑼冨洿鍜屽叕鍙镐唬鐮佸叧绯?
ods,odss990_zmdgt138,ds_gtms_ro,SELECT,,鍋滅敤鏍囪瘑
ods,odss990_zmdgt143,ds_gtms_ro,SELECT,,鍒╂鼎涓績涓庢垚鏈腑蹇冨叧绯昏〃
ods,odss990_zmdgt144,ds_gtms_ro,SELECT,,涓氬姟鑼冨洿涓庢垚鏈腑蹇冨叧绯昏〃
dim,dim_mhr_mos_org_base_info_dd,ds_xhsyb_pdty_ro,SELECT,,缁勭粐涓绘暟鎹熀鏈俊鎭?
dim,dim_mk_shop_detail_dd,ds_xhsyb_pdty_ro,SELECT,,闂ㄥ簵鏄庣粏琛?
dim,dim_mk_shop_info_dd,ds_xhsyb_pdty_ro,SELECT,,闂ㄥ簵鍩虹淇℃伅琛?
dim,dim_ref_data_dd,ds_xhsyb_pdty_ro,SELECT,,鍙傝€冩暟鎹?缂栫爜缁村害琛?
dim,dim_ref_quote_code_dd,ds_xhsyb_pdty_ro,SELECT,,鍙傝€冩暟鎹?浠ｇ爜缁村害琛?
dw,dim_adm_china_dd,ds_xhsyb_pdty_ro,SELECT,,鍖哄煙-涓浗琛屾斂鍖哄垝
dw,dim_attr_value_info_dd,ds_xhsyb_pdty_ro,SELECT,,灞炴€у€间俊鎭淮搴﹁〃
dw,dim_customer_base_info_dd,ds_xhsyb_pdty_ro,SELECT,,瀹㈡埛涓绘暟鎹熀鏈俊鎭?
dw,dim_customer_trade_info_dd,ds_xhsyb_pdty_ro,SELECT,,瀹㈡埛璐告槗鍏崇郴淇℃伅淇℃伅
dw,dim_date_nd,ds_xhsyb_pdty_ro,SELECT,,鏃ユ湡缁村害涓昏〃
dw,dim_material_attr_info_dd,ds_xhsyb_pdty_ro,SELECT,,鐗╂枡瀵瑰簲灞炴€у強灞炴€у€间俊鎭?
dw,dim_material_base_info_dd,ds_xhsyb_pdty_ro,SELECT,,鐗╂枡涓绘暟鎹熀鏈俊鎭?
dw,dim_material_class_attr_mapping_dd,ds_xhsyb_pdty_ro,SELECT,,鐗╂枡鍒嗙被-灞炴€у叧绯绘槧灏勮〃
dw,dim_material_class_info_dd,ds_xhsyb_pdty_ro,SELECT,,鐗╂枡鍒嗙被淇℃伅骞抽摵灞曠ず琛?
dw,dim_material_sap_compare_dd,ds_xhsyb_pdty_ro,SELECT,,鐗╂枡绯荤粺缂栫爜瀵圭収
dw,dim_product_addl_info_dd,ds_xhsyb_pdty_ro,SELECT,,浜у搧闄勫姞淇℃伅-鐗╂枡缁勩€侀攢鍞粍缁囦俊鎭?
dw,dim_product_attr_info_dd,ds_xhsyb_pdty_ro,SELECT,,浜у搧瀵瑰簲灞炴€у強灞炴€у€间俊鎭?
dw,dim_product_base_info_dd,ds_xhsyb_pdty_ro,SELECT,,浜у搧涓绘暟鎹熀鏈俊鎭?
dw,dim_product_base_info_nd,ds_xhsyb_pdty_ro,SELECT,,鐭ヨ瘑搴?浜у搧灞炴€т俊鎭?
dw,dim_product_class_info_dd,ds_xhsyb_pdty_ro,SELECT,,浜у搧鍒嗙被缁村害琛?
dw,dim_public_reference_data_dd,ds_xhsyb_pdty_ro,SELECT,,婧愮郴缁熸棤娉ㄩ噴
dw,dim_supplier_base_info_dd,ds_xhsyb_pdty_ro,SELECT,,渚涘簲鍟嗕富鏁版嵁鍩烘湰淇℃伅
dw,dim_supplier_company_info_dd,ds_xhsyb_pdty_ro,SELECT,,渚涘簲鍟?鍏徃瑙嗗浘
ods,odsgss_im_rolling_plan_detail,ds_xhsyb_pdty_ro,SELECT,,婊氬姩璁″垝鏄庣粏琛?
ods,odsjtplm_hwa_change,ds_xhsyb_pdty_ro,SELECT,,鐧界數鍙樻洿
ods,odss990_ZMDGT139,ds_xhsyb_pdty_ro,SELECT,,
ods,odss990_ZMDGT150,ds_xhsyb_pdty_ro,SELECT,,
ods,odss990_ZMDGT153,ds_xhsyb_pdty_ro,SELECT,,
ods,odss990_tgsb,ds_xhsyb_pdty_ro,SELECT,,涓氬姟鑼冨洿
ods,odss990_zmdgt134,ds_xhsyb_pdty_ro,SELECT,,鍔犺浇鏃堕棿
ods,odss990_zmdgt137,ds_xhsyb_pdty_ro,SELECT,,涓氬姟鑼冨洿鍜屽叕鍙镐唬鐮佸叧绯?
ods,odss990_zmdgt138,ds_xhsyb_pdty_ro,SELECT,,鍋滅敤鏍囪瘑
ods,odss990_zmdgt143,ds_xhsyb_pdty_ro,SELECT,,鍒╂鼎涓績涓庢垚鏈腑蹇冨叧绯昏〃
ods,odss990_zmdgt144,ds_xhsyb_pdty_ro,SELECT,,涓氬姟鑼冨洿涓庢垚鏈腑蹇冨叧绯昏〃
ods,odssrmn_md_org,ds_xhsyb_pdty_ro,SELECT,,宸ュ巶
ods,odssrmn_md_supp_client,ds_xhsyb_pdty_ro,SELECT,,渚涘簲鍟哠AP缂栫爜琛?
ods,odssrmn_md_supp_info,ds_xhsyb_pdty_ro,SELECT,,渚涘簲鍟嗕俊鎭〃(涓氬姟鎵ц浣跨敤)
dim,dim_mhr_mos_org_base_info_dd,ds_audit_rw,SELECT,,缁勭粐涓绘暟鎹熀鏈俊鎭?
dim,dim_mk_shop_detail_dd,ds_audit_rw,SELECT,,闂ㄥ簵鏄庣粏琛?
dim,dim_mk_shop_info_dd,ds_audit_rw,SELECT,,闂ㄥ簵鍩虹淇℃伅琛?
dim,dim_ref_data_dd,ds_audit_rw,SELECT,,鍙傝€冩暟鎹?缂栫爜缁村害琛?
dim,dim_ref_quote_code_dd,ds_audit_rw,SELECT,,鍙傝€冩暟鎹?浠ｇ爜缁村害琛?
dw,dim_adm_china_dd,ds_audit_rw,SELECT,,鍖哄煙-涓浗琛屾斂鍖哄垝
dw,dim_attr_value_info_dd,ds_audit_rw,SELECT,,灞炴€у€间俊鎭淮搴﹁〃
dw,dim_customer_base_info_dd,ds_audit_rw,SELECT,,瀹㈡埛涓绘暟鎹熀鏈俊鎭?
dw,dim_customer_trade_info_dd,ds_audit_rw,SELECT,,瀹㈡埛璐告槗鍏崇郴淇℃伅淇℃伅
dw,dim_date_nd,ds_audit_rw,SELECT,,鏃ユ湡缁村害涓昏〃
dw,dim_material_attr_info_dd,ds_audit_rw,SELECT,,鐗╂枡瀵瑰簲灞炴€у強灞炴€у€间俊鎭?
dw,dim_material_base_info_dd,ds_audit_rw,SELECT,,鐗╂枡涓绘暟鎹熀鏈俊鎭?
dw,dim_material_class_attr_mapping_dd,ds_audit_rw,SELECT,,鐗╂枡鍒嗙被-灞炴€у叧绯绘槧灏勮〃
dw,dim_material_class_info_dd,ds_audit_rw,SELECT,,鐗╂枡鍒嗙被淇℃伅骞抽摵灞曠ず琛?
dw,dim_material_sap_compare_dd,ds_audit_rw,SELECT,,鐗╂枡绯荤粺缂栫爜瀵圭収
dw,dim_product_addl_info_dd,ds_audit_rw,SELECT,,浜у搧闄勫姞淇℃伅-鐗╂枡缁勩€侀攢鍞粍缁囦俊鎭?
dw,dim_product_attr_info_dd,ds_audit_rw,SELECT,,浜у搧瀵瑰簲灞炴€у強灞炴€у€间俊鎭?
dw,dim_product_base_info_dd,ds_audit_rw,SELECT,,浜у搧涓绘暟鎹熀鏈俊鎭?
dw,dim_product_base_info_nd,ds_audit_rw,SELECT,,鐭ヨ瘑搴?浜у搧灞炴€т俊鎭?
dw,dim_product_class_info_dd,ds_audit_rw,SELECT,,浜у搧鍒嗙被缁村害琛?
dw,dim_public_reference_data_dd,ds_audit_rw,SELECT,,婧愮郴缁熸棤娉ㄩ噴
dw,dim_supplier_base_info_dd,ds_audit_rw,SELECT,,渚涘簲鍟嗕富鏁版嵁鍩烘湰淇℃伅
dw,dim_supplier_company_info_dd,ds_audit_rw,SELECT,,渚涘簲鍟?鍏徃瑙嗗浘
dwd,dwd_ipd_irs_s600_bom_dd,ds_audit_rw,SELECT,,sap600bom骞抽摵琛?
dwd,dwd_ipd_irs_s800_bom_dd,ds_audit_rw,SELECT,,sap800bom骞抽摵琛?
ods,ODSJTPLM_his_productmodel,ds_audit_rw,SELECT,,
ods,ODSJTPLM_his_productplatform,ds_audit_rw,SELECT,,
ods,ODSJTPLM_his_productversion,ds_audit_rw,SELECT,,
ods,ODSJTPLM_his_salemodel,ds_audit_rw,SELECT,,
ods,odscis_fw_org,ds_audit_rw,SELECT,,缁勭粐
ods,odsemp_sms_hac_hise_dept,ds_audit_rw,SELECT,,缁勭粐琛?
ods,odshdrp_hisense_cost_bom,ds_audit_rw,SELECT,,婧愮郴缁熸棤娉ㄩ噴
ods,odshdrp_hisense_cost_bom_analogy,ds_audit_rw,SELECT,,婧愮郴缁熸棤娉ㄩ噴
ods,odshdrp_hisense_cost_bom_replace,ds_audit_rw,SELECT,,婧愮郴缁熸棤娉ㄩ噴
ods,odshdrp_hisense_cost_machine_old_brand,ds_audit_rw,SELECT,,婧愮郴缁熸棤娉ㄩ噴
ods,odshdrp_hisense_cost_machine_vpi_brand,ds_audit_rw,SELECT,,婧愮郴缁熸棤娉ㄩ噴
ods,odshdrp_hisense_demand_division_item,ds_audit_rw,SELECT,,婧愮郴缁熸棤娉ㄩ噴
ods,odshdrp_hisense_develop_project,ds_audit_rw,SELECT,,婧愮郴缁熸棤娉ㄩ噴
ods,odshdrp_hisense_initial_requirement,ds_audit_rw,SELECT,,婧愮郴缁熸棤娉ㄩ噴
ods,odshdrp_hisense_material_complete_info,ds_audit_rw,SELECT,,婧愮郴缁熸棤娉ㄩ噴
ods,odshdrp_hisense_migration_plan_item,ds_audit_rw,SELECT,,婧愮郴缁熸棤娉ㄩ噴
ods,odshdrp_hisense_patent_apply,ds_audit_rw,SELECT,,婧愮郴缁熸棤娉ㄩ噴
ods,odshdrp_hisense_patent_plan_item,ds_audit_rw,SELECT,,婧愮郴缁熸棤娉ㄩ噴
ods,odshdrp_hisense_product_roadmap,ds_audit_rw,SELECT,,婧愮郴缁熸棤娉ㄩ噴
ods,odshdrp_hisense_tech_roadmap,ds_audit_rw,SELECT,,婧愮郴缁熸棤娉ㄩ噴
ods,odshdrp_hisense_tech_tree,ds_audit_rw,SELECT,,婧愮郴缁熸棤娉ㄩ噴
ods,odshdrp_hisense_techbreakpoint,ds_audit_rw,SELECT,,婧愮郴缁熸棤娉ㄩ噴
ods,odshdrp_hisense_techbreakpoint_master,ds_audit_rw,SELECT,,婧愮郴缁熸棤娉ㄩ噴
ods,odshdrp_pm_project,ds_audit_rw,SELECT,,婧愮郴缁熸棤娉ㄩ噴
ods,odshdrp_pm_risk_info,ds_audit_rw,SELECT,,婧愮郴缁熸棤娉ㄩ噴
ods,odsjtplm_his_bom,ds_audit_rw,SELECT,,bom淇℃伅
ods,odsjtplm_his_cbb,ds_audit_rw,SELECT,,CBB搴?
ods,odsjtplm_his_cbb_average_reference_model,ds_audit_rw,SELECT,,
ods,odsjtplm_his_cbb_detail,ds_audit_rw,SELECT,,CBB璇︾粏淇℃伅
ods,odsjtplm_his_cbb_info,ds_audit_rw,SELECT,,CBB鍩烘湰淇℃伅
ods,odsjtplm_his_productseries,ds_audit_rw,SELECT,,浜у搧绯诲垪
ods,odsjtplm_hwa_bom,ds_audit_rw,SELECT,,bom淇℃伅
ods,odsjtplm_hwa_change,ds_audit_rw,SELECT,,鐧界數鍙樻洿
ods,odsjtplm_hwa_material_detail,ds_audit_rw,SELECT,,鐗╂枡璇︾粏淇℃伅
ods,odsjtplm_hwa_material_info,ds_audit_rw,SELECT,,鐗╂枡鍩烘湰淇℃伅
ods,odsjtplm_hwa_productfamily,ds_audit_rw,SELECT,,婧愮郴缁熸棤娉ㄩ噴
ods,odsjtplm_hwa_productmodel,ds_audit_rw,SELECT,,婧愮郴缁熸棤娉ㄩ噴
ods,odsjtplm_hwa_productseries,ds_audit_rw,SELECT,,婧愮郴缁熸棤娉ㄩ噴
ods,odsjtplm_hwa_productversion,ds_audit_rw,SELECT,,婧愮郴缁熸棤娉ㄩ噴
ods,odsjtplm_hwa_salesmodel,ds_audit_rw,SELECT,,婧愮郴缁熸棤娉ㄩ噴
ods,odss990_ZMDGT139,ds_audit_rw,SELECT,,
ods,odss990_ZMDGT150,ds_audit_rw,SELECT,,
ods,odss990_ZMDGT153,ds_audit_rw,SELECT,,
ods,odss990_tgsb,ds_audit_rw,SELECT,,涓氬姟鑼冨洿
ods,odss990_zmdgt134,ds_audit_rw,SELECT,,鍔犺浇鏃堕棿
ods,odss990_zmdgt137,ds_audit_rw,SELECT,,涓氬姟鑼冨洿鍜屽叕鍙镐唬鐮佸叧绯?
ods,odss990_zmdgt138,ds_audit_rw,SELECT,,鍋滅敤鏍囪瘑
ods,odss990_zmdgt143,ds_audit_rw,SELECT,,鍒╂鼎涓績涓庢垚鏈腑蹇冨叧绯昏〃
ods,odss990_zmdgt144,ds_audit_rw,SELECT,,涓氬姟鑼冨洿涓庢垚鏈腑蹇冨叧绯昏〃
ods,odssrmn_md_org,ds_audit_rw,SELECT,,宸ュ巶
ods,odssrmn_md_org_company,ds_audit_rw,SELECT,,宸ュ巶-浜у搧鍏徃鍏崇郴琛?
ods,odssrmn_md_supp_client,ds_audit_rw,SELECT,,渚涘簲鍟哠AP缂栫爜琛?
ods,odssrmn_md_supp_info,ds_audit_rw,SELECT,,渚涘簲鍟嗕俊鎭〃(涓氬姟鎵ц浣跨敤)
dim,dim_mhr_mos_org_base_info_dd,ds_kqzzsjfx_ro,SELECT,,缁勭粐涓绘暟鎹熀鏈俊鎭?
dim,dim_mk_shop_detail_dd,ds_kqzzsjfx_ro,SELECT,,闂ㄥ簵鏄庣粏琛?
dim,dim_mk_shop_info_dd,ds_kqzzsjfx_ro,SELECT,,闂ㄥ簵鍩虹淇℃伅琛?
dim,dim_ref_data_dd,ds_kqzzsjfx_ro,SELECT,,鍙傝€冩暟鎹?缂栫爜缁村害琛?
dim,dim_ref_quote_code_dd,ds_kqzzsjfx_ro,SELECT,,鍙傝€冩暟鎹?浠ｇ爜缁村害琛?
dw,dim_adm_china_dd,ds_kqzzsjfx_ro,SELECT,,鍖哄煙-涓浗琛屾斂鍖哄垝
dw,dim_attr_value_info_dd,ds_kqzzsjfx_ro,SELECT,,灞炴€у€间俊鎭淮搴﹁〃
dw,dim_customer_base_info_dd,ds_kqzzsjfx_ro,SELECT,,瀹㈡埛涓绘暟鎹熀鏈俊鎭?
dw,dim_customer_trade_info_dd,ds_kqzzsjfx_ro,SELECT,,瀹㈡埛璐告槗鍏崇郴淇℃伅淇℃伅
dw,dim_date_nd,ds_kqzzsjfx_ro,SELECT,,鏃ユ湡缁村害涓昏〃
dw,dim_material_attr_info_dd,ds_kqzzsjfx_ro,SELECT,,鐗╂枡瀵瑰簲灞炴€у強灞炴€у€间俊鎭?
dw,dim_material_base_info_dd,ds_kqzzsjfx_ro,SELECT,,鐗╂枡涓绘暟鎹熀鏈俊鎭?
dw,dim_material_class_attr_mapping_dd,ds_kqzzsjfx_ro,SELECT,,鐗╂枡鍒嗙被-灞炴€у叧绯绘槧灏勮〃
dw,dim_material_class_info_dd,ds_kqzzsjfx_ro,SELECT,,鐗╂枡鍒嗙被淇℃伅骞抽摵灞曠ず琛?
dw,dim_material_sap_compare_dd,ds_kqzzsjfx_ro,SELECT,,鐗╂枡绯荤粺缂栫爜瀵圭収
dw,dim_product_addl_info_dd,ds_kqzzsjfx_ro,SELECT,,浜у搧闄勫姞淇℃伅-鐗╂枡缁勩€侀攢鍞粍缁囦俊鎭?
dw,dim_product_attr_info_dd,ds_kqzzsjfx_ro,SELECT,,浜у搧瀵瑰簲灞炴€у強灞炴€у€间俊鎭?
dw,dim_product_base_info_dd,ds_kqzzsjfx_ro,SELECT,,浜у搧涓绘暟鎹熀鏈俊鎭?
dw,dim_product_base_info_nd,ds_kqzzsjfx_ro,SELECT,,鐭ヨ瘑搴?浜у搧灞炴€т俊鎭?
dw,dim_product_class_info_dd,ds_kqzzsjfx_ro,SELECT,,浜у搧鍒嗙被缁村害琛?
dw,dim_public_reference_data_dd,ds_kqzzsjfx_ro,SELECT,,婧愮郴缁熸棤娉ㄩ噴
dw,dim_supplier_base_info_dd,ds_kqzzsjfx_ro,SELECT,,渚涘簲鍟嗕富鏁版嵁鍩烘湰淇℃伅
dw,dim_supplier_company_info_dd,ds_kqzzsjfx_ro,SELECT,,渚涘簲鍟?鍏徃瑙嗗浘
ods,odss990_ZMDGT139,ds_kqzzsjfx_ro,SELECT,,
ods,odss990_ZMDGT150,ds_kqzzsjfx_ro,SELECT,,
ods,odss990_ZMDGT153,ds_kqzzsjfx_ro,SELECT,,
ods,odss990_tgsb,ds_kqzzsjfx_ro,SELECT,,涓氬姟鑼冨洿
ods,odss990_zmdgt134,ds_kqzzsjfx_ro,SELECT,,鍔犺浇鏃堕棿
ods,odss990_zmdgt137,ds_kqzzsjfx_ro,SELECT,,涓氬姟鑼冨洿鍜屽叕鍙镐唬鐮佸叧绯?
ods,odss990_zmdgt138,ds_kqzzsjfx_ro,SELECT,,鍋滅敤鏍囪瘑
ods,odss990_zmdgt143,ds_kqzzsjfx_ro,SELECT,,鍒╂鼎涓績涓庢垚鏈腑蹇冨叧绯昏〃
ods,odss990_zmdgt144,ds_kqzzsjfx_ro,SELECT,,涓氬姟鑼冨洿涓庢垚鏈腑蹇冨叧绯昏〃
dim,dim_mhr_mos_org_base_info_dd,ds_gqxt_ro,SELECT,,缁勭粐涓绘暟鎹熀鏈俊鎭?
dim,dim_mk_shop_detail_dd,ds_gqxt_ro,SELECT,,闂ㄥ簵鏄庣粏琛?
dim,dim_mk_shop_info_dd,ds_gqxt_ro,SELECT,,闂ㄥ簵鍩虹淇℃伅琛?
dim,dim_ref_data_dd,ds_gqxt_ro,SELECT,,鍙傝€冩暟鎹?缂栫爜缁村害琛?
dim,dim_ref_quote_code_dd,ds_gqxt_ro,SELECT,,鍙傝€冩暟鎹?浠ｇ爜缁村害琛?
dw,dim_adm_china_dd,ds_gqxt_ro,SELECT,,鍖哄煙-涓浗琛屾斂鍖哄垝
dw,dim_attr_value_info_dd,ds_gqxt_ro,SELECT,,灞炴€у€间俊鎭淮搴﹁〃
dw,dim_customer_base_info_dd,ds_gqxt_ro,SELECT,,瀹㈡埛涓绘暟鎹熀鏈俊鎭?
dw,dim_customer_trade_info_dd,ds_gqxt_ro,SELECT,,瀹㈡埛璐告槗鍏崇郴淇℃伅淇℃伅
dw,dim_date_nd,ds_gqxt_ro,SELECT,,鏃ユ湡缁村害涓昏〃
dw,dim_material_attr_info_dd,ds_gqxt_ro,SELECT,,鐗╂枡瀵瑰簲灞炴€у強灞炴€у€间俊鎭?
dw,dim_material_base_info_dd,ds_gqxt_ro,SELECT,,鐗╂枡涓绘暟鎹熀鏈俊鎭?
dw,dim_material_class_attr_mapping_dd,ds_gqxt_ro,SELECT,,鐗╂枡鍒嗙被-灞炴€у叧绯绘槧灏勮〃
dw,dim_material_class_info_dd,ds_gqxt_ro,SELECT,,鐗╂枡鍒嗙被淇℃伅骞抽摵灞曠ず琛?
dw,dim_material_sap_compare_dd,ds_gqxt_ro,SELECT,,鐗╂枡绯荤粺缂栫爜瀵圭収
dw,dim_product_addl_info_dd,ds_gqxt_ro,SELECT,,浜у搧闄勫姞淇℃伅-鐗╂枡缁勩€侀攢鍞粍缁囦俊鎭?
dw,dim_product_attr_info_dd,ds_gqxt_ro,SELECT,,浜у搧瀵瑰簲灞炴€у強灞炴€у€间俊鎭?
dw,dim_product_base_info_dd,ds_gqxt_ro,SELECT,,浜у搧涓绘暟鎹熀鏈俊鎭?
dw,dim_product_base_info_nd,ds_gqxt_ro,SELECT,,鐭ヨ瘑搴?浜у搧灞炴€т俊鎭?
dw,dim_product_class_info_dd,ds_gqxt_ro,SELECT,,浜у搧鍒嗙被缁村害琛?
dw,dim_public_reference_data_dd,ds_gqxt_ro,SELECT,,婧愮郴缁熸棤娉ㄩ噴
dw,dim_supplier_base_info_dd,ds_gqxt_ro,SELECT,,渚涘簲鍟嗕富鏁版嵁鍩烘湰淇℃伅
dw,dim_supplier_company_info_dd,ds_gqxt_ro,SELECT,,渚涘簲鍟?鍏徃瑙嗗浘
ods,odsdt_tm_ldap_user,ds_gqxt_ro,SELECT,,s900 getbom
ods,odss990_ZMDGT139,ds_gqxt_ro,SELECT,,
ods,odss990_ZMDGT150,ds_gqxt_ro,SELECT,,
ods,odss990_ZMDGT153,ds_gqxt_ro,SELECT,,
ods,odss990_tgsb,ds_gqxt_ro,SELECT,,涓氬姟鑼冨洿
ods,odss990_zmdgt134,ds_gqxt_ro,SELECT,,鍔犺浇鏃堕棿
ods,odss990_zmdgt137,ds_gqxt_ro,SELECT,,涓氬姟鑼冨洿鍜屽叕鍙镐唬鐮佸叧绯?
ods,odss990_zmdgt138,ds_gqxt_ro,SELECT,,鍋滅敤鏍囪瘑
ods,odss990_zmdgt143,ds_gqxt_ro,SELECT,,鍒╂鼎涓績涓庢垚鏈腑蹇冨叧绯昏〃
ods,odss990_zmdgt144,ds_gqxt_ro,SELECT,,涓氬姟鑼冨洿涓庢垚鏈腑蹇冨叧绯昏〃
dim,dim_mhr_mos_org_base_info_dd,ds_tvs_ro,SELECT,,缁勭粐涓绘暟鎹熀鏈俊鎭?
dim,dim_mk_shop_detail_dd,ds_tvs_ro,SELECT,,闂ㄥ簵鏄庣粏琛?
dim,dim_mk_shop_info_dd,ds_tvs_ro,SELECT,,闂ㄥ簵鍩虹淇℃伅琛?
dim,dim_ref_data_dd,ds_tvs_ro,SELECT,,鍙傝€冩暟鎹?缂栫爜缁村害琛?
dim,dim_ref_quote_code_dd,ds_tvs_ro,SELECT,,鍙傝€冩暟鎹?浠ｇ爜缁村害琛?
dw,dim_adm_china_dd,ds_tvs_ro,SELECT,,鍖哄煙-涓浗琛屾斂鍖哄垝
dw,dim_attr_value_info_dd,ds_tvs_ro,SELECT,,灞炴€у€间俊鎭淮搴﹁〃
dw,dim_customer_base_info_dd,ds_tvs_ro,SELECT,,瀹㈡埛涓绘暟鎹熀鏈俊鎭?
dw,dim_customer_trade_info_dd,ds_tvs_ro,SELECT,,瀹㈡埛璐告槗鍏崇郴淇℃伅淇℃伅
dw,dim_date_nd,ds_tvs_ro,SELECT,,鏃ユ湡缁村害涓昏〃
dw,dim_material_attr_info_dd,ds_tvs_ro,SELECT,,鐗╂枡瀵瑰簲灞炴€у強灞炴€у€间俊鎭?
dw,dim_material_base_info_dd,ds_tvs_ro,SELECT,,鐗╂枡涓绘暟鎹熀鏈俊鎭?
dw,dim_material_class_attr_mapping_dd,ds_tvs_ro,SELECT,,鐗╂枡鍒嗙被-灞炴€у叧绯绘槧灏勮〃
dw,dim_material_class_info_dd,ds_tvs_ro,SELECT,,鐗╂枡鍒嗙被淇℃伅骞抽摵灞曠ず琛?
dw,dim_material_sap_compare_dd,ds_tvs_ro,SELECT,,鐗╂枡绯荤粺缂栫爜瀵圭収
dw,dim_product_addl_info_dd,ds_tvs_ro,SELECT,,浜у搧闄勫姞淇℃伅-鐗╂枡缁勩€侀攢鍞粍缁囦俊鎭?
dw,dim_product_attr_info_dd,ds_tvs_ro,SELECT,,浜у搧瀵瑰簲灞炴€у強灞炴€у€间俊鎭?
dw,dim_product_base_info_dd,ds_tvs_ro,SELECT,,浜у搧涓绘暟鎹熀鏈俊鎭?
dw,dim_product_base_info_nd,ds_tvs_ro,SELECT,,鐭ヨ瘑搴?浜у搧灞炴€т俊鎭?
dw,dim_product_class_info_dd,ds_tvs_ro,SELECT,,浜у搧鍒嗙被缁村害琛?
dw,dim_public_reference_data_dd,ds_tvs_ro,SELECT,,婧愮郴缁熸棤娉ㄩ噴
dw,dim_supplier_base_info_dd,ds_tvs_ro,SELECT,,渚涘簲鍟嗕富鏁版嵁鍩烘湰淇℃伅
dw,dim_supplier_company_info_dd,ds_tvs_ro,SELECT,,渚涘簲鍟?鍏徃瑙嗗浘
ods,odss990_ZMDGT139,ds_tvs_ro,SELECT,,
ods,odss990_ZMDGT150,ds_tvs_ro,SELECT,,
ods,odss990_ZMDGT153,ds_tvs_ro,SELECT,,
ods,odss990_tgsb,ds_tvs_ro,SELECT,,涓氬姟鑼冨洿
ods,odss990_zmdgt134,ds_tvs_ro,SELECT,,鍔犺浇鏃堕棿
ods,odss990_zmdgt137,ds_tvs_ro,SELECT,,涓氬姟鑼冨洿鍜屽叕鍙镐唬鐮佸叧绯?
ods,odss990_zmdgt138,ds_tvs_ro,SELECT,,鍋滅敤鏍囪瘑
ods,odss990_zmdgt143,ds_tvs_ro,SELECT,,鍒╂鼎涓績涓庢垚鏈腑蹇冨叧绯昏〃
ods,odss990_zmdgt144,ds_tvs_ro,SELECT,,涓氬姟鑼冨洿涓庢垚鏈腑蹇冨叧绯昏〃
dim,dim_mhr_mos_org_base_info_dd,ds_scp_rw,SELECT,,缁勭粐涓绘暟鎹熀鏈俊鎭?
dim,dim_mk_shop_detail_dd,ds_scp_rw,SELECT,,闂ㄥ簵鏄庣粏琛?
dim,dim_mk_shop_info_dd,ds_scp_rw,SELECT,,闂ㄥ簵鍩虹淇℃伅琛?
dim,dim_ref_data_dd,ds_scp_rw,SELECT,,鍙傝€冩暟鎹?缂栫爜缁村害琛?
dim,dim_ref_quote_code_dd,ds_scp_rw,SELECT,,鍙傝€冩暟鎹?浠ｇ爜缁村害琛?
dw,dim_adm_china_dd,ds_scp_rw,SELECT,,鍖哄煙-涓浗琛屾斂鍖哄垝
dw,dim_attr_value_info_dd,ds_scp_rw,SELECT,,灞炴€у€间俊鎭淮搴﹁〃
dw,dim_customer_base_info_dd,ds_scp_rw,SELECT,,瀹㈡埛涓绘暟鎹熀鏈俊鎭?
dw,dim_customer_trade_info_dd,ds_scp_rw,SELECT,,瀹㈡埛璐告槗鍏崇郴淇℃伅淇℃伅
dw,dim_date_nd,ds_scp_rw,SELECT,,鏃ユ湡缁村害涓昏〃
dw,dim_material_attr_info_dd,ds_scp_rw,SELECT,,鐗╂枡瀵瑰簲灞炴€у強灞炴€у€间俊鎭?
dw,dim_material_base_info_dd,ds_scp_rw,SELECT,,鐗╂枡涓绘暟鎹熀鏈俊鎭?
dw,dim_material_class_attr_mapping_dd,ds_scp_rw,SELECT,,鐗╂枡鍒嗙被-灞炴€у叧绯绘槧灏勮〃
dw,dim_material_class_info_dd,ds_scp_rw,SELECT,,鐗╂枡鍒嗙被淇℃伅骞抽摵灞曠ず琛?
dw,dim_material_sap_compare_dd,ds_scp_rw,SELECT,,鐗╂枡绯荤粺缂栫爜瀵圭収
dw,dim_product_addl_info_dd,ds_scp_rw,SELECT,,浜у搧闄勫姞淇℃伅-鐗╂枡缁勩€侀攢鍞粍缁囦俊鎭?
dw,dim_product_attr_info_dd,ds_scp_rw,SELECT,,浜у搧瀵瑰簲灞炴€у強灞炴€у€间俊鎭?
dw,dim_product_base_info_dd,ds_scp_rw,SELECT,,浜у搧涓绘暟鎹熀鏈俊鎭?
dw,dim_product_base_info_nd,ds_scp_rw,SELECT,,鐭ヨ瘑搴?浜у搧灞炴€т俊鎭?
dw,dim_product_class_info_dd,ds_scp_rw,SELECT,,浜у搧鍒嗙被缁村害琛?
dw,dim_public_reference_data_dd,ds_scp_rw,SELECT,,婧愮郴缁熸棤娉ㄩ噴
dw,dim_supplier_base_info_dd,ds_scp_rw,SELECT,,渚涘簲鍟嗕富鏁版嵁鍩烘湰淇℃伅
dw,dim_supplier_company_info_dd,ds_scp_rw,SELECT,,渚涘簲鍟?鍏徃瑙嗗浘
ods,ods_slt_s700_mseg,ds_scp_rw,SELECT,,鐗╂枡鍑瘉琛岄」鐩俊鎭?
ods,odscis_base_matkl,ds_scp_rw,SELECT,,鐗╂枡缁?
ods,odscst_production_cost_info,ds_scp_rw,SELECT,,鐢熶骇鎴愭湰灞曠ず鏁版嵁
ods,odsemp_sms_hac_hh_gj_tr_detial,ds_scp_rw,SELECT,,娴峰鍙戣揣閫氱煡鍗曟槑缁?
ods,odsemp_sms_hac_hh_gj_tr_notice,ds_scp_rw,SELECT,,娴峰鍙戣揣閫氱煡鍗?
ods,odsjtplm_his_marketablemachine,ds_scp_rw,SELECT,,婧愮郴缁熸棤娉ㄩ噴
ods,odsjtplm_hwa_bom,ds_scp_rw,SELECT,,bom淇℃伅
ods,odsplm_hac_product_info,ds_scp_rw,SELECT,,椤圭洰銆佷骇鍝佸搴斿叧绯?
ods,odsrdm_t_obj_baseitem,ds_scp_rw,SELECT,,婧愮郴缁熸棤娉ㄩ噴
ods,odsrdm_t_obj_ophis,ds_scp_rw,SELECT,,婧愮郴缁熸棤娉ㄩ噴
ods,odsrdm_t_obj_rlt,ds_scp_rw,SELECT,,婧愮郴缁熸棤娉ㄩ噴
ods,odsrdm_t_obj_type,ds_scp_rw,SELECT,,婧愮郴缁熸棤娉ㄩ噴
ods,odsrdm_t_pim_pim,ds_scp_rw,SELECT,,婧愮郴缁熸棤娉ㄩ噴
ods,odsrdm_t_pln_milstn,ds_scp_rw,SELECT,,婧愮郴缁熸棤娉ㄩ噴
ods,odsrdm_t_psm_pjt,ds_scp_rw,SELECT,,婧愮郴缁熸棤娉ㄩ噴
ods,odsrdm_t_wf17_wf17,ds_scp_rw,SELECT,,婧愮郴缁熸棤娉ㄩ噴
ods,odsrdm_t_wf24_ext,ds_scp_rw,SELECT,,婧愮郴缁熸棤娉ㄩ噴
ods,odsrdm_t_wf_node,ds_scp_rw,SELECT,,婧愮郴缁熸棤娉ㄩ噴
ods,odss600_mara,ds_scp_rw,SELECT,,婧愮郴缁熸棤娉ㄩ噴
ods,odss600_zts600_zsd080,ds_scp_rw,SELECT,,
ods,odss700_mara,ds_scp_rw,SELECT,,婧愮郴缁熸棤娉ㄩ噴
ods,odss700_marc,ds_scp_rw,SELECT,,婧愮郴缁熸棤娉ㄩ噴
ods,odss990_ZMDGT139,ds_scp_rw,SELECT,,
ods,odss990_ZMDGT150,ds_scp_rw,SELECT,,
ods,odss990_ZMDGT153,ds_scp_rw,SELECT,,
ods,odss990_tgsb,ds_scp_rw,SELECT,,涓氬姟鑼冨洿
ods,odss990_zmdgt134,ds_scp_rw,SELECT,,鍔犺浇鏃堕棿
ods,odss990_zmdgt137,ds_scp_rw,SELECT,,涓氬姟鑼冨洿鍜屽叕鍙镐唬鐮佸叧绯?
ods,odss990_zmdgt138,ds_scp_rw,SELECT,,鍋滅敤鏍囪瘑
ods,odss990_zmdgt143,ds_scp_rw,SELECT,,鍒╂鼎涓績涓庢垚鏈腑蹇冨叧绯昏〃
ods,odss990_zmdgt144,ds_scp_rw,SELECT,,涓氬姟鑼冨洿涓庢垚鏈腑蹇冨叧绯昏〃
ods,odssrmn_md_supp_info,ds_scp_rw,SELECT,,渚涘簲鍟嗕俊鎭〃(涓氬姟鎵ц浣跨敤)
dim,dim_mhr_mos_org_base_info_dd,ds_htc_dmcltc_ro,SELECT,,缁勭粐涓绘暟鎹熀鏈俊鎭?
dim,dim_mk_shop_detail_dd,ds_htc_dmcltc_ro,SELECT,,闂ㄥ簵鏄庣粏琛?
dim,dim_mk_shop_info_dd,ds_htc_dmcltc_ro,SELECT,,闂ㄥ簵鍩虹淇℃伅琛?
dim,dim_ref_data_dd,ds_htc_dmcltc_ro,SELECT,,鍙傝€冩暟鎹?缂栫爜缁村害琛?
dim,dim_ref_quote_code_dd,ds_htc_dmcltc_ro,SELECT,,鍙傝€冩暟鎹?浠ｇ爜缁村害琛?
dw,dim_adm_china_dd,ds_htc_dmcltc_ro,SELECT,,鍖哄煙-涓浗琛屾斂鍖哄垝
dw,dim_attr_value_info_dd,ds_htc_dmcltc_ro,SELECT,,灞炴€у€间俊鎭淮搴﹁〃
dw,dim_customer_base_info_dd,ds_htc_dmcltc_ro,SELECT,,瀹㈡埛涓绘暟鎹熀鏈俊鎭?
dw,dim_customer_trade_info_dd,ds_htc_dmcltc_ro,SELECT,,瀹㈡埛璐告槗鍏崇郴淇℃伅淇℃伅
dw,dim_date_nd,ds_htc_dmcltc_ro,SELECT,,鏃ユ湡缁村害涓昏〃
dw,dim_material_attr_info_dd,ds_htc_dmcltc_ro,SELECT,,鐗╂枡瀵瑰簲灞炴€у強灞炴€у€间俊鎭?
dw,dim_material_base_info_dd,ds_htc_dmcltc_ro,SELECT,,鐗╂枡涓绘暟鎹熀鏈俊鎭?
dw,dim_material_class_attr_mapping_dd,ds_htc_dmcltc_ro,SELECT,,鐗╂枡鍒嗙被-灞炴€у叧绯绘槧灏勮〃
dw,dim_material_class_info_dd,ds_htc_dmcltc_ro,SELECT,,鐗╂枡鍒嗙被淇℃伅骞抽摵灞曠ず琛?
dw,dim_material_sap_compare_dd,ds_htc_dmcltc_ro,SELECT,,鐗╂枡绯荤粺缂栫爜瀵圭収
dw,dim_product_addl_info_dd,ds_htc_dmcltc_ro,SELECT,,浜у搧闄勫姞淇℃伅-鐗╂枡缁勩€侀攢鍞粍缁囦俊鎭?
dw,dim_product_attr_info_dd,ds_htc_dmcltc_ro,SELECT,,浜у搧瀵瑰簲灞炴€у強灞炴€у€间俊鎭?
dw,dim_product_base_info_dd,ds_htc_dmcltc_ro,SELECT,,浜у搧涓绘暟鎹熀鏈俊鎭?
dw,dim_product_base_info_nd,ds_htc_dmcltc_ro,SELECT,,鐭ヨ瘑搴?浜у搧灞炴€т俊鎭?
dw,dim_product_class_info_dd,ds_htc_dmcltc_ro,SELECT,,浜у搧鍒嗙被缁村害琛?
dw,dim_public_reference_data_dd,ds_htc_dmcltc_ro,SELECT,,婧愮郴缁熸棤娉ㄩ噴
dw,dim_supplier_base_info_dd,ds_htc_dmcltc_ro,SELECT,,渚涘簲鍟嗕富鏁版嵁鍩烘湰淇℃伅
dw,dim_supplier_company_info_dd,ds_htc_dmcltc_ro,SELECT,,渚涘簲鍟?鍏徃瑙嗗浘
ods,odss990_ZMDGT139,ds_htc_dmcltc_ro,SELECT,,
ods,odss990_ZMDGT150,ds_htc_dmcltc_ro,SELECT,,
ods,odss990_ZMDGT153,ds_htc_dmcltc_ro,SELECT,,
ods,odss990_tgsb,ds_htc_dmcltc_ro,SELECT,,涓氬姟鑼冨洿
ods,odss990_zmdgt134,ds_htc_dmcltc_ro,SELECT,,鍔犺浇鏃堕棿
ods,odss990_zmdgt137,ds_htc_dmcltc_ro,SELECT,,涓氬姟鑼冨洿鍜屽叕鍙镐唬鐮佸叧绯?
ods,odss990_zmdgt138,ds_htc_dmcltc_ro,SELECT,,鍋滅敤鏍囪瘑
ods,odss990_zmdgt143,ds_htc_dmcltc_ro,SELECT,,鍒╂鼎涓績涓庢垚鏈腑蹇冨叧绯昏〃
ods,odss990_zmdgt144,ds_htc_dmcltc_ro,SELECT,,涓氬姟鑼冨洿涓庢垚鏈腑蹇冨叧绯昏〃
dim,dim_mhr_mos_org_base_info_dd,ds_sxgy_zz_ro,SELECT,,缁勭粐涓绘暟鎹熀鏈俊鎭?
dim,dim_mk_shop_detail_dd,ds_sxgy_zz_ro,SELECT,,闂ㄥ簵鏄庣粏琛?
dim,dim_mk_shop_info_dd,ds_sxgy_zz_ro,SELECT,,闂ㄥ簵鍩虹淇℃伅琛?
dim,dim_ref_data_dd,ds_sxgy_zz_ro,SELECT,,鍙傝€冩暟鎹?缂栫爜缁村害琛?
dim,dim_ref_quote_code_dd,ds_sxgy_zz_ro,SELECT,,鍙傝€冩暟鎹?浠ｇ爜缁村害琛?
dw,dim_adm_china_dd,ds_sxgy_zz_ro,SELECT,,鍖哄煙-涓浗琛屾斂鍖哄垝
dw,dim_attr_value_info_dd,ds_sxgy_zz_ro,SELECT,,灞炴€у€间俊鎭淮搴﹁〃
dw,dim_customer_base_info_dd,ds_sxgy_zz_ro,SELECT,,瀹㈡埛涓绘暟鎹熀鏈俊鎭?
dw,dim_customer_trade_info_dd,ds_sxgy_zz_ro,SELECT,,瀹㈡埛璐告槗鍏崇郴淇℃伅淇℃伅
dw,dim_date_nd,ds_sxgy_zz_ro,SELECT,,鏃ユ湡缁村害涓昏〃
dw,dim_material_attr_info_dd,ds_sxgy_zz_ro,SELECT,,鐗╂枡瀵瑰簲灞炴€у強灞炴€у€间俊鎭?
dw,dim_material_base_info_dd,ds_sxgy_zz_ro,SELECT,,鐗╂枡涓绘暟鎹熀鏈俊鎭?
dw,dim_material_class_attr_mapping_dd,ds_sxgy_zz_ro,SELECT,,鐗╂枡鍒嗙被-灞炴€у叧绯绘槧灏勮〃
dw,dim_material_class_info_dd,ds_sxgy_zz_ro,SELECT,,鐗╂枡鍒嗙被淇℃伅骞抽摵灞曠ず琛?
dw,dim_material_sap_compare_dd,ds_sxgy_zz_ro,SELECT,,鐗╂枡绯荤粺缂栫爜瀵圭収
dw,dim_product_addl_info_dd,ds_sxgy_zz_ro,SELECT,,浜у搧闄勫姞淇℃伅-鐗╂枡缁勩€侀攢鍞粍缁囦俊鎭?
dw,dim_product_attr_info_dd,ds_sxgy_zz_ro,SELECT,,浜у搧瀵瑰簲灞炴€у強灞炴€у€间俊鎭?
dw,dim_product_base_info_dd,ds_sxgy_zz_ro,SELECT,,浜у搧涓绘暟鎹熀鏈俊鎭?
dw,dim_product_base_info_nd,ds_sxgy_zz_ro,SELECT,,鐭ヨ瘑搴?浜у搧灞炴€т俊鎭?
dw,dim_product_class_info_dd,ds_sxgy_zz_ro,SELECT,,浜у搧鍒嗙被缁村害琛?
dw,dim_public_reference_data_dd,ds_sxgy_zz_ro,SELECT,,婧愮郴缁熸棤娉ㄩ噴
dw,dim_supplier_base_info_dd,ds_sxgy_zz_ro,SELECT,,渚涘簲鍟嗕富鏁版嵁鍩烘湰淇℃伅
dw,dim_supplier_company_info_dd,ds_sxgy_zz_ro,SELECT,,渚涘簲鍟?鍏徃瑙嗗浘
ods,ODSS600_MARA,ds_sxgy_zz_ro,SELECT,,
ods,ODSS600_MARC,ds_sxgy_zz_ro,SELECT,,
ods,odss990_ZMDGT139,ds_sxgy_zz_ro,SELECT,,
ods,odss990_ZMDGT150,ds_sxgy_zz_ro,SELECT,,
ods,odss990_ZMDGT153,ds_sxgy_zz_ro,SELECT,,
ods,odss990_tgsb,ds_sxgy_zz_ro,SELECT,,涓氬姟鑼冨洿
ods,odss990_zmdgt134,ds_sxgy_zz_ro,SELECT,,鍔犺浇鏃堕棿
ods,odss990_zmdgt137,ds_sxgy_zz_ro,SELECT,,涓氬姟鑼冨洿鍜屽叕鍙镐唬鐮佸叧绯?
ods,odss990_zmdgt138,ds_sxgy_zz_ro,SELECT,,鍋滅敤鏍囪瘑
ods,odss990_zmdgt143,ds_sxgy_zz_ro,SELECT,,鍒╂鼎涓績涓庢垚鏈腑蹇冨叧绯昏〃
ods,odss990_zmdgt144,ds_sxgy_zz_ro,SELECT,,涓氬姟鑼冨洿涓庢垚鏈腑蹇冨叧绯昏〃
ads,ads_ipd_ipm_add_reduce_result_dd,ds_rd_ro,SELECT,,鐮斿彂鎸囨爣鏂板缂╁噺缁撴灉鍊?
ads,ads_ipd_ipm_cbg_dxhxl_show_dd,ds_rd_ro,SELECT,,鍗曞瀷鍙烽攢閲忓缁村害灞曠ず琛?
ads,ads_ipd_ipm_cbg_model_show_dd,ds_rd_ro,SELECT,,"CBG浜у搧鍨嬪彿澶氱淮搴﹀睍绀鸿〃
"
ads,ads_ipd_ipm_development_cycle_result_dd,ds_rd_ro,SELECT,,
ads,ads_ipd_ipm_development_cycle_result_show_dd,ds_rd_ro,SELECT,,
ads,ads_ipd_ipm_development_kf_result_dd,ds_rd_ro,SELECT,,椤圭洰寮€鍙戝懆鏈熺粨鏋滆〃
ads,ads_ipd_ipm_dptxl_result_dd,ds_rd_ro,SELECT,,"鍗曞钩鍙伴攢閲忕粨鏋滆〃
"
ads,ads_ipd_ipm_dxhxl_result_dd,ds_rd_ro,SELECT,,鍗曞瀷鍙烽攢閲忕粨鏋滃睍绀鸿〃
ads,ads_ipd_ipm_dxmodel_result_dd,ds_rd_ro,SELECT,,浣庢晥鍨嬪彿鏁扮粨鏋滆〃
ads,ads_ipd_ipm_gptl_show_dd,ds_rd_ro,SELECT,,鍐呭閿€鍏卞钩鍙扮巼缁撴灉琛?
ads,ads_ipd_ipm_kdzbmid_dd,ds_rd_ro,SELECT,,瀹藉甫鎸囨爣涓棿琛?缁撴灉鍊?
ads,ads_ipd_ipm_platform_library_result_dd,ds_rd_ro,SELECT,,骞冲彴搴撳钩鍙扮粨鏋滆〃
ads,ads_ipd_ipm_platform_result_dd,ds_rd_ro,SELECT,,浜у搧骞冲彴鏁扮粨鏋滆〃
ads,ads_ipd_ipm_product_delivery_detail_dd,ds_rd_ro,SELECT,,浜у搧鍙婃椂浜や粯鐜囨槑缁嗚〃
ads,ads_ipd_ipm_product_delivery_result_dd,ds_rd_ro,SELECT,,浜у搧鍙婃椂浜や粯鐜囩粨鏋滆〃
ads,ads_ipd_ipm_project_kf_lbx_twdetail_hz_dd,ds_rd_ro,SELECT,,椤圭洰浜岀骇鐪嬫澘姹囨€昏〃
ads,ads_ipd_ipm_rdkpi_tf_project_lcb_stage_dd,ds_rd_ro,SELECT,,椤圭洰寮€鍙戝懆鏈熼噷绋嬬鍒嗛樁娈电粨鏋滆〃
ads,ads_ipd_ipm_sale_model_result_dd,ds_rd_ro,SELECT,,鍦ㄩ攢鍨嬪彿鏁扮粨鏋滆〃
ads,ads_ipd_ipm_zcmodel_result_dd,ds_rd_ro,SELECT,,鍦ㄤ骇鍨嬪彿鏁扮粨鏋滆〃
ads,ads_ipd_ipm_zgd_model_dd,ds_rd_ro,SELECT,,涓珮绔瀷鍙锋暟鍗犳瘮
ads,ads_ipd_irm_requirement_result_dd,ds_rd_ro,SELECT,,闇€姹傜粨鏋滆〃
ads,ads_ipd_irs_design_change_kccl_dd,ds_rd_ro,SELECT,,璁捐鍙樻洿搴撳瓨澶勭悊鎰忚
ads,ads_ipd_irs_iterate_new_result_dd,ds_rd_ro,SELECT,,瑙嗗儚绉戞妧鏂板搧姹囨€昏〃
ads,ads_ipd_irs_jgsjbghxqchange_result_dd,ds_rd_ro,SELECT,,婵€鍏夎璁″彉鏇村悗闇€姹傚彉鏇撮」鐩暟缁撴灉琛?
ads,ads_ipd_irs_kfz_ddxp_detail_dd,ds_rd_ro,SELECT,,寮€鍙戜腑杩唬鏂板搧鏄庣粏琛?
ads,ads_ipd_irs_product_cost_dd,ds_rd_ro,SELECT,,浜у搧鎴愭湰杈炬爣缁撴灉琛?
ads,ads_ipd_irs_standard_dd,ds_rd_ro,SELECT,,鏍囧噯鎸囨爣缁撴灉鍊?
ads,ads_ipd_irs_tywl_ggh_detail_dd,ds_rd_ro,SELECT,,閫氱敤鐗╂枡瑙勬牸鍖栫郴鍒楀寲鏄庣粏鏁版嵁
ads,ads_ipd_irs_tywl_ggh_er_report_dd,ds_rd_ro,SELECT,,閫氱敤鐗╂枡瑙勬牸鍖栫郴鍒楀寲浜岀骇鐣岄潰
ads,ads_ipd_irs_tywl_ggh_yi_report_dd,ds_rd_ro,SELECT,,閫氱敤鐗╂枡瑙勬牸鍖栫郴鍒楀寲涓€绾х晫闈?
ads,ads_ipd_irs_tywl_wlk_results_dd,ds_rd_ro,SELECT,,鍚勭墿鏂欏簱缁撴灉鍊?
ads,ads_mrc_ipm_patent_result_dd,ds_rd_ro,SELECT,,涓撳埄鎸囨爣缁撴灉琛?
dim,dim_mhr_mos_org_base_info_dd,ds_rd_ro,SELECT,,缁勭粐涓绘暟鎹熀鏈俊鎭?
dim,dim_mk_shop_detail_dd,ds_rd_ro,SELECT,,闂ㄥ簵鏄庣粏琛?
dim,dim_mk_shop_info_dd,ds_rd_ro,SELECT,,闂ㄥ簵鍩虹淇℃伅琛?
dim,dim_ref_data_dd,ds_rd_ro,SELECT,,鍙傝€冩暟鎹?缂栫爜缁村害琛?
dim,dim_ref_quote_code_dd,ds_rd_ro,SELECT,,鍙傝€冩暟鎹?浠ｇ爜缁村害琛?
dw,dim_adm_china_dd,ds_rd_ro,SELECT,,鍖哄煙-涓浗琛屾斂鍖哄垝
dw,dim_attr_value_info_dd,ds_rd_ro,SELECT,,灞炴€у€间俊鎭淮搴﹁〃
dw,dim_customer_base_info_dd,ds_rd_ro,SELECT,,瀹㈡埛涓绘暟鎹熀鏈俊鎭?
dw,dim_customer_trade_info_dd,ds_rd_ro,SELECT,,瀹㈡埛璐告槗鍏崇郴淇℃伅淇℃伅
dw,dim_date_nd,ds_rd_ro,SELECT,,鏃ユ湡缁村害涓昏〃
dw,dim_material_attr_info_dd,ds_rd_ro,SELECT,,鐗╂枡瀵瑰簲灞炴€у強灞炴€у€间俊鎭?
dw,dim_material_base_info_dd,ds_rd_ro,SELECT,,鐗╂枡涓绘暟鎹熀鏈俊鎭?
dw,dim_material_class_attr_mapping_dd,ds_rd_ro,SELECT,,鐗╂枡鍒嗙被-灞炴€у叧绯绘槧灏勮〃
dw,dim_material_class_info_dd,ds_rd_ro,SELECT,,鐗╂枡鍒嗙被淇℃伅骞抽摵灞曠ず琛?
dw,dim_material_sap_compare_dd,ds_rd_ro,SELECT,,鐗╂枡绯荤粺缂栫爜瀵圭収
dw,dim_product_addl_info_dd,ds_rd_ro,SELECT,,浜у搧闄勫姞淇℃伅-鐗╂枡缁勩€侀攢鍞粍缁囦俊鎭?
dw,dim_product_attr_info_dd,ds_rd_ro,SELECT,,浜у搧瀵瑰簲灞炴€у強灞炴€у€间俊鎭?
dw,dim_product_base_info_dd,ds_rd_ro,SELECT,,浜у搧涓绘暟鎹熀鏈俊鎭?
dw,dim_product_base_info_nd,ds_rd_ro,SELECT,,鐭ヨ瘑搴?浜у搧灞炴€т俊鎭?
dw,dim_product_class_info_dd,ds_rd_ro,SELECT,,浜у搧鍒嗙被缁村害琛?
dw,dim_public_reference_data_dd,ds_rd_ro,SELECT,,婧愮郴缁熸棤娉ㄩ噴
dw,dim_supplier_base_info_dd,ds_rd_ro,SELECT,,渚涘簲鍟嗕富鏁版嵁鍩烘湰淇℃伅
dw,dim_supplier_company_info_dd,ds_rd_ro,SELECT,,渚涘簲鍟?鍏徃瑙嗗浘
dwd,dwd_ipd_ipm_bd_s810_zbi_zrfi010z_d_rd_dd,ds_rd_ro,SELECT,,澶栭攢鍦ㄩ€斿簱瀛樿〃
dwd,dwd_ipd_ipm_bd_s810_zhd_zfi013_rd_dd,ds_rd_ro,SELECT,,澶栭攢鍩哄湴搴撳瓨琛?
dwd,dwd_ipd_ipm_bd_s810_ztsd_zcpkc_rd_dd,ds_rd_ro,SELECT,,澶栭攢娴峰鍒嗗叕鍙稿簱瀛樿〃
dwd,dwd_ipd_irm_hisense_initial_requirement_dd,ds_rd_ro,SELECT,,鍒濆闇€姹傝〃
dwd,dwd_ipd_irs_s600800_bom_cp_pt_dd,ds_rd_ro,SELECT,,S600800鐨刡om浜у搧鍨嬪彿鍜屽钩鍙扮殑鍏崇郴琛?
dwd,dwd_ipd_irs_s700900_bom_cp_pt_dd,ds_rd_ro,SELECT,,S700900鐨刡om浜у搧鍨嬪彿鍜屽钩鍙扮殑鍏崇郴琛?
dwd,dwd_ipd_irs_standard_dd,ds_rd_ro,SELECT,,鏍囧噯鎻愭涓庢爣鍑嗛噰绾虫槑缁?
dwd,dwd_ipd_irs_zdy_blbt_dd,ds_rd_ro,SELECT,,閫氱敤鐗╂枡瑙勬牸鍖栫郴鍒楀寲鍐板喎鑷畾涔夎〃澶?
dwd,dwd_ipd_irs_zdy_kqbty_dd,ds_rd_ro,SELECT,,閫氱敤鐗╂枡瑙勬牸鍖栫郴鍒楀寲绌烘皵鑷畾涔夎〃澶?
dwd,dwd_ipd_irs_zdy_slbt_dd,ds_rd_ro,SELECT,,閫氱敤鐗╂枡瑙勬牸鍖栫郴鍒楀寲鍟嗗喎鑷畾涔夎〃澶?
dwd,dwd_ipd_irs_zdy_sxkjbt_dd,ds_rd_ro,SELECT,,閫氱敤鐗╂枡瑙勬牸鍖栫郴鍒楀寲瑙嗗儚绉戞妧鑷畾涔夎〃澶?
dwd,dwd_ipd_irs_zdy_xyjbt_dd,ds_rd_ro,SELECT,,閫氱敤鐗╂枡瑙勬牸鍖栫郴鍒楀寲娲楄。鏈鸿嚜瀹氫箟琛ㄥご
dws,dws_ipd_ipm_cbg_model_detail_dd,ds_rd_ro,SELECT,,鍐呴攢鍦ㄩ攢-鍦ㄤ骇-閿€閲忔槑缁嗚〃
dws,dws_ipd_ipm_development_cycle_detail_dd,ds_rd_ro,SELECT,,椤圭洰寮€鍙戝懆鏈熸槑缁嗚〃
dws,dws_ipd_ipm_dptxl_detail_dd,ds_rd_ro,SELECT,,鍗曞钩鍙伴攢閲忔槑缁嗚〃
dws,dws_ipd_ipm_dxhxl_detail_dd,ds_rd_ro,SELECT,,"鍗曞瀷鍙烽攢閲忔槑缁嗚〃
"
dws,dws_ipd_ipm_dxmodel_detail_dd,ds_rd_ro,SELECT,,"浣庢晥鍨嬪彿鏄庣粏琛?"
dws,dws_ipd_ipm_gptl_detail_dd,ds_rd_ro,SELECT,,"鍏卞钩鍙扮巼鏄庣粏琛?"
dws,dws_ipd_ipm_platform_detail_dd,ds_rd_ro,SELECT,,浜у搧骞冲彴鏁版槑缁嗚〃
dws,dws_ipd_ipm_platform_library_detail_dd,ds_rd_ro,SELECT,,骞冲彴搴撳钩鍙版槑缁嗚〃
dws,dws_ipd_ipm_product_delivery_detail_dd,ds_rd_ro,SELECT,,浜у搧鍙婃椂浜や粯鐜囨槑缁嗚〃
dws,dws_ipd_ipm_rdkpi_tf_project_lbx_twdetail_dd,ds_rd_ro,SELECT,,椤圭洰浜岀骇鐪嬫澘鏄庣粏琛?
dws,dws_ipd_ipm_sale_model_detail_dd,ds_rd_ro,SELECT,,鍦ㄩ攢鍨嬪彿鏁版槑缁嗚〃
dws,dws_ipd_ipm_salemodelid_dd,ds_rd_ro,SELECT,,"鍦ㄩ攢鍨嬪彿鏁伴攢鍞瀷鍙风紪鐮佹槑缁嗚〃
"
dws,dws_ipd_ipm_sales_detail_mid_dd,ds_rd_ro,SELECT,,"閿€閲忔暟鎹繃搴﹁〃
"
dws,dws_ipd_ipm_zcmodel_detail_dd,ds_rd_ro,SELECT,,鍦ㄤ骇鍨嬪彿鏁版槑缁嗚〃
dws,dws_ipd_ipm_zcproductionversion_dd,ds_rd_ro,SELECT,,鍦ㄤ骇鍨嬪彿鏁扮敓浜х増鏈槑缁嗚〃
dws,dws_ipd_irm_hisense_raw_requirement_dd,ds_rd_ro,SELECT,,鍘熷闇€姹傝浆鍖栬〃
dws,dws_ipd_irm_hisense_requirement_project_dd,ds_rd_ro,SELECT,,闇€姹傚拰椤圭洰鍏崇郴琛?
dws,dws_ipd_irs_jgsjbghxqchange_detail_dd,ds_rd_ro,SELECT,,婵€鍏夎璁″彉鏇村悗闇€姹傚彉鏇撮」鐩暟
dws,dws_ipd_irs_product_cost_dd,ds_rd_ro,SELECT,,浜у搧鎴愭湰杈炬爣鏄庣粏琛?
dws,dws_ipd_irs_tywl_cgklcjwlk_detail_dd,ds_rd_ro,SELECT,,閲囪喘搴撻噺浜т欢鐗╂枡搴撴槑缁?
dws,dws_ipd_irs_tywl_cgkzybjwlk_detail_dd,ds_rd_ro,SELECT,,閲囪喘搴撲笓鐢ㄥ浠剁墿鏂欏簱鏄庣粏
dws,dws_ipd_irs_tywl_cgwlk_detail_dd,ds_rd_ro,SELECT,,閲囪喘鐗╂枡搴撴槑缁?
dws,dws_ipd_irs_tywl_cgwlkx_detail_dd,ds_rd_ro,SELECT,,閲囪喘鐗╂枡搴撴柊鏄庣粏
dws,dws_ipd_irs_tywl_fszb_detail_dd,ds_rd_ro,SELECT,,鐗╂枡搴撻檮灞炴寚鏍?鏂板鍑忓皯)鏄庣粏
dws,dws_ipd_irs_tywl_plwlk_detail_dd,ds_rd_ro,SELECT,,鍝佺被鐗╂枡搴撴槑缁?
dws,dws_ipd_irs_tywl_plzbk_cgk_detail_dd,ds_rd_ro,SELECT,,鍝佺被鎸囨爣搴撻噰璐簱鏄庣粏
dws,dws_ipd_irs_tywl_plzbk_detail_dd,ds_rd_ro,SELECT,,鍝佺被鎸囨爣搴撴槑缁?
dws,dws_ipd_irs_tywl_plzbk_zzk_detail_dd,ds_rd_ro,SELECT,,鍝佺被鎸囨爣搴撹嚜鍒跺簱鏄庣粏
dws,dws_ipd_irs_tywl_plzbkx_detail_dd,ds_rd_ro,SELECT,,鍝佺被鎸囨爣搴撴柊鏄庣粏
dws,dws_ipd_irs_tywl_tier_cgklcjwlk_detail_dd,ds_rd_ro,SELECT,,澶磋叞灏剧墿鏂欐槑缁嗕笉鍒嗗伐鍘傞噰璐簱閲忎骇浠剁墿鏂欒〃
dws,dws_ipd_irs_tywl_tier_cgkzybjwlk_detail_dd,ds_rd_ro,SELECT,,澶磋叞灏剧墿鏂欐槑缁嗕笉鍒嗗伐鍘傞噰璐簱涓撶敤澶囦欢鐗╂枡琛?
dws,dws_ipd_irs_tywl_tier_cgwlk_detail_dd,ds_rd_ro,SELECT,,澶磋叞灏剧墿鏂欐槑缁嗕笉鍒嗗伐鍘傞噰璐墿鏂欏簱
dws,dws_ipd_irs_tywl_tier_plzbk_cgk_detail_dd,ds_rd_ro,SELECT,,澶磋叞灏剧墿鏂欐槑缁嗕笉鍒嗗伐鍘傚搧绫绘寚鏍囧簱閲囪喘搴?
dws,dws_ipd_irs_tywl_tier_plzbk_detail_dd,ds_rd_ro,SELECT,,澶磋叞灏剧墿鏂欐槑缁嗕笉鍒嗗伐鍘傚搧绫绘寚鏍囧簱
dws,dws_ipd_irs_tywl_ycgjlcgjwlk_detail_dd,ds_rd_ro,SELECT,,鏈夐噰璐褰曢噰璐墿鏂欏簱鏄庣粏
dws,dws_ipd_irs_tywl_yfwlk_detail_dd,ds_rd_ro,SELECT,,鐮斿彂鐗╂枡搴撴槑缁?
dws,dws_ipd_irs_tywl_zzwlk_detail_dd,ds_rd_ro,SELECT,,鑷埗鐗╂枡搴撴槑缁?
dws,dws_mrc_ipm_patent_dd,ds_rd_ro,SELECT,,涓撳埄鐢宠鏁版槑缁嗚〃
ods,ODSSYMA_FORMZ0GHQHWXUG,ds_rd_ro,SELECT,,
ods,odsjtplm_his_ai_usage_record_staging_db,ds_rd_ro,SELECT,,鐢ㄦ埛璋冪敤鏅鸿兘浣撴湇鍔＄殑璁板綍
ods,odss990_ZMDGT139,ds_rd_ro,SELECT,,
ods,odss990_ZMDGT150,ds_rd_ro,SELECT,,
ods,odss990_ZMDGT153,ds_rd_ro,SELECT,,
ods,odss990_tgsb,ds_rd_ro,SELECT,,涓氬姟鑼冨洿
ods,odss990_zmdgt134,ds_rd_ro,SELECT,,鍔犺浇鏃堕棿
ods,odss990_zmdgt137,ds_rd_ro,SELECT,,涓氬姟鑼冨洿鍜屽叕鍙镐唬鐮佸叧绯?
ods,odss990_zmdgt138,ds_rd_ro,SELECT,,鍋滅敤鏍囪瘑
ods,odss990_zmdgt143,ds_rd_ro,SELECT,,鍒╂鼎涓績涓庢垚鏈腑蹇冨叧绯昏〃
ods,odss990_zmdgt144,ds_rd_ro,SELECT,,涓氬姟鑼冨洿涓庢垚鏈腑蹇冨叧绯昏〃
ods,odssyma_FORM4MGMQXIBNX,ds_rd_ro,SELECT,,
ods,odssyma_FORMALCKMGRNIP,ds_rd_ro,SELECT,,
ods,odssyma_FORMGA7CROPPMA,ds_rd_ro,SELECT,,
ods,odssyma_FORMIWS0GH4CZ2,ds_rd_ro,SELECT,,
ods,odssyma_formyzl9mftweq,ds_rd_ro,SELECT,,
ods,odszdysg_blsj,ds_rd_ro,SELECT,,鑷畾涔夋墜宸ュ啺鍐锋暟鎹腑闂磋〃
ods,odszdysg_kqsj,ds_rd_ro,SELECT,,鑷畾涔夋墜宸ョ┖姘旀暟鎹腑闂磋〃
ods,odszdysg_slsj,ds_rd_ro,SELECT,,鑷畾涔夋墜宸ュ晢鍐锋暟鎹腑闂磋〃
ods,odszdysg_sxkjsj,ds_rd_ro,SELECT,,鑷畾涔夋墜宸ヨ璞＄鎶€鏁版嵁涓棿琛?
ods,odszdysg_xyjsj,ds_rd_ro,SELECT,,鑷畾涔夋墜宸ユ礂琛ｆ満鏁版嵁涓棿琛?
dim,dim_mhr_mos_org_base_info_dd,ds_gqxt_rw,SELECT,,缁勭粐涓绘暟鎹熀鏈俊鎭?
dim,dim_mk_shop_detail_dd,ds_gqxt_rw,SELECT,,闂ㄥ簵鏄庣粏琛?
dim,dim_mk_shop_info_dd,ds_gqxt_rw,SELECT,,闂ㄥ簵鍩虹淇℃伅琛?
dim,dim_ref_data_dd,ds_gqxt_rw,SELECT,,鍙傝€冩暟鎹?缂栫爜缁村害琛?
dim,dim_ref_quote_code_dd,ds_gqxt_rw,SELECT,,鍙傝€冩暟鎹?浠ｇ爜缁村害琛?
dw,dim_adm_china_dd,ds_gqxt_rw,SELECT,,鍖哄煙-涓浗琛屾斂鍖哄垝
dw,dim_attr_value_info_dd,ds_gqxt_rw,SELECT,,灞炴€у€间俊鎭淮搴﹁〃
dw,dim_customer_base_info_dd,ds_gqxt_rw,SELECT,,瀹㈡埛涓绘暟鎹熀鏈俊鎭?
dw,dim_customer_trade_info_dd,ds_gqxt_rw,SELECT,,瀹㈡埛璐告槗鍏崇郴淇℃伅淇℃伅
dw,dim_date_nd,ds_gqxt_rw,SELECT,,鏃ユ湡缁村害涓昏〃
dw,dim_material_attr_info_dd,ds_gqxt_rw,SELECT,,鐗╂枡瀵瑰簲灞炴€у強灞炴€у€间俊鎭?
dw,dim_material_base_info_dd,ds_gqxt_rw,SELECT,,鐗╂枡涓绘暟鎹熀鏈俊鎭?
dw,dim_material_class_attr_mapping_dd,ds_gqxt_rw,SELECT,,鐗╂枡鍒嗙被-灞炴€у叧绯绘槧灏勮〃
dw,dim_material_class_info_dd,ds_gqxt_rw,SELECT,,鐗╂枡鍒嗙被淇℃伅骞抽摵灞曠ず琛?
dw,dim_material_sap_compare_dd,ds_gqxt_rw,SELECT,,鐗╂枡绯荤粺缂栫爜瀵圭収
dw,dim_product_addl_info_dd,ds_gqxt_rw,SELECT,,浜у搧闄勫姞淇℃伅-鐗╂枡缁勩€侀攢鍞粍缁囦俊鎭?
dw,dim_product_attr_info_dd,ds_gqxt_rw,SELECT,,浜у搧瀵瑰簲灞炴€у強灞炴€у€间俊鎭?
dw,dim_product_base_info_dd,ds_gqxt_rw,SELECT,,浜у搧涓绘暟鎹熀鏈俊鎭?
dw,dim_product_base_info_nd,ds_gqxt_rw,SELECT,,鐭ヨ瘑搴?浜у搧灞炴€т俊鎭?
dw,dim_product_class_info_dd,ds_gqxt_rw,SELECT,,浜у搧鍒嗙被缁村害琛?
dw,dim_public_reference_data_dd,ds_gqxt_rw,SELECT,,婧愮郴缁熸棤娉ㄩ噴
dw,dim_supplier_base_info_dd,ds_gqxt_rw,SELECT,,渚涘簲鍟嗕富鏁版嵁鍩烘湰淇℃伅
dw,dim_supplier_company_info_dd,ds_gqxt_rw,SELECT,,渚涘簲鍟?鍏徃瑙嗗浘
ods,odsdt_tm_ldap_user,ds_gqxt_rw,SELECT,,s900 getbom
ods,odss990_ZMDGT139,ds_gqxt_rw,SELECT,,
ods,odss990_ZMDGT150,ds_gqxt_rw,SELECT,,
ods,odss990_ZMDGT153,ds_gqxt_rw,SELECT,,
ods,odss990_tgsb,ds_gqxt_rw,SELECT,,涓氬姟鑼冨洿
ods,odss990_zmdgt134,ds_gqxt_rw,SELECT,,鍔犺浇鏃堕棿
ods,odss990_zmdgt137,ds_gqxt_rw,SELECT,,涓氬姟鑼冨洿鍜屽叕鍙镐唬鐮佸叧绯?
ods,odss990_zmdgt138,ds_gqxt_rw,SELECT,,鍋滅敤鏍囪瘑
ods,odss990_zmdgt143,ds_gqxt_rw,SELECT,,鍒╂鼎涓績涓庢垚鏈腑蹇冨叧绯昏〃
ods,odss990_zmdgt144,ds_gqxt_rw,SELECT,,涓氬姟鑼冨洿涓庢垚鏈腑蹇冨叧绯昏〃
dim,dim_mhr_mos_org_base_info_dd,ds_ligent_bi_ro,SELECT,,缁勭粐涓绘暟鎹熀鏈俊鎭?
dim,dim_mk_shop_detail_dd,ds_ligent_bi_ro,SELECT,,闂ㄥ簵鏄庣粏琛?
dim,dim_mk_shop_info_dd,ds_ligent_bi_ro,SELECT,,闂ㄥ簵鍩虹淇℃伅琛?
dim,dim_ref_data_dd,ds_ligent_bi_ro,SELECT,,鍙傝€冩暟鎹?缂栫爜缁村害琛?
dim,dim_ref_quote_code_dd,ds_ligent_bi_ro,SELECT,,鍙傝€冩暟鎹?浠ｇ爜缁村害琛?
dw,dim_adm_china_dd,ds_ligent_bi_ro,SELECT,,鍖哄煙-涓浗琛屾斂鍖哄垝
dw,dim_attr_value_info_dd,ds_ligent_bi_ro,SELECT,,灞炴€у€间俊鎭淮搴﹁〃
dw,dim_customer_base_info_dd,ds_ligent_bi_ro,SELECT,,瀹㈡埛涓绘暟鎹熀鏈俊鎭?
dw,dim_customer_trade_info_dd,ds_ligent_bi_ro,SELECT,,瀹㈡埛璐告槗鍏崇郴淇℃伅淇℃伅
dw,dim_date_nd,ds_ligent_bi_ro,SELECT,,鏃ユ湡缁村害涓昏〃
dw,dim_material_attr_info_dd,ds_ligent_bi_ro,SELECT,,鐗╂枡瀵瑰簲灞炴€у強灞炴€у€间俊鎭?
dw,dim_material_base_info_dd,ds_ligent_bi_ro,SELECT,,鐗╂枡涓绘暟鎹熀鏈俊鎭?
dw,dim_material_class_attr_mapping_dd,ds_ligent_bi_ro,SELECT,,鐗╂枡鍒嗙被-灞炴€у叧绯绘槧灏勮〃
dw,dim_material_class_info_dd,ds_ligent_bi_ro,SELECT,,鐗╂枡鍒嗙被淇℃伅骞抽摵灞曠ず琛?
dw,dim_material_sap_compare_dd,ds_ligent_bi_ro,SELECT,,鐗╂枡绯荤粺缂栫爜瀵圭収
dw,dim_product_addl_info_dd,ds_ligent_bi_ro,SELECT,,浜у搧闄勫姞淇℃伅-鐗╂枡缁勩€侀攢鍞粍缁囦俊鎭?
dw,dim_product_attr_info_dd,ds_ligent_bi_ro,SELECT,,浜у搧瀵瑰簲灞炴€у強灞炴€у€间俊鎭?
dw,dim_product_base_info_dd,ds_ligent_bi_ro,SELECT,,浜у搧涓绘暟鎹熀鏈俊鎭?
dw,dim_product_base_info_nd,ds_ligent_bi_ro,SELECT,,鐭ヨ瘑搴?浜у搧灞炴€т俊鎭?
dw,dim_product_class_info_dd,ds_ligent_bi_ro,SELECT,,浜у搧鍒嗙被缁村害琛?
dw,dim_public_reference_data_dd,ds_ligent_bi_ro,SELECT,,婧愮郴缁熸棤娉ㄩ噴
dw,dim_supplier_base_info_dd,ds_ligent_bi_ro,SELECT,,渚涘簲鍟嗕富鏁版嵁鍩烘湰淇℃伅
dw,dim_supplier_company_info_dd,ds_ligent_bi_ro,SELECT,,渚涘簲鍟?鍏徃瑙嗗浘
ods,odss990_ZMDGT139,ds_ligent_bi_ro,SELECT,,
ods,odss990_ZMDGT150,ds_ligent_bi_ro,SELECT,,
ods,odss990_ZMDGT153,ds_ligent_bi_ro,SELECT,,
ods,odss990_tgsb,ds_ligent_bi_ro,SELECT,,涓氬姟鑼冨洿
ods,odss990_zmdgt134,ds_ligent_bi_ro,SELECT,,鍔犺浇鏃堕棿
ods,odss990_zmdgt137,ds_ligent_bi_ro,SELECT,,涓氬姟鑼冨洿鍜屽叕鍙镐唬鐮佸叧绯?
ods,odss990_zmdgt138,ds_ligent_bi_ro,SELECT,,鍋滅敤鏍囪瘑
ods,odss990_zmdgt143,ds_ligent_bi_ro,SELECT,,鍒╂鼎涓績涓庢垚鏈腑蹇冨叧绯昏〃
ods,odss990_zmdgt144,ds_ligent_bi_ro,SELECT,,涓氬姟鑼冨洿涓庢垚鏈腑蹇冨叧绯昏〃
dim,dim_mhr_mos_org_base_info_dd,ds_btmgr_rw,SELECT,,缁勭粐涓绘暟鎹熀鏈俊鎭?
dim,dim_mk_shop_detail_dd,ds_btmgr_rw,SELECT,,闂ㄥ簵鏄庣粏琛?
dim,dim_mk_shop_info_dd,ds_btmgr_rw,SELECT,,闂ㄥ簵鍩虹淇℃伅琛?
dim,dim_ref_data_dd,ds_btmgr_rw,SELECT,,鍙傝€冩暟鎹?缂栫爜缁村害琛?
dim,dim_ref_quote_code_dd,ds_btmgr_rw,SELECT,,鍙傝€冩暟鎹?浠ｇ爜缁村害琛?
dw,dim_adm_china_dd,ds_btmgr_rw,SELECT,,鍖哄煙-涓浗琛屾斂鍖哄垝
dw,dim_attr_value_info_dd,ds_btmgr_rw,SELECT,,灞炴€у€间俊鎭淮搴﹁〃
dw,dim_customer_base_info_dd,ds_btmgr_rw,SELECT,,瀹㈡埛涓绘暟鎹熀鏈俊鎭?
dw,dim_customer_trade_info_dd,ds_btmgr_rw,SELECT,,瀹㈡埛璐告槗鍏崇郴淇℃伅淇℃伅
dw,dim_date_nd,ds_btmgr_rw,SELECT,,鏃ユ湡缁村害涓昏〃
dw,dim_material_attr_info_dd,ds_btmgr_rw,SELECT,,鐗╂枡瀵瑰簲灞炴€у強灞炴€у€间俊鎭?
dw,dim_material_base_info_dd,ds_btmgr_rw,SELECT,,鐗╂枡涓绘暟鎹熀鏈俊鎭?
dw,dim_material_class_attr_mapping_dd,ds_btmgr_rw,SELECT,,鐗╂枡鍒嗙被-灞炴€у叧绯绘槧灏勮〃
dw,dim_material_class_info_dd,ds_btmgr_rw,SELECT,,鐗╂枡鍒嗙被淇℃伅骞抽摵灞曠ず琛?
dw,dim_material_sap_compare_dd,ds_btmgr_rw,SELECT,,鐗╂枡绯荤粺缂栫爜瀵圭収
dw,dim_product_addl_info_dd,ds_btmgr_rw,SELECT,,浜у搧闄勫姞淇℃伅-鐗╂枡缁勩€侀攢鍞粍缁囦俊鎭?
dw,dim_product_attr_info_dd,ds_btmgr_rw,SELECT,,浜у搧瀵瑰簲灞炴€у強灞炴€у€间俊鎭?
dw,dim_product_base_info_dd,ds_btmgr_rw,SELECT,,浜у搧涓绘暟鎹熀鏈俊鎭?
dw,dim_product_base_info_nd,ds_btmgr_rw,SELECT,,鐭ヨ瘑搴?浜у搧灞炴€т俊鎭?
dw,dim_product_class_info_dd,ds_btmgr_rw,SELECT,,浜у搧鍒嗙被缁村害琛?
dw,dim_public_reference_data_dd,ds_btmgr_rw,SELECT,,婧愮郴缁熸棤娉ㄩ噴
dw,dim_supplier_base_info_dd,ds_btmgr_rw,SELECT,,渚涘簲鍟嗕富鏁版嵁鍩烘湰淇℃伅
dw,dim_supplier_company_info_dd,ds_btmgr_rw,SELECT,,渚涘簲鍟?鍏徃瑙嗗浘
ods,odss990_ZMDGT139,ds_btmgr_rw,SELECT,,
ods,odss990_ZMDGT150,ds_btmgr_rw,SELECT,,
ods,odss990_ZMDGT153,ds_btmgr_rw,SELECT,,
ods,odss990_tgsb,ds_btmgr_rw,SELECT,,涓氬姟鑼冨洿
ods,odss990_zmdgt134,ds_btmgr_rw,SELECT,,鍔犺浇鏃堕棿
ods,odss990_zmdgt137,ds_btmgr_rw,SELECT,,涓氬姟鑼冨洿鍜屽叕鍙镐唬鐮佸叧绯?
ods,odss990_zmdgt138,ds_btmgr_rw,SELECT,,鍋滅敤鏍囪瘑
ods,odss990_zmdgt143,ds_btmgr_rw,SELECT,,鍒╂鼎涓績涓庢垚鏈腑蹇冨叧绯昏〃
ods,odss990_zmdgt144,ds_btmgr_rw,SELECT,,涓氬姟鑼冨洿涓庢垚鏈腑蹇冨叧绯昏〃
dim,dim_mhr_mos_org_base_info_dd,ds_crm_temp_ro,SELECT,,缁勭粐涓绘暟鎹熀鏈俊鎭?
dim,dim_mk_shop_detail_dd,ds_crm_temp_ro,SELECT,,闂ㄥ簵鏄庣粏琛?
dim,dim_mk_shop_info_dd,ds_crm_temp_ro,SELECT,,闂ㄥ簵鍩虹淇℃伅琛?
dim,dim_ref_data_dd,ds_crm_temp_ro,SELECT,,鍙傝€冩暟鎹?缂栫爜缁村害琛?
dim,dim_ref_quote_code_dd,ds_crm_temp_ro,SELECT,,鍙傝€冩暟鎹?浠ｇ爜缁村害琛?
dw,dim_adm_china_dd,ds_crm_temp_ro,SELECT,,鍖哄煙-涓浗琛屾斂鍖哄垝
dw,dim_attr_value_info_dd,ds_crm_temp_ro,SELECT,,灞炴€у€间俊鎭淮搴﹁〃
dw,dim_customer_base_info_dd,ds_crm_temp_ro,SELECT,,瀹㈡埛涓绘暟鎹熀鏈俊鎭?
dw,dim_customer_trade_info_dd,ds_crm_temp_ro,SELECT,,瀹㈡埛璐告槗鍏崇郴淇℃伅淇℃伅
dw,dim_date_nd,ds_crm_temp_ro,SELECT,,鏃ユ湡缁村害涓昏〃
dw,dim_material_attr_info_dd,ds_crm_temp_ro,SELECT,,鐗╂枡瀵瑰簲灞炴€у強灞炴€у€间俊鎭?
dw,dim_material_base_info_dd,ds_crm_temp_ro,SELECT,,鐗╂枡涓绘暟鎹熀鏈俊鎭?
dw,dim_material_class_attr_mapping_dd,ds_crm_temp_ro,SELECT,,鐗╂枡鍒嗙被-灞炴€у叧绯绘槧灏勮〃
dw,dim_material_class_info_dd,ds_crm_temp_ro,SELECT,,鐗╂枡鍒嗙被淇℃伅骞抽摵灞曠ず琛?
dw,dim_material_sap_compare_dd,ds_crm_temp_ro,SELECT,,鐗╂枡绯荤粺缂栫爜瀵圭収
dw,dim_product_addl_info_dd,ds_crm_temp_ro,SELECT,,浜у搧闄勫姞淇℃伅-鐗╂枡缁勩€侀攢鍞粍缁囦俊鎭?
dw,dim_product_attr_info_dd,ds_crm_temp_ro,SELECT,,浜у搧瀵瑰簲灞炴€у強灞炴€у€间俊鎭?
dw,dim_product_base_info_dd,ds_crm_temp_ro,SELECT,,浜у搧涓绘暟鎹熀鏈俊鎭?
dw,dim_product_base_info_nd,ds_crm_temp_ro,SELECT,,鐭ヨ瘑搴?浜у搧灞炴€т俊鎭?
dw,dim_product_class_info_dd,ds_crm_temp_ro,SELECT,,浜у搧鍒嗙被缁村害琛?
dw,dim_public_reference_data_dd,ds_crm_temp_ro,SELECT,,婧愮郴缁熸棤娉ㄩ噴
dw,dim_supplier_base_info_dd,ds_crm_temp_ro,SELECT,,渚涘簲鍟嗕富鏁版嵁鍩烘湰淇℃伅
dw,dim_supplier_company_info_dd,ds_crm_temp_ro,SELECT,,渚涘簲鍟?鍏徃瑙嗗浘
ods,odss990_ZMDGT139,ds_crm_temp_ro,SELECT,,
ods,odss990_ZMDGT150,ds_crm_temp_ro,SELECT,,
ods,odss990_ZMDGT153,ds_crm_temp_ro,SELECT,,
ods,odss990_tgsb,ds_crm_temp_ro,SELECT,,涓氬姟鑼冨洿
ods,odss990_zmdgt134,ds_crm_temp_ro,SELECT,,鍔犺浇鏃堕棿
ods,odss990_zmdgt137,ds_crm_temp_ro,SELECT,,涓氬姟鑼冨洿鍜屽叕鍙镐唬鐮佸叧绯?
ods,odss990_zmdgt138,ds_crm_temp_ro,SELECT,,鍋滅敤鏍囪瘑
ods,odss990_zmdgt143,ds_crm_temp_ro,SELECT,,鍒╂鼎涓績涓庢垚鏈腑蹇冨叧绯昏〃
ods,odss990_zmdgt144,ds_crm_temp_ro,SELECT,,涓氬姟鑼冨洿涓庢垚鏈腑蹇冨叧绯昏〃
dim,dim_mhr_mos_org_base_info_dd,ds_aiprice_ro,SELECT,,缁勭粐涓绘暟鎹熀鏈俊鎭?
dim,dim_mk_shop_detail_dd,ds_aiprice_ro,SELECT,,闂ㄥ簵鏄庣粏琛?
dim,dim_mk_shop_info_dd,ds_aiprice_ro,SELECT,,闂ㄥ簵鍩虹淇℃伅琛?
dim,dim_ref_data_dd,ds_aiprice_ro,SELECT,,鍙傝€冩暟鎹?缂栫爜缁村害琛?
dim,dim_ref_quote_code_dd,ds_aiprice_ro,SELECT,,鍙傝€冩暟鎹?浠ｇ爜缁村害琛?
dw,dim_adm_china_dd,ds_aiprice_ro,SELECT,,鍖哄煙-涓浗琛屾斂鍖哄垝
dw,dim_attr_value_info_dd,ds_aiprice_ro,SELECT,,灞炴€у€间俊鎭淮搴﹁〃
dw,dim_customer_base_info_dd,ds_aiprice_ro,SELECT,,瀹㈡埛涓绘暟鎹熀鏈俊鎭?
dw,dim_customer_trade_info_dd,ds_aiprice_ro,SELECT,,瀹㈡埛璐告槗鍏崇郴淇℃伅淇℃伅
dw,dim_date_nd,ds_aiprice_ro,SELECT,,鏃ユ湡缁村害涓昏〃
dw,dim_material_attr_info_dd,ds_aiprice_ro,SELECT,,鐗╂枡瀵瑰簲灞炴€у強灞炴€у€间俊鎭?
dw,dim_material_base_info_dd,ds_aiprice_ro,SELECT,,鐗╂枡涓绘暟鎹熀鏈俊鎭?
dw,dim_material_class_attr_mapping_dd,ds_aiprice_ro,SELECT,,鐗╂枡鍒嗙被-灞炴€у叧绯绘槧灏勮〃
dw,dim_material_class_info_dd,ds_aiprice_ro,SELECT,,鐗╂枡鍒嗙被淇℃伅骞抽摵灞曠ず琛?
dw,dim_material_sap_compare_dd,ds_aiprice_ro,SELECT,,鐗╂枡绯荤粺缂栫爜瀵圭収
dw,dim_product_addl_info_dd,ds_aiprice_ro,SELECT,,浜у搧闄勫姞淇℃伅-鐗╂枡缁勩€侀攢鍞粍缁囦俊鎭?
dw,dim_product_attr_info_dd,ds_aiprice_ro,SELECT,,浜у搧瀵瑰簲灞炴€у強灞炴€у€间俊鎭?
dw,dim_product_base_info_dd,ds_aiprice_ro,SELECT,,浜у搧涓绘暟鎹熀鏈俊鎭?
dw,dim_product_base_info_nd,ds_aiprice_ro,SELECT,,鐭ヨ瘑搴?浜у搧灞炴€т俊鎭?
dw,dim_product_class_info_dd,ds_aiprice_ro,SELECT,,浜у搧鍒嗙被缁村害琛?
dw,dim_public_reference_data_dd,ds_aiprice_ro,SELECT,,婧愮郴缁熸棤娉ㄩ噴
dw,dim_supplier_base_info_dd,ds_aiprice_ro,SELECT,,渚涘簲鍟嗕富鏁版嵁鍩烘湰淇℃伅
dw,dim_supplier_company_info_dd,ds_aiprice_ro,SELECT,,渚涘簲鍟?鍏徃瑙嗗浘
ods,odss990_ZMDGT139,ds_aiprice_ro,SELECT,,
ods,odss990_ZMDGT150,ds_aiprice_ro,SELECT,,
ods,odss990_ZMDGT153,ds_aiprice_ro,SELECT,,
ods,odss990_tgsb,ds_aiprice_ro,SELECT,,涓氬姟鑼冨洿
ods,odss990_zmdgt134,ds_aiprice_ro,SELECT,,鍔犺浇鏃堕棿
ods,odss990_zmdgt137,ds_aiprice_ro,SELECT,,涓氬姟鑼冨洿鍜屽叕鍙镐唬鐮佸叧绯?
ods,odss990_zmdgt138,ds_aiprice_ro,SELECT,,鍋滅敤鏍囪瘑
ods,odss990_zmdgt143,ds_aiprice_ro,SELECT,,鍒╂鼎涓績涓庢垚鏈腑蹇冨叧绯昏〃
ods,odss990_zmdgt144,ds_aiprice_ro,SELECT,,涓氬姟鑼冨洿涓庢垚鏈腑蹇冨叧绯昏〃
dim,dim_mhr_mos_org_base_info_dd,ds_mcpuser_ro,SELECT,,缁勭粐涓绘暟鎹熀鏈俊鎭?
dim,dim_mk_shop_detail_dd,ds_mcpuser_ro,SELECT,,闂ㄥ簵鏄庣粏琛?
dim,dim_mk_shop_info_dd,ds_mcpuser_ro,SELECT,,闂ㄥ簵鍩虹淇℃伅琛?
dim,dim_ref_data_dd,ds_mcpuser_ro,SELECT,,鍙傝€冩暟鎹?缂栫爜缁村害琛?
dim,dim_ref_quote_code_dd,ds_mcpuser_ro,SELECT,,鍙傝€冩暟鎹?浠ｇ爜缁村害琛?
dw,dim_adm_china_dd,ds_mcpuser_ro,SELECT,,鍖哄煙-涓浗琛屾斂鍖哄垝
dw,dim_attr_value_info_dd,ds_mcpuser_ro,SELECT,,灞炴€у€间俊鎭淮搴﹁〃
dw,dim_customer_base_info_dd,ds_mcpuser_ro,SELECT,,瀹㈡埛涓绘暟鎹熀鏈俊鎭?
dw,dim_customer_trade_info_dd,ds_mcpuser_ro,SELECT,,瀹㈡埛璐告槗鍏崇郴淇℃伅淇℃伅
dw,dim_date_nd,ds_mcpuser_ro,SELECT,,鏃ユ湡缁村害涓昏〃
dw,dim_material_attr_info_dd,ds_mcpuser_ro,SELECT,,鐗╂枡瀵瑰簲灞炴€у強灞炴€у€间俊鎭?
dw,dim_material_base_info_dd,ds_mcpuser_ro,SELECT,,鐗╂枡涓绘暟鎹熀鏈俊鎭?
dw,dim_material_class_attr_mapping_dd,ds_mcpuser_ro,SELECT,,鐗╂枡鍒嗙被-灞炴€у叧绯绘槧灏勮〃
dw,dim_material_class_info_dd,ds_mcpuser_ro,SELECT,,鐗╂枡鍒嗙被淇℃伅骞抽摵灞曠ず琛?
dw,dim_material_sap_compare_dd,ds_mcpuser_ro,SELECT,,鐗╂枡绯荤粺缂栫爜瀵圭収
dw,dim_product_addl_info_dd,ds_mcpuser_ro,SELECT,,浜у搧闄勫姞淇℃伅-鐗╂枡缁勩€侀攢鍞粍缁囦俊鎭?
dw,dim_product_attr_info_dd,ds_mcpuser_ro,SELECT,,浜у搧瀵瑰簲灞炴€у強灞炴€у€间俊鎭?
dw,dim_product_base_info_dd,ds_mcpuser_ro,SELECT,,浜у搧涓绘暟鎹熀鏈俊鎭?
dw,dim_product_base_info_nd,ds_mcpuser_ro,SELECT,,鐭ヨ瘑搴?浜у搧灞炴€т俊鎭?
dw,dim_product_class_info_dd,ds_mcpuser_ro,SELECT,,浜у搧鍒嗙被缁村害琛?
dw,dim_public_reference_data_dd,ds_mcpuser_ro,SELECT,,婧愮郴缁熸棤娉ㄩ噴
dw,dim_supplier_base_info_dd,ds_mcpuser_ro,SELECT,,渚涘簲鍟嗕富鏁版嵁鍩烘湰淇℃伅
dw,dim_supplier_company_info_dd,ds_mcpuser_ro,SELECT,,渚涘簲鍟?鍏徃瑙嗗浘
ods,odss990_ZMDGT139,ds_mcpuser_ro,SELECT,,
ods,odss990_ZMDGT150,ds_mcpuser_ro,SELECT,,
ods,odss990_ZMDGT153,ds_mcpuser_ro,SELECT,,
ods,odss990_tgsb,ds_mcpuser_ro,SELECT,,涓氬姟鑼冨洿
ods,odss990_zmdgt134,ds_mcpuser_ro,SELECT,,鍔犺浇鏃堕棿
ods,odss990_zmdgt137,ds_mcpuser_ro,SELECT,,涓氬姟鑼冨洿鍜屽叕鍙镐唬鐮佸叧绯?
ods,odss990_zmdgt138,ds_mcpuser_ro,SELECT,,鍋滅敤鏍囪瘑
ods,odss990_zmdgt143,ds_mcpuser_ro,SELECT,,鍒╂鼎涓績涓庢垚鏈腑蹇冨叧绯昏〃
ods,odss990_zmdgt144,ds_mcpuser_ro,SELECT,,涓氬姟鑼冨洿涓庢垚鏈腑蹇冨叧绯昏〃
dim,dim_mhr_mos_org_base_info_dd,ds_cdpbd_ro,SELECT,,缁勭粐涓绘暟鎹熀鏈俊鎭?
dim,dim_mk_shop_detail_dd,ds_cdpbd_ro,SELECT,,闂ㄥ簵鏄庣粏琛?
dim,dim_mk_shop_info_dd,ds_cdpbd_ro,SELECT,,闂ㄥ簵鍩虹淇℃伅琛?
dim,dim_ref_data_dd,ds_cdpbd_ro,SELECT,,鍙傝€冩暟鎹?缂栫爜缁村害琛?
dim,dim_ref_quote_code_dd,ds_cdpbd_ro,SELECT,,鍙傝€冩暟鎹?浠ｇ爜缁村害琛?
dw,dim_adm_china_dd,ds_cdpbd_ro,SELECT,,鍖哄煙-涓浗琛屾斂鍖哄垝
dw,dim_attr_value_info_dd,ds_cdpbd_ro,SELECT,,灞炴€у€间俊鎭淮搴﹁〃
dw,dim_customer_base_info_dd,ds_cdpbd_ro,SELECT,,瀹㈡埛涓绘暟鎹熀鏈俊鎭?
dw,dim_customer_trade_info_dd,ds_cdpbd_ro,SELECT,,瀹㈡埛璐告槗鍏崇郴淇℃伅淇℃伅
dw,dim_date_nd,ds_cdpbd_ro,SELECT,,鏃ユ湡缁村害涓昏〃
dw,dim_material_attr_info_dd,ds_cdpbd_ro,SELECT,,鐗╂枡瀵瑰簲灞炴€у強灞炴€у€间俊鎭?
dw,dim_material_base_info_dd,ds_cdpbd_ro,SELECT,,鐗╂枡涓绘暟鎹熀鏈俊鎭?
dw,dim_material_class_attr_mapping_dd,ds_cdpbd_ro,SELECT,,鐗╂枡鍒嗙被-灞炴€у叧绯绘槧灏勮〃
dw,dim_material_class_info_dd,ds_cdpbd_ro,SELECT,,鐗╂枡鍒嗙被淇℃伅骞抽摵灞曠ず琛?
dw,dim_material_sap_compare_dd,ds_cdpbd_ro,SELECT,,鐗╂枡绯荤粺缂栫爜瀵圭収
dw,dim_product_addl_info_dd,ds_cdpbd_ro,SELECT,,浜у搧闄勫姞淇℃伅-鐗╂枡缁勩€侀攢鍞粍缁囦俊鎭?
dw,dim_product_attr_info_dd,ds_cdpbd_ro,SELECT,,浜у搧瀵瑰簲灞炴€у強灞炴€у€间俊鎭?
dw,dim_product_base_info_dd,ds_cdpbd_ro,SELECT,,浜у搧涓绘暟鎹熀鏈俊鎭?
dw,dim_product_base_info_nd,ds_cdpbd_ro,SELECT,,鐭ヨ瘑搴?浜у搧灞炴€т俊鎭?
dw,dim_product_class_info_dd,ds_cdpbd_ro,SELECT,,浜у搧鍒嗙被缁村害琛?
dw,dim_public_reference_data_dd,ds_cdpbd_ro,SELECT,,婧愮郴缁熸棤娉ㄩ噴
dw,dim_supplier_base_info_dd,ds_cdpbd_ro,SELECT,,渚涘簲鍟嗕富鏁版嵁鍩烘湰淇℃伅
dw,dim_supplier_company_info_dd,ds_cdpbd_ro,SELECT,,渚涘簲鍟?鍏徃瑙嗗浘
ods,odss990_ZMDGT139,ds_cdpbd_ro,SELECT,,
ods,odss990_ZMDGT150,ds_cdpbd_ro,SELECT,,
ods,odss990_ZMDGT153,ds_cdpbd_ro,SELECT,,
ods,odss990_tgsb,ds_cdpbd_ro,SELECT,,涓氬姟鑼冨洿
ods,odss990_zmdgt134,ds_cdpbd_ro,SELECT,,鍔犺浇鏃堕棿
ods,odss990_zmdgt137,ds_cdpbd_ro,SELECT,,涓氬姟鑼冨洿鍜屽叕鍙镐唬鐮佸叧绯?
ods,odss990_zmdgt138,ds_cdpbd_ro,SELECT,,鍋滅敤鏍囪瘑
ods,odss990_zmdgt143,ds_cdpbd_ro,SELECT,,鍒╂鼎涓績涓庢垚鏈腑蹇冨叧绯昏〃
ods,odss990_zmdgt144,ds_cdpbd_ro,SELECT,,涓氬姟鑼冨洿涓庢垚鏈腑蹇冨叧绯昏〃
dim,dim_mhr_mos_org_base_info_dd,ds_mf_rw,SELECT,,缁勭粐涓绘暟鎹熀鏈俊鎭?
dim,dim_mk_shop_detail_dd,ds_mf_rw,SELECT,,闂ㄥ簵鏄庣粏琛?
dim,dim_mk_shop_info_dd,ds_mf_rw,SELECT,,闂ㄥ簵鍩虹淇℃伅琛?
dim,dim_ref_data_dd,ds_mf_rw,SELECT,,鍙傝€冩暟鎹?缂栫爜缁村害琛?
dim,dim_ref_quote_code_dd,ds_mf_rw,SELECT,,鍙傝€冩暟鎹?浠ｇ爜缁村害琛?
dw,dim_adm_china_dd,ds_mf_rw,SELECT,,鍖哄煙-涓浗琛屾斂鍖哄垝
dw,dim_attr_value_info_dd,ds_mf_rw,SELECT,,灞炴€у€间俊鎭淮搴﹁〃
dw,dim_customer_base_info_dd,ds_mf_rw,SELECT,,瀹㈡埛涓绘暟鎹熀鏈俊鎭?
dw,dim_customer_trade_info_dd,ds_mf_rw,SELECT,,瀹㈡埛璐告槗鍏崇郴淇℃伅淇℃伅
dw,dim_date_nd,ds_mf_rw,SELECT,,鏃ユ湡缁村害涓昏〃
dw,dim_material_attr_info_dd,ds_mf_rw,SELECT,,鐗╂枡瀵瑰簲灞炴€у強灞炴€у€间俊鎭?
dw,dim_material_base_info_dd,ds_mf_rw,SELECT,,鐗╂枡涓绘暟鎹熀鏈俊鎭?
dw,dim_material_class_attr_mapping_dd,ds_mf_rw,SELECT,,鐗╂枡鍒嗙被-灞炴€у叧绯绘槧灏勮〃
dw,dim_material_class_info_dd,ds_mf_rw,SELECT,,鐗╂枡鍒嗙被淇℃伅骞抽摵灞曠ず琛?
dw,dim_material_sap_compare_dd,ds_mf_rw,SELECT,,鐗╂枡绯荤粺缂栫爜瀵圭収
dw,dim_product_addl_info_dd,ds_mf_rw,SELECT,,浜у搧闄勫姞淇℃伅-鐗╂枡缁勩€侀攢鍞粍缁囦俊鎭?
dw,dim_product_attr_info_dd,ds_mf_rw,SELECT,,浜у搧瀵瑰簲灞炴€у強灞炴€у€间俊鎭?
dw,dim_product_base_info_dd,ds_mf_rw,SELECT,,浜у搧涓绘暟鎹熀鏈俊鎭?
dw,dim_product_base_info_nd,ds_mf_rw,SELECT,,鐭ヨ瘑搴?浜у搧灞炴€т俊鎭?
dw,dim_product_class_info_dd,ds_mf_rw,SELECT,,浜у搧鍒嗙被缁村害琛?
dw,dim_public_reference_data_dd,ds_mf_rw,SELECT,,婧愮郴缁熸棤娉ㄩ噴
dw,dim_supplier_base_info_dd,ds_mf_rw,SELECT,,渚涘簲鍟嗕富鏁版嵁鍩烘湰淇℃伅
dw,dim_supplier_company_info_dd,ds_mf_rw,SELECT,,渚涘簲鍟?鍏徃瑙嗗浘
dw,dwd_dt_data_asset_extract_analyze,ds_mf_rw,SELECT,,闆嗗洟鍏ユ箹琛ㄦ眹鎬?
ods,ODSJTPLM_HIS_DocumentsInfo,ds_mf_rw,SELECT,,
ods,ODSJTPLM_HWA_CHANGE,ds_mf_rw,SELECT,,
ods,ODSMES_TVNJM_POM_ORDER,ds_mf_rw,SELECT,,
ods,ODSMES_TVNJM_POM_ORDER_STATUS,ds_mf_rw,SELECT,,
ods,ODSMES_TVNJM_RP_PRODUCTION_REPORT,ds_mf_rw,SELECT,,
ods,ODSmes_tvn_POM_ORDER,ds_mf_rw,SELECT,,
ods,ODSmes_tvn_POM_ORDER_STATUS,ds_mf_rw,SELECT,,
ods,ODSmes_tvn_RP_PRODUCTION_REPORT,ds_mf_rw,SELECT,,
ods,ODSmes_tvngy_POM_ORDER,ds_mf_rw,SELECT,,
ods,ODSmes_tvngy_POM_ORDER_STATUS,ds_mf_rw,SELECT,,
ods,ODSmes_tvngy_RP_PRODUCTION_REPORT,ds_mf_rw,SELECT,,
ods,odsMES_TVNGY_POM_ORDER,ds_mf_rw,SELECT,,
ods,odsMES_TVNGY_POM_ORDER_STATUS,ds_mf_rw,SELECT,,
ods,odsMES_TVNJM_POM_ORDER,ds_mf_rw,SELECT,,
ods,odsMES_TVNJM_POM_ORDER_STATUS,ds_mf_rw,SELECT,,
ods,odsMES_TVNJM_RP_PRODUCTION_REPORT,ds_mf_rw,SELECT,,
ods,odsMES_TVN_POM_ORDER,ds_mf_rw,SELECT,,
ods,odsMES_TVN_POM_ORDER_STATUS,ds_mf_rw,SELECT,,
ods,odsmes_tvn_RP_PRODUCTION_REPORT,ds_mf_rw,SELECT,,
ods,odsmes_tvn_rp_production_report,ds_mf_rw,SELECT,,浜у搧浜ч噺鏁版嵁琛?
ods,odsmes_tvngy_RP_PRODUCTION_REPORT,ds_mf_rw,SELECT,,
ods,odsmes_tvngy_rp_production_report,ds_mf_rw,SELECT,,浜у搧浜ч噺鏁版嵁琛?
ods,odsmes_tvnjm_rp_production_report,ds_mf_rw,SELECT,,浜у搧浜ч噺鏁版嵁琛?
ods,odss990_ZMDGT139,ds_mf_rw,SELECT,,
ods,odss990_ZMDGT150,ds_mf_rw,SELECT,,
ods,odss990_ZMDGT153,ds_mf_rw,SELECT,,
ods,odss990_tgsb,ds_mf_rw,SELECT,,涓氬姟鑼冨洿
ods,odss990_zmdgt134,ds_mf_rw,SELECT,,鍔犺浇鏃堕棿
ods,odss990_zmdgt137,ds_mf_rw,SELECT,,涓氬姟鑼冨洿鍜屽叕鍙镐唬鐮佸叧绯?
ods,odss990_zmdgt138,ds_mf_rw,SELECT,,鍋滅敤鏍囪瘑
ods,odss990_zmdgt143,ds_mf_rw,SELECT,,鍒╂鼎涓績涓庢垚鏈腑蹇冨叧绯昏〃
ods,odss990_zmdgt144,ds_mf_rw,SELECT,,涓氬姟鑼冨洿涓庢垚鏈腑蹇冨叧绯昏〃
dim,dim_mhr_mos_org_base_info_dd,ds_acpd_ro,SELECT,,缁勭粐涓绘暟鎹熀鏈俊鎭?
dim,dim_mk_shop_detail_dd,ds_acpd_ro,SELECT,,闂ㄥ簵鏄庣粏琛?
dim,dim_mk_shop_info_dd,ds_acpd_ro,SELECT,,闂ㄥ簵鍩虹淇℃伅琛?
dim,dim_ref_data_dd,ds_acpd_ro,SELECT,,鍙傝€冩暟鎹?缂栫爜缁村害琛?
dim,dim_ref_quote_code_dd,ds_acpd_ro,SELECT,,鍙傝€冩暟鎹?浠ｇ爜缁村害琛?
dw,dim_adm_china_dd,ds_acpd_ro,SELECT,,鍖哄煙-涓浗琛屾斂鍖哄垝
dw,dim_attr_value_info_dd,ds_acpd_ro,SELECT,,灞炴€у€间俊鎭淮搴﹁〃
dw,dim_customer_base_info_dd,ds_acpd_ro,SELECT,,瀹㈡埛涓绘暟鎹熀鏈俊鎭?
dw,dim_customer_trade_info_dd,ds_acpd_ro,SELECT,,瀹㈡埛璐告槗鍏崇郴淇℃伅淇℃伅
dw,dim_date_nd,ds_acpd_ro,SELECT,,鏃ユ湡缁村害涓昏〃
dw,dim_material_attr_info_dd,ds_acpd_ro,SELECT,,鐗╂枡瀵瑰簲灞炴€у強灞炴€у€间俊鎭?
dw,dim_material_base_info_dd,ds_acpd_ro,SELECT,,鐗╂枡涓绘暟鎹熀鏈俊鎭?
dw,dim_material_class_attr_mapping_dd,ds_acpd_ro,SELECT,,鐗╂枡鍒嗙被-灞炴€у叧绯绘槧灏勮〃
dw,dim_material_class_info_dd,ds_acpd_ro,SELECT,,鐗╂枡鍒嗙被淇℃伅骞抽摵灞曠ず琛?
dw,dim_material_sap_compare_dd,ds_acpd_ro,SELECT,,鐗╂枡绯荤粺缂栫爜瀵圭収
dw,dim_product_addl_info_dd,ds_acpd_ro,SELECT,,浜у搧闄勫姞淇℃伅-鐗╂枡缁勩€侀攢鍞粍缁囦俊鎭?
dw,dim_product_attr_info_dd,ds_acpd_ro,SELECT,,浜у搧瀵瑰簲灞炴€у強灞炴€у€间俊鎭?
dw,dim_product_base_info_dd,ds_acpd_ro,SELECT,,浜у搧涓绘暟鎹熀鏈俊鎭?
dw,dim_product_base_info_nd,ds_acpd_ro,SELECT,,鐭ヨ瘑搴?浜у搧灞炴€т俊鎭?
dw,dim_product_class_info_dd,ds_acpd_ro,SELECT,,浜у搧鍒嗙被缁村害琛?
dw,dim_public_reference_data_dd,ds_acpd_ro,SELECT,,婧愮郴缁熸棤娉ㄩ噴
dw,dim_supplier_base_info_dd,ds_acpd_ro,SELECT,,渚涘簲鍟嗕富鏁版嵁鍩烘湰淇℃伅
dw,dim_supplier_company_info_dd,ds_acpd_ro,SELECT,,渚涘簲鍟?鍏徃瑙嗗浘
ods,odss990_ZMDGT139,ds_acpd_ro,SELECT,,
ods,odss990_ZMDGT150,ds_acpd_ro,SELECT,,
ods,odss990_ZMDGT153,ds_acpd_ro,SELECT,,
ods,odss990_tgsb,ds_acpd_ro,SELECT,,涓氬姟鑼冨洿
ods,odss990_zmdgt134,ds_acpd_ro,SELECT,,鍔犺浇鏃堕棿
ods,odss990_zmdgt137,ds_acpd_ro,SELECT,,涓氬姟鑼冨洿鍜屽叕鍙镐唬鐮佸叧绯?
ods,odss990_zmdgt138,ds_acpd_ro,SELECT,,鍋滅敤鏍囪瘑
ods,odss990_zmdgt143,ds_acpd_ro,SELECT,,鍒╂鼎涓績涓庢垚鏈腑蹇冨叧绯昏〃
ods,odss990_zmdgt144,ds_acpd_ro,SELECT,,涓氬姟鑼冨洿涓庢垚鏈腑蹇冨叧绯昏〃
dim,dim_mhr_mos_org_base_info_dd,ds_podp_ro,SELECT,,缁勭粐涓绘暟鎹熀鏈俊鎭?
dim,dim_mk_shop_detail_dd,ds_podp_ro,SELECT,,闂ㄥ簵鏄庣粏琛?
dim,dim_mk_shop_info_dd,ds_podp_ro,SELECT,,闂ㄥ簵鍩虹淇℃伅琛?
dim,dim_ref_data_dd,ds_podp_ro,SELECT,,鍙傝€冩暟鎹?缂栫爜缁村害琛?
dim,dim_ref_quote_code_dd,ds_podp_ro,SELECT,,鍙傝€冩暟鎹?浠ｇ爜缁村害琛?
dw,dim_adm_china_dd,ds_podp_ro,SELECT,,鍖哄煙-涓浗琛屾斂鍖哄垝
dw,dim_attr_value_info_dd,ds_podp_ro,SELECT,,灞炴€у€间俊鎭淮搴﹁〃
dw,dim_customer_base_info_dd,ds_podp_ro,SELECT,,瀹㈡埛涓绘暟鎹熀鏈俊鎭?
dw,dim_customer_trade_info_dd,ds_podp_ro,SELECT,,瀹㈡埛璐告槗鍏崇郴淇℃伅淇℃伅
dw,dim_date_nd,ds_podp_ro,SELECT,,鏃ユ湡缁村害涓昏〃
dw,dim_material_attr_info_dd,ds_podp_ro,SELECT,,鐗╂枡瀵瑰簲灞炴€у強灞炴€у€间俊鎭?
dw,dim_material_base_info_dd,ds_podp_ro,SELECT,,鐗╂枡涓绘暟鎹熀鏈俊鎭?
dw,dim_material_class_attr_mapping_dd,ds_podp_ro,SELECT,,鐗╂枡鍒嗙被-灞炴€у叧绯绘槧灏勮〃
dw,dim_material_class_info_dd,ds_podp_ro,SELECT,,鐗╂枡鍒嗙被淇℃伅骞抽摵灞曠ず琛?
dw,dim_material_sap_compare_dd,ds_podp_ro,SELECT,,鐗╂枡绯荤粺缂栫爜瀵圭収
dw,dim_product_addl_info_dd,ds_podp_ro,SELECT,,浜у搧闄勫姞淇℃伅-鐗╂枡缁勩€侀攢鍞粍缁囦俊鎭?
dw,dim_product_attr_info_dd,ds_podp_ro,SELECT,,浜у搧瀵瑰簲灞炴€у強灞炴€у€间俊鎭?
dw,dim_product_base_info_dd,ds_podp_ro,SELECT,,浜у搧涓绘暟鎹熀鏈俊鎭?
dw,dim_product_base_info_nd,ds_podp_ro,SELECT,,鐭ヨ瘑搴?浜у搧灞炴€т俊鎭?
dw,dim_product_class_info_dd,ds_podp_ro,SELECT,,浜у搧鍒嗙被缁村害琛?
dw,dim_public_reference_data_dd,ds_podp_ro,SELECT,,婧愮郴缁熸棤娉ㄩ噴
dw,dim_supplier_base_info_dd,ds_podp_ro,SELECT,,渚涘簲鍟嗕富鏁版嵁鍩烘湰淇℃伅
dw,dim_supplier_company_info_dd,ds_podp_ro,SELECT,,渚涘簲鍟?鍏徃瑙嗗浘
ods,odss990_ZMDGT139,ds_podp_ro,SELECT,,
ods,odss990_ZMDGT150,ds_podp_ro,SELECT,,
ods,odss990_ZMDGT153,ds_podp_ro,SELECT,,
ods,odss990_tgsb,ds_podp_ro,SELECT,,涓氬姟鑼冨洿
ods,odss990_zmdgt134,ds_podp_ro,SELECT,,鍔犺浇鏃堕棿
ods,odss990_zmdgt137,ds_podp_ro,SELECT,,涓氬姟鑼冨洿鍜屽叕鍙镐唬鐮佸叧绯?
ods,odss990_zmdgt138,ds_podp_ro,SELECT,,鍋滅敤鏍囪瘑
ods,odss990_zmdgt143,ds_podp_ro,SELECT,,鍒╂鼎涓績涓庢垚鏈腑蹇冨叧绯昏〃
ods,odss990_zmdgt144,ds_podp_ro,SELECT,,涓氬姟鑼冨洿涓庢垚鏈腑蹇冨叧绯昏〃
ods,odsscm_sc_cm_daily_operating_planning,ds_podp_ro,SELECT,,鏃ヤ綔涓氳鍒掕〃锛圱+3璁″垝琛級
ods,odsscm_wo_cm_work_order,ds_podp_ro,SELECT,,宸ュ崟琛?
dim,dim_mhr_mos_org_base_info_dd,ds_btmgr_ro,SELECT,,缁勭粐涓绘暟鎹熀鏈俊鎭?
dim,dim_mk_shop_detail_dd,ds_btmgr_ro,SELECT,,闂ㄥ簵鏄庣粏琛?
dim,dim_mk_shop_info_dd,ds_btmgr_ro,SELECT,,闂ㄥ簵鍩虹淇℃伅琛?
dim,dim_ref_data_dd,ds_btmgr_ro,SELECT,,鍙傝€冩暟鎹?缂栫爜缁村害琛?
dim,dim_ref_quote_code_dd,ds_btmgr_ro,SELECT,,鍙傝€冩暟鎹?浠ｇ爜缁村害琛?
dw,dim_adm_china_dd,ds_btmgr_ro,SELECT,,鍖哄煙-涓浗琛屾斂鍖哄垝
dw,dim_attr_value_info_dd,ds_btmgr_ro,SELECT,,灞炴€у€间俊鎭淮搴﹁〃
dw,dim_customer_base_info_dd,ds_btmgr_ro,SELECT,,瀹㈡埛涓绘暟鎹熀鏈俊鎭?
dw,dim_customer_trade_info_dd,ds_btmgr_ro,SELECT,,瀹㈡埛璐告槗鍏崇郴淇℃伅淇℃伅
dw,dim_date_nd,ds_btmgr_ro,SELECT,,鏃ユ湡缁村害涓昏〃
dw,dim_material_attr_info_dd,ds_btmgr_ro,SELECT,,鐗╂枡瀵瑰簲灞炴€у強灞炴€у€间俊鎭?
dw,dim_material_base_info_dd,ds_btmgr_ro,SELECT,,鐗╂枡涓绘暟鎹熀鏈俊鎭?
dw,dim_material_class_attr_mapping_dd,ds_btmgr_ro,SELECT,,鐗╂枡鍒嗙被-灞炴€у叧绯绘槧灏勮〃
dw,dim_material_class_info_dd,ds_btmgr_ro,SELECT,,鐗╂枡鍒嗙被淇℃伅骞抽摵灞曠ず琛?
dw,dim_material_sap_compare_dd,ds_btmgr_ro,SELECT,,鐗╂枡绯荤粺缂栫爜瀵圭収
dw,dim_product_addl_info_dd,ds_btmgr_ro,SELECT,,浜у搧闄勫姞淇℃伅-鐗╂枡缁勩€侀攢鍞粍缁囦俊鎭?
dw,dim_product_attr_info_dd,ds_btmgr_ro,SELECT,,浜у搧瀵瑰簲灞炴€у強灞炴€у€间俊鎭?
dw,dim_product_base_info_dd,ds_btmgr_ro,SELECT,,浜у搧涓绘暟鎹熀鏈俊鎭?
dw,dim_product_base_info_nd,ds_btmgr_ro,SELECT,,鐭ヨ瘑搴?浜у搧灞炴€т俊鎭?
dw,dim_product_class_info_dd,ds_btmgr_ro,SELECT,,浜у搧鍒嗙被缁村害琛?
dw,dim_public_reference_data_dd,ds_btmgr_ro,SELECT,,婧愮郴缁熸棤娉ㄩ噴
dw,dim_supplier_base_info_dd,ds_btmgr_ro,SELECT,,渚涘簲鍟嗕富鏁版嵁鍩烘湰淇℃伅
dw,dim_supplier_company_info_dd,ds_btmgr_ro,SELECT,,渚涘簲鍟?鍏徃瑙嗗浘
ods,odss990_ZMDGT139,ds_btmgr_ro,SELECT,,
ods,odss990_ZMDGT150,ds_btmgr_ro,SELECT,,
ods,odss990_ZMDGT153,ds_btmgr_ro,SELECT,,
ods,odss990_tgsb,ds_btmgr_ro,SELECT,,涓氬姟鑼冨洿
ods,odss990_zmdgt134,ds_btmgr_ro,SELECT,,鍔犺浇鏃堕棿
ods,odss990_zmdgt137,ds_btmgr_ro,SELECT,,涓氬姟鑼冨洿鍜屽叕鍙镐唬鐮佸叧绯?
ods,odss990_zmdgt138,ds_btmgr_ro,SELECT,,鍋滅敤鏍囪瘑
ods,odss990_zmdgt143,ds_btmgr_ro,SELECT,,鍒╂鼎涓績涓庢垚鏈腑蹇冨叧绯昏〃
ods,odss990_zmdgt144,ds_btmgr_ro,SELECT,,涓氬姟鑼冨洿涓庢垚鏈腑蹇冨叧绯昏〃
dim,dim_mhr_mos_org_base_info_dd,ds_scp_ro,SELECT,,缁勭粐涓绘暟鎹熀鏈俊鎭?
dim,dim_mk_shop_detail_dd,ds_scp_ro,SELECT,,闂ㄥ簵鏄庣粏琛?
dim,dim_mk_shop_info_dd,ds_scp_ro,SELECT,,闂ㄥ簵鍩虹淇℃伅琛?
dim,dim_ref_data_dd,ds_scp_ro,SELECT,,鍙傝€冩暟鎹?缂栫爜缁村害琛?
dim,dim_ref_quote_code_dd,ds_scp_ro,SELECT,,鍙傝€冩暟鎹?浠ｇ爜缁村害琛?
dw,dim_adm_china_dd,ds_scp_ro,SELECT,,鍖哄煙-涓浗琛屾斂鍖哄垝
dw,dim_attr_value_info_dd,ds_scp_ro,SELECT,,灞炴€у€间俊鎭淮搴﹁〃
dw,dim_customer_base_info_dd,ds_scp_ro,SELECT,,瀹㈡埛涓绘暟鎹熀鏈俊鎭?
dw,dim_customer_trade_info_dd,ds_scp_ro,SELECT,,瀹㈡埛璐告槗鍏崇郴淇℃伅淇℃伅
dw,dim_date_nd,ds_scp_ro,SELECT,,鏃ユ湡缁村害涓昏〃
dw,dim_material_attr_info_dd,ds_scp_ro,SELECT,,鐗╂枡瀵瑰簲灞炴€у強灞炴€у€间俊鎭?
dw,dim_material_base_info_dd,ds_scp_ro,SELECT,,鐗╂枡涓绘暟鎹熀鏈俊鎭?
dw,dim_material_class_attr_mapping_dd,ds_scp_ro,SELECT,,鐗╂枡鍒嗙被-灞炴€у叧绯绘槧灏勮〃
dw,dim_material_class_info_dd,ds_scp_ro,SELECT,,鐗╂枡鍒嗙被淇℃伅骞抽摵灞曠ず琛?
dw,dim_material_sap_compare_dd,ds_scp_ro,SELECT,,鐗╂枡绯荤粺缂栫爜瀵圭収
dw,dim_product_addl_info_dd,ds_scp_ro,SELECT,,浜у搧闄勫姞淇℃伅-鐗╂枡缁勩€侀攢鍞粍缁囦俊鎭?
dw,dim_product_attr_info_dd,ds_scp_ro,SELECT,,浜у搧瀵瑰簲灞炴€у強灞炴€у€间俊鎭?
dw,dim_product_base_info_dd,ds_scp_ro,SELECT,,浜у搧涓绘暟鎹熀鏈俊鎭?
dw,dim_product_base_info_nd,ds_scp_ro,SELECT,,鐭ヨ瘑搴?浜у搧灞炴€т俊鎭?
dw,dim_product_class_info_dd,ds_scp_ro,SELECT,,浜у搧鍒嗙被缁村害琛?
dw,dim_public_reference_data_dd,ds_scp_ro,SELECT,,婧愮郴缁熸棤娉ㄩ噴
dw,dim_supplier_base_info_dd,ds_scp_ro,SELECT,,渚涘簲鍟嗕富鏁版嵁鍩烘湰淇℃伅
dw,dim_supplier_company_info_dd,ds_scp_ro,SELECT,,渚涘簲鍟?鍏徃瑙嗗浘
ods,odss990_ZMDGT139,ds_scp_ro,SELECT,,
ods,odss990_ZMDGT150,ds_scp_ro,SELECT,,
ods,odss990_ZMDGT153,ds_scp_ro,SELECT,,
ods,odss990_tgsb,ds_scp_ro,SELECT,,涓氬姟鑼冨洿
ods,odss990_zmdgt134,ds_scp_ro,SELECT,,鍔犺浇鏃堕棿
ods,odss990_zmdgt137,ds_scp_ro,SELECT,,涓氬姟鑼冨洿鍜屽叕鍙镐唬鐮佸叧绯?
ods,odss990_zmdgt138,ds_scp_ro,SELECT,,鍋滅敤鏍囪瘑
ods,odss990_zmdgt143,ds_scp_ro,SELECT,,鍒╂鼎涓績涓庢垚鏈腑蹇冨叧绯昏〃
ods,odss990_zmdgt144,ds_scp_ro,SELECT,,涓氬姟鑼冨洿涓庢垚鏈腑蹇冨叧绯昏〃
dim,dim_mhr_mos_org_base_info_dd,ds_acpd_rw,SELECT,,缁勭粐涓绘暟鎹熀鏈俊鎭?
dim,dim_mk_shop_detail_dd,ds_acpd_rw,SELECT,,闂ㄥ簵鏄庣粏琛?
dim,dim_mk_shop_info_dd,ds_acpd_rw,SELECT,,闂ㄥ簵鍩虹淇℃伅琛?
dim,dim_ref_data_dd,ds_acpd_rw,SELECT,,鍙傝€冩暟鎹?缂栫爜缁村害琛?
dim,dim_ref_quote_code_dd,ds_acpd_rw,SELECT,,鍙傝€冩暟鎹?浠ｇ爜缁村害琛?
dw,dim_adm_china_dd,ds_acpd_rw,SELECT,,鍖哄煙-涓浗琛屾斂鍖哄垝
dw,dim_attr_value_info_dd,ds_acpd_rw,SELECT,,灞炴€у€间俊鎭淮搴﹁〃
dw,dim_customer_base_info_dd,ds_acpd_rw,SELECT,,瀹㈡埛涓绘暟鎹熀鏈俊鎭?
dw,dim_customer_trade_info_dd,ds_acpd_rw,SELECT,,瀹㈡埛璐告槗鍏崇郴淇℃伅淇℃伅
dw,dim_date_nd,ds_acpd_rw,SELECT,,鏃ユ湡缁村害涓昏〃
dw,dim_material_attr_info_dd,ds_acpd_rw,SELECT,,鐗╂枡瀵瑰簲灞炴€у強灞炴€у€间俊鎭?
dw,dim_material_base_info_dd,ds_acpd_rw,SELECT,,鐗╂枡涓绘暟鎹熀鏈俊鎭?
dw,dim_material_class_attr_mapping_dd,ds_acpd_rw,SELECT,,鐗╂枡鍒嗙被-灞炴€у叧绯绘槧灏勮〃
dw,dim_material_class_info_dd,ds_acpd_rw,SELECT,,鐗╂枡鍒嗙被淇℃伅骞抽摵灞曠ず琛?
dw,dim_material_sap_compare_dd,ds_acpd_rw,SELECT,,鐗╂枡绯荤粺缂栫爜瀵圭収
dw,dim_product_addl_info_dd,ds_acpd_rw,SELECT,,浜у搧闄勫姞淇℃伅-鐗╂枡缁勩€侀攢鍞粍缁囦俊鎭?
dw,dim_product_attr_info_dd,ds_acpd_rw,SELECT,,浜у搧瀵瑰簲灞炴€у強灞炴€у€间俊鎭?
dw,dim_product_base_info_dd,ds_acpd_rw,SELECT,,浜у搧涓绘暟鎹熀鏈俊鎭?
dw,dim_product_base_info_nd,ds_acpd_rw,SELECT,,鐭ヨ瘑搴?浜у搧灞炴€т俊鎭?
dw,dim_product_class_info_dd,ds_acpd_rw,SELECT,,浜у搧鍒嗙被缁村害琛?
dw,dim_public_reference_data_dd,ds_acpd_rw,SELECT,,婧愮郴缁熸棤娉ㄩ噴
dw,dim_supplier_base_info_dd,ds_acpd_rw,SELECT,,渚涘簲鍟嗕富鏁版嵁鍩烘湰淇℃伅
dw,dim_supplier_company_info_dd,ds_acpd_rw,SELECT,,渚涘簲鍟?鍏徃瑙嗗浘
ods,odss990_ZMDGT139,ds_acpd_rw,SELECT,,
ods,odss990_ZMDGT150,ds_acpd_rw,SELECT,,
ods,odss990_ZMDGT153,ds_acpd_rw,SELECT,,
ods,odss990_tgsb,ds_acpd_rw,SELECT,,涓氬姟鑼冨洿
ods,odss990_zmdgt134,ds_acpd_rw,SELECT,,鍔犺浇鏃堕棿
ods,odss990_zmdgt137,ds_acpd_rw,SELECT,,涓氬姟鑼冨洿鍜屽叕鍙镐唬鐮佸叧绯?
ods,odss990_zmdgt138,ds_acpd_rw,SELECT,,鍋滅敤鏍囪瘑
ods,odss990_zmdgt143,ds_acpd_rw,SELECT,,鍒╂鼎涓績涓庢垚鏈腑蹇冨叧绯昏〃
ods,odss990_zmdgt144,ds_acpd_rw,SELECT,,涓氬姟鑼冨洿涓庢垚鏈腑蹇冨叧绯昏〃
dim,dim_ipd_hdrp_project_dd,ds_podp_rw,SELECT,,HDRP椤圭洰鍩烘湰淇℃伅琛?
dim,dim_ipd_productmodel_dd,ds_podp_rw,SELECT,,鐧界數浜у搧鍨嬪彿鍩虹淇℃伅琛?
dim,dim_ipd_salemodel_dd,ds_podp_rw,SELECT,,閿€鍞瀷鍙峰熀纭€淇℃伅琛?
dim,dim_mhr_mos_org_base_info_dd,ds_podp_rw,SELECT,,缁勭粐涓绘暟鎹熀鏈俊鎭?
dim,dim_mk_shop_detail_dd,ds_podp_rw,SELECT,,闂ㄥ簵鏄庣粏琛?
dim,dim_mk_shop_info_dd,ds_podp_rw,SELECT,,闂ㄥ簵鍩虹淇℃伅琛?
dim,dim_ref_data_dd,ds_podp_rw,SELECT,,鍙傝€冩暟鎹?缂栫爜缁村害琛?
dim,dim_ref_quote_code_dd,ds_podp_rw,SELECT,,鍙傝€冩暟鎹?浠ｇ爜缁村害琛?
dw,dim_adm_china_dd,ds_podp_rw,SELECT,,鍖哄煙-涓浗琛屾斂鍖哄垝
dw,dim_attr_value_info_dd,ds_podp_rw,SELECT,,灞炴€у€间俊鎭淮搴﹁〃
dw,dim_customer_base_info_dd,ds_podp_rw,SELECT,,瀹㈡埛涓绘暟鎹熀鏈俊鎭?
dw,dim_customer_trade_info_dd,ds_podp_rw,SELECT,,瀹㈡埛璐告槗鍏崇郴淇℃伅淇℃伅
dw,dim_date_nd,ds_podp_rw,SELECT,,鏃ユ湡缁村害涓昏〃
dw,dim_material_attr_info_dd,ds_podp_rw,SELECT,,鐗╂枡瀵瑰簲灞炴€у強灞炴€у€间俊鎭?
dw,dim_material_base_info_dd,ds_podp_rw,SELECT,,鐗╂枡涓绘暟鎹熀鏈俊鎭?
dw,dim_material_class_attr_mapping_dd,ds_podp_rw,SELECT,,鐗╂枡鍒嗙被-灞炴€у叧绯绘槧灏勮〃
dw,dim_material_class_info_dd,ds_podp_rw,SELECT,,鐗╂枡鍒嗙被淇℃伅骞抽摵灞曠ず琛?
dw,dim_material_sap_compare_dd,ds_podp_rw,SELECT,,鐗╂枡绯荤粺缂栫爜瀵圭収
dw,dim_product_addl_info_dd,ds_podp_rw,SELECT,,浜у搧闄勫姞淇℃伅-鐗╂枡缁勩€侀攢鍞粍缁囦俊鎭?
dw,dim_product_attr_info_dd,ds_podp_rw,SELECT,,浜у搧瀵瑰簲灞炴€у強灞炴€у€间俊鎭?
dw,dim_product_base_info_dd,ds_podp_rw,SELECT,,浜у搧涓绘暟鎹熀鏈俊鎭?
dw,dim_product_base_info_nd,ds_podp_rw,SELECT,,鐭ヨ瘑搴?浜у搧灞炴€т俊鎭?
dw,dim_product_class_info_dd,ds_podp_rw,SELECT,,浜у搧鍒嗙被缁村害琛?
dw,dim_public_reference_data_dd,ds_podp_rw,SELECT,,婧愮郴缁熸棤娉ㄩ噴
dw,dim_supplier_base_info_dd,ds_podp_rw,SELECT,,渚涘簲鍟嗕富鏁版嵁鍩烘湰淇℃伅
dw,dim_supplier_company_info_dd,ds_podp_rw,SELECT,,渚涘簲鍟?鍏徃瑙嗗浘
dw,dwd_ipd_ipd_productmodel_dd,ds_podp_rw,SELECT,,鐧界數浜у搧鍨嬪彿鍩虹淇℃伅琛?
dw,dwfi_im_tf_tcurr_table,ds_podp_rw,SELECT,,姹囩巼琛?exchange rate
dwd,dwd_data_quality_monitor_rule_detail_wide,ds_podp_rw,SELECT,,鏁版嵁璐ㄩ噺鐩戞帶瑙勫垯鏄庣粏瀹借〃
ods,ODSEMP_SMS_HAC_HH_GJ_TR_DETIAL,ds_podp_rw,SELECT,,
ods,ODSEMP_SMS_HAC_HH_GJ_TR_NOTICE,ds_podp_rw,SELECT,,
ods,ODSGSS_IM_BASE_BRAND_TYPE,ds_podp_rw,SELECT,,
ods,ODSGSS_IM_BRAND,ds_podp_rw,SELECT,,
ods,ODSGSS_IM_CW_EAN,ds_podp_rw,SELECT,,
ods,ODSGSS_IM_ECC_PLN_BD_PRODUCT_TITLE,ds_podp_rw,SELECT,,
ods,ODSGSS_IM_ROLLING_PLAN_DETAIL,ds_podp_rw,SELECT,,
ods,ODSGSS_IM_SALES_ORDER_STAND,ds_podp_rw,SELECT,,
ods,ODSGSS_IM_SALE_PROD_HEADER_SEARCH_V,ds_podp_rw,SELECT,,
ods,ODSGSS_IM_SALE_PROD_LINE2,ds_podp_rw,SELECT,,
ods,ODSGSS_IM_SALE_PROD_PRINTED_LINE,ds_podp_rw,SELECT,,
ods,ODSJTPLM_HIS_MARKETABLEMACHINE,ds_podp_rw,SELECT,,
ods,ODSRDM_T_OBJ_BASEITEM,ds_podp_rw,SELECT,,
ods,ODSRDM_T_PSM_EXT,ds_podp_rw,SELECT,,
ods,ODSRDM_T_PSM_PJT,ds_podp_rw,SELECT,,
ods,ODSRDM_T_SYS_EMP,ds_podp_rw,SELECT,,
ods,ODSRDM_T_WF24_EXT,ds_podp_rw,SELECT,,
ods,ODSSLT_S600_MARA,ds_podp_rw,SELECT,,
ods,ODSSLT_S800_MARA,ds_podp_rw,SELECT,,
ods,odsHDRP_PM_PROJECT,ds_podp_rw,SELECT,,
ods,odscis_base_matkl,ds_podp_rw,SELECT,,鐗╂枡缁?
ods,odscis_cust_info,ds_podp_rw,SELECT,,鍟嗗鍩虹淇℃伅-鐢熸晥
ods,odscis_cust_info_detail,ds_podp_rw,SELECT,,鍟嗗钀ラ攢妯″紡-鐢熸晥
ods,odscis_fw_org,ds_podp_rw,SELECT,,缁勭粐
ods,odscis_fw_property,ds_podp_rw,SELECT,,瀛楀吀鏁版嵁
ods,odsemp_sms_hac_HISE_COUNTRY,ds_podp_rw,SELECT,,
ods,odsemp_sms_hac_hh_gj_contract,ds_podp_rw,SELECT,,婧愮郴缁熸棤娉ㄩ噴
ods,odsemp_sms_hac_hh_gj_contract_detail,ds_podp_rw,SELECT,,鍥介檯鍚堝悓鏄庣粏琛?
ods,odsemp_sms_hac_hh_gj_tr_detial,ds_podp_rw,SELECT,,娴峰鍙戣揣閫氱煡鍗曟槑缁?
ods,odsemp_sms_hac_hh_gj_tr_notice,ds_podp_rw,SELECT,,娴峰鍙戣揣閫氱煡鍗?
ods,odsemp_sms_hac_hise_dept,ds_podp_rw,SELECT,,缁勭粐琛?
ods,odsgss_im_blx_gss_yanfa_model_relationship,ds_podp_rw,SELECT,,鍐板喎娲椾骇鍝佷富鏁版嵁GSS-鐮斿彂骞冲彴鍨嬪彿瀵瑰簲鍏崇郴琛?
ods,odshdrp_hisense_develop_project,ds_podp_rw,SELECT,,婧愮郴缁熸棤娉ㄩ噴
ods,odshdrp_pm_project,ds_podp_rw,SELECT,,婧愮郴缁熸棤娉ㄩ噴
ods,odsjtplm_his_productmodel,ds_podp_rw,SELECT,,浜у搧鍨嬪彿
ods,odsjtplm_his_productversion,ds_podp_rw,SELECT,,鐢熶骇鐗堟湰
ods,odsjtplm_hwa_bom,ds_podp_rw,SELECT,,bom淇℃伅
ods,odsmes_tvn_pom_order,ds_podp_rw,SELECT,,宸ュ崟琛?
ods,odsmes_tvn_rp_production_report,ds_podp_rw,SELECT,,浜у搧浜ч噺鏁版嵁琛?
ods,odsplm_hac_product_info,ds_podp_rw,SELECT,,椤圭洰銆佷骇鍝佸搴斿叧绯?
ods,odsrdm_t_obj_type,ds_podp_rw,SELECT,,婧愮郴缁熸棤娉ㄩ噴
ods,odsrdm_t_pln_milstn,ds_podp_rw,SELECT,,婧愮郴缁熸棤娉ㄩ噴
ods,odsrdm_t_wf17_wf17,ds_podp_rw,SELECT,,婧愮郴缁熸棤娉ㄩ噴
ods,odss600_mara,ds_podp_rw,SELECT,,婧愮郴缁熸棤娉ㄩ噴
ods,odss600_marc,ds_podp_rw,SELECT,,婧愮郴缁熸棤娉ㄩ噴
ods,odss700_marc,ds_podp_rw,SELECT,,婧愮郴缁熸棤娉ㄩ噴
ods,odss800_mara,ds_podp_rw,SELECT,,婧愮郴缁熸棤娉ㄩ噴
ods,odss800_marc,ds_podp_rw,SELECT,,婧愮郴缁熸棤娉ㄩ噴
ods,odss900_mara,ds_podp_rw,SELECT,,GMV
ods,odss900_marc,ds_podp_rw,SELECT,,绉伴噸鏍囪瘑
ods,odss990_ZMDGT139,ds_podp_rw,SELECT,,
ods,odss990_ZMDGT150,ds_podp_rw,SELECT,,
ods,odss990_ZMDGT153,ds_podp_rw,SELECT,,
ods,odss990_tgsb,ds_podp_rw,SELECT,,涓氬姟鑼冨洿
ods,odss990_zmdgt134,ds_podp_rw,SELECT,,鍔犺浇鏃堕棿
ods,odss990_zmdgt137,ds_podp_rw,SELECT,,涓氬姟鑼冨洿鍜屽叕鍙镐唬鐮佸叧绯?
ods,odss990_zmdgt138,ds_podp_rw,SELECT,,鍋滅敤鏍囪瘑
ods,odss990_zmdgt143,ds_podp_rw,SELECT,,鍒╂鼎涓績涓庢垚鏈腑蹇冨叧绯昏〃
ods,odss990_zmdgt144,ds_podp_rw,SELECT,,涓氬姟鑼冨洿涓庢垚鏈腑蹇冨叧绯昏〃
ods,odsscm_sc_cm_daily_operating_planning,ds_podp_rw,SELECT,,鏃ヤ綔涓氳鍒掕〃锛圱+3璁″垝琛級
ods,odsscm_wo_cm_work_order,ds_podp_rw,SELECT,,宸ュ崟琛?
ods,odssrmn_md_org,ds_podp_rw,SELECT,,宸ュ巶
ods,odssrmn_md_org_company,ds_podp_rw,SELECT,,宸ュ巶-浜у搧鍏徃鍏崇郴琛?
ods,odssrmn_md_supp_client,ds_podp_rw,SELECT,,渚涘簲鍟哠AP缂栫爜琛?
dim,dim_mhr_mos_org_base_info_dd,ds_asqp_ro,SELECT,,缁勭粐涓绘暟鎹熀鏈俊鎭?
dim,dim_mk_shop_detail_dd,ds_asqp_ro,SELECT,,闂ㄥ簵鏄庣粏琛?
dim,dim_mk_shop_info_dd,ds_asqp_ro,SELECT,,闂ㄥ簵鍩虹淇℃伅琛?
dim,dim_ref_data_dd,ds_asqp_ro,SELECT,,鍙傝€冩暟鎹?缂栫爜缁村害琛?
dim,dim_ref_quote_code_dd,ds_asqp_ro,SELECT,,鍙傝€冩暟鎹?浠ｇ爜缁村害琛?
dw,dim_adm_china_dd,ds_asqp_ro,SELECT,,鍖哄煙-涓浗琛屾斂鍖哄垝
dw,dim_attr_value_info_dd,ds_asqp_ro,SELECT,,灞炴€у€间俊鎭淮搴﹁〃
dw,dim_customer_base_info_dd,ds_asqp_ro,SELECT,,瀹㈡埛涓绘暟鎹熀鏈俊鎭?
dw,dim_customer_trade_info_dd,ds_asqp_ro,SELECT,,瀹㈡埛璐告槗鍏崇郴淇℃伅淇℃伅
dw,dim_date_nd,ds_asqp_ro,SELECT,,鏃ユ湡缁村害涓昏〃
dw,dim_material_attr_info_dd,ds_asqp_ro,SELECT,,鐗╂枡瀵瑰簲灞炴€у強灞炴€у€间俊鎭?
dw,dim_material_base_info_dd,ds_asqp_ro,SELECT,,鐗╂枡涓绘暟鎹熀鏈俊鎭?
dw,dim_material_class_attr_mapping_dd,ds_asqp_ro,SELECT,,鐗╂枡鍒嗙被-灞炴€у叧绯绘槧灏勮〃
dw,dim_material_class_info_dd,ds_asqp_ro,SELECT,,鐗╂枡鍒嗙被淇℃伅骞抽摵灞曠ず琛?
dw,dim_material_sap_compare_dd,ds_asqp_ro,SELECT,,鐗╂枡绯荤粺缂栫爜瀵圭収
dw,dim_product_addl_info_dd,ds_asqp_ro,SELECT,,浜у搧闄勫姞淇℃伅-鐗╂枡缁勩€侀攢鍞粍缁囦俊鎭?
dw,dim_product_attr_info_dd,ds_asqp_ro,SELECT,,浜у搧瀵瑰簲灞炴€у強灞炴€у€间俊鎭?
dw,dim_product_base_info_dd,ds_asqp_ro,SELECT,,浜у搧涓绘暟鎹熀鏈俊鎭?
dw,dim_product_base_info_nd,ds_asqp_ro,SELECT,,鐭ヨ瘑搴?浜у搧灞炴€т俊鎭?
dw,dim_product_class_info_dd,ds_asqp_ro,SELECT,,浜у搧鍒嗙被缁村害琛?
dw,dim_public_reference_data_dd,ds_asqp_ro,SELECT,,婧愮郴缁熸棤娉ㄩ噴
dw,dim_supplier_base_info_dd,ds_asqp_ro,SELECT,,渚涘簲鍟嗕富鏁版嵁鍩烘湰淇℃伅
dw,dim_supplier_company_info_dd,ds_asqp_ro,SELECT,,渚涘簲鍟?鍏徃瑙嗗浘
ods,odss990_ZMDGT139,ds_asqp_ro,SELECT,,
ods,odss990_ZMDGT150,ds_asqp_ro,SELECT,,
ods,odss990_ZMDGT153,ds_asqp_ro,SELECT,,
ods,odss990_tgsb,ds_asqp_ro,SELECT,,涓氬姟鑼冨洿
ods,odss990_zmdgt134,ds_asqp_ro,SELECT,,鍔犺浇鏃堕棿
ods,odss990_zmdgt137,ds_asqp_ro,SELECT,,涓氬姟鑼冨洿鍜屽叕鍙镐唬鐮佸叧绯?
ods,odss990_zmdgt138,ds_asqp_ro,SELECT,,鍋滅敤鏍囪瘑
ods,odss990_zmdgt143,ds_asqp_ro,SELECT,,鍒╂鼎涓績涓庢垚鏈腑蹇冨叧绯昏〃
ods,odss990_zmdgt144,ds_asqp_ro,SELECT,,涓氬姟鑼冨洿涓庢垚鏈腑蹇冨叧绯昏〃
dim,dim_mhr_mos_org_base_info_dd,ds_gmgc_rd_ro,SELECT,,缁勭粐涓绘暟鎹熀鏈俊鎭?
dim,dim_mk_shop_detail_dd,ds_gmgc_rd_ro,SELECT,,闂ㄥ簵鏄庣粏琛?
dim,dim_mk_shop_info_dd,ds_gmgc_rd_ro,SELECT,,闂ㄥ簵鍩虹淇℃伅琛?
dim,dim_ref_data_dd,ds_gmgc_rd_ro,SELECT,,鍙傝€冩暟鎹?缂栫爜缁村害琛?
dim,dim_ref_quote_code_dd,ds_gmgc_rd_ro,SELECT,,鍙傝€冩暟鎹?浠ｇ爜缁村害琛?
dw,dim_adm_china_dd,ds_gmgc_rd_ro,SELECT,,鍖哄煙-涓浗琛屾斂鍖哄垝
dw,dim_attr_value_info_dd,ds_gmgc_rd_ro,SELECT,,灞炴€у€间俊鎭淮搴﹁〃
dw,dim_customer_base_info_dd,ds_gmgc_rd_ro,SELECT,,瀹㈡埛涓绘暟鎹熀鏈俊鎭?
dw,dim_customer_trade_info_dd,ds_gmgc_rd_ro,SELECT,,瀹㈡埛璐告槗鍏崇郴淇℃伅淇℃伅
dw,dim_date_nd,ds_gmgc_rd_ro,SELECT,,鏃ユ湡缁村害涓昏〃
dw,dim_material_attr_info_dd,ds_gmgc_rd_ro,SELECT,,鐗╂枡瀵瑰簲灞炴€у強灞炴€у€间俊鎭?
dw,dim_material_base_info_dd,ds_gmgc_rd_ro,SELECT,,鐗╂枡涓绘暟鎹熀鏈俊鎭?
dw,dim_material_class_attr_mapping_dd,ds_gmgc_rd_ro,SELECT,,鐗╂枡鍒嗙被-灞炴€у叧绯绘槧灏勮〃
dw,dim_material_class_info_dd,ds_gmgc_rd_ro,SELECT,,鐗╂枡鍒嗙被淇℃伅骞抽摵灞曠ず琛?
dw,dim_material_sap_compare_dd,ds_gmgc_rd_ro,SELECT,,鐗╂枡绯荤粺缂栫爜瀵圭収
dw,dim_product_addl_info_dd,ds_gmgc_rd_ro,SELECT,,浜у搧闄勫姞淇℃伅-鐗╂枡缁勩€侀攢鍞粍缁囦俊鎭?
dw,dim_product_attr_info_dd,ds_gmgc_rd_ro,SELECT,,浜у搧瀵瑰簲灞炴€у強灞炴€у€间俊鎭?
dw,dim_product_base_info_dd,ds_gmgc_rd_ro,SELECT,,浜у搧涓绘暟鎹熀鏈俊鎭?
dw,dim_product_base_info_nd,ds_gmgc_rd_ro,SELECT,,鐭ヨ瘑搴?浜у搧灞炴€т俊鎭?
dw,dim_product_class_info_dd,ds_gmgc_rd_ro,SELECT,,浜у搧鍒嗙被缁村害琛?
dw,dim_public_reference_data_dd,ds_gmgc_rd_ro,SELECT,,婧愮郴缁熸棤娉ㄩ噴
dw,dim_supplier_base_info_dd,ds_gmgc_rd_ro,SELECT,,渚涘簲鍟嗕富鏁版嵁鍩烘湰淇℃伅
dw,dim_supplier_company_info_dd,ds_gmgc_rd_ro,SELECT,,渚涘簲鍟?鍏徃瑙嗗浘
ods,odss990_ZMDGT139,ds_gmgc_rd_ro,SELECT,,
ods,odss990_ZMDGT150,ds_gmgc_rd_ro,SELECT,,
ods,odss990_ZMDGT153,ds_gmgc_rd_ro,SELECT,,
ods,odss990_tgsb,ds_gmgc_rd_ro,SELECT,,涓氬姟鑼冨洿
ods,odss990_zmdgt134,ds_gmgc_rd_ro,SELECT,,鍔犺浇鏃堕棿
ods,odss990_zmdgt137,ds_gmgc_rd_ro,SELECT,,涓氬姟鑼冨洿鍜屽叕鍙镐唬鐮佸叧绯?
ods,odss990_zmdgt138,ds_gmgc_rd_ro,SELECT,,鍋滅敤鏍囪瘑
ods,odss990_zmdgt143,ds_gmgc_rd_ro,SELECT,,鍒╂鼎涓績涓庢垚鏈腑蹇冨叧绯昏〃
ods,odss990_zmdgt144,ds_gmgc_rd_ro,SELECT,,涓氬姟鑼冨洿涓庢垚鏈腑蹇冨叧绯昏〃
dim,dim_mhr_mos_org_base_info_dd,ds_htc_osltc_ro,SELECT,,缁勭粐涓绘暟鎹熀鏈俊鎭?
dim,dim_mk_shop_detail_dd,ds_htc_osltc_ro,SELECT,,闂ㄥ簵鏄庣粏琛?
dim,dim_mk_shop_info_dd,ds_htc_osltc_ro,SELECT,,闂ㄥ簵鍩虹淇℃伅琛?
dim,dim_ref_data_dd,ds_htc_osltc_ro,SELECT,,鍙傝€冩暟鎹?缂栫爜缁村害琛?
dim,dim_ref_quote_code_dd,ds_htc_osltc_ro,SELECT,,鍙傝€冩暟鎹?浠ｇ爜缁村害琛?
dw,dim_adm_china_dd,ds_htc_osltc_ro,SELECT,,鍖哄煙-涓浗琛屾斂鍖哄垝
dw,dim_attr_value_info_dd,ds_htc_osltc_ro,SELECT,,灞炴€у€间俊鎭淮搴﹁〃
dw,dim_customer_base_info_dd,ds_htc_osltc_ro,SELECT,,瀹㈡埛涓绘暟鎹熀鏈俊鎭?
dw,dim_customer_trade_info_dd,ds_htc_osltc_ro,SELECT,,瀹㈡埛璐告槗鍏崇郴淇℃伅淇℃伅
dw,dim_date_nd,ds_htc_osltc_ro,SELECT,,鏃ユ湡缁村害涓昏〃
dw,dim_material_attr_info_dd,ds_htc_osltc_ro,SELECT,,鐗╂枡瀵瑰簲灞炴€у強灞炴€у€间俊鎭?
dw,dim_material_base_info_dd,ds_htc_osltc_ro,SELECT,,鐗╂枡涓绘暟鎹熀鏈俊鎭?
dw,dim_material_class_attr_mapping_dd,ds_htc_osltc_ro,SELECT,,鐗╂枡鍒嗙被-灞炴€у叧绯绘槧灏勮〃
dw,dim_material_class_info_dd,ds_htc_osltc_ro,SELECT,,鐗╂枡鍒嗙被淇℃伅骞抽摵灞曠ず琛?
dw,dim_material_sap_compare_dd,ds_htc_osltc_ro,SELECT,,鐗╂枡绯荤粺缂栫爜瀵圭収
dw,dim_product_addl_info_dd,ds_htc_osltc_ro,SELECT,,浜у搧闄勫姞淇℃伅-鐗╂枡缁勩€侀攢鍞粍缁囦俊鎭?
dw,dim_product_attr_info_dd,ds_htc_osltc_ro,SELECT,,浜у搧瀵瑰簲灞炴€у強灞炴€у€间俊鎭?
dw,dim_product_base_info_dd,ds_htc_osltc_ro,SELECT,,浜у搧涓绘暟鎹熀鏈俊鎭?
dw,dim_product_base_info_nd,ds_htc_osltc_ro,SELECT,,鐭ヨ瘑搴?浜у搧灞炴€т俊鎭?
dw,dim_product_class_info_dd,ds_htc_osltc_ro,SELECT,,浜у搧鍒嗙被缁村害琛?
dw,dim_public_reference_data_dd,ds_htc_osltc_ro,SELECT,,婧愮郴缁熸棤娉ㄩ噴
dw,dim_supplier_base_info_dd,ds_htc_osltc_ro,SELECT,,渚涘簲鍟嗕富鏁版嵁鍩烘湰淇℃伅
dw,dim_supplier_company_info_dd,ds_htc_osltc_ro,SELECT,,渚涘簲鍟?鍏徃瑙嗗浘
ods,odss990_ZMDGT139,ds_htc_osltc_ro,SELECT,,
ods,odss990_ZMDGT150,ds_htc_osltc_ro,SELECT,,
ods,odss990_ZMDGT153,ds_htc_osltc_ro,SELECT,,
ods,odss990_tgsb,ds_htc_osltc_ro,SELECT,,涓氬姟鑼冨洿
ods,odss990_zmdgt134,ds_htc_osltc_ro,SELECT,,鍔犺浇鏃堕棿
ods,odss990_zmdgt137,ds_htc_osltc_ro,SELECT,,涓氬姟鑼冨洿鍜屽叕鍙镐唬鐮佸叧绯?
ods,odss990_zmdgt138,ds_htc_osltc_ro,SELECT,,鍋滅敤鏍囪瘑
ods,odss990_zmdgt143,ds_htc_osltc_ro,SELECT,,鍒╂鼎涓績涓庢垚鏈腑蹇冨叧绯昏〃
ods,odss990_zmdgt144,ds_htc_osltc_ro,SELECT,,涓氬姟鑼冨洿涓庢垚鏈腑蹇冨叧绯昏〃
dim,dim_mhr_mos_org_base_info_dd,ds_hiknow_ro,SELECT,,缁勭粐涓绘暟鎹熀鏈俊鎭?
dim,dim_mk_shop_detail_dd,ds_hiknow_ro,SELECT,,闂ㄥ簵鏄庣粏琛?
dim,dim_mk_shop_info_dd,ds_hiknow_ro,SELECT,,闂ㄥ簵鍩虹淇℃伅琛?
dim,dim_ref_data_dd,ds_hiknow_ro,SELECT,,鍙傝€冩暟鎹?缂栫爜缁村害琛?
dim,dim_ref_quote_code_dd,ds_hiknow_ro,SELECT,,鍙傝€冩暟鎹?浠ｇ爜缁村害琛?
dw,dim_adm_china_dd,ds_hiknow_ro,SELECT,,鍖哄煙-涓浗琛屾斂鍖哄垝
dw,dim_attr_value_info_dd,ds_hiknow_ro,SELECT,,灞炴€у€间俊鎭淮搴﹁〃
dw,dim_customer_base_info_dd,ds_hiknow_ro,SELECT,,瀹㈡埛涓绘暟鎹熀鏈俊鎭?
dw,dim_customer_trade_info_dd,ds_hiknow_ro,SELECT,,瀹㈡埛璐告槗鍏崇郴淇℃伅淇℃伅
dw,dim_date_nd,ds_hiknow_ro,SELECT,,鏃ユ湡缁村害涓昏〃
dw,dim_material_attr_info_dd,ds_hiknow_ro,SELECT,,鐗╂枡瀵瑰簲灞炴€у強灞炴€у€间俊鎭?
dw,dim_material_base_info_dd,ds_hiknow_ro,SELECT,,鐗╂枡涓绘暟鎹熀鏈俊鎭?
dw,dim_material_class_attr_mapping_dd,ds_hiknow_ro,SELECT,,鐗╂枡鍒嗙被-灞炴€у叧绯绘槧灏勮〃
dw,dim_material_class_info_dd,ds_hiknow_ro,SELECT,,鐗╂枡鍒嗙被淇℃伅骞抽摵灞曠ず琛?
dw,dim_material_sap_compare_dd,ds_hiknow_ro,SELECT,,鐗╂枡绯荤粺缂栫爜瀵圭収
dw,dim_product_addl_info_dd,ds_hiknow_ro,SELECT,,浜у搧闄勫姞淇℃伅-鐗╂枡缁勩€侀攢鍞粍缁囦俊鎭?
dw,dim_product_attr_info_dd,ds_hiknow_ro,SELECT,,浜у搧瀵瑰簲灞炴€у強灞炴€у€间俊鎭?
dw,dim_product_base_info_dd,ds_hiknow_ro,SELECT,,浜у搧涓绘暟鎹熀鏈俊鎭?
dw,dim_product_base_info_nd,ds_hiknow_ro,SELECT,,鐭ヨ瘑搴?浜у搧灞炴€т俊鎭?
dw,dim_product_class_info_dd,ds_hiknow_ro,SELECT,,浜у搧鍒嗙被缁村害琛?
dw,dim_public_reference_data_dd,ds_hiknow_ro,SELECT,,婧愮郴缁熸棤娉ㄩ噴
dw,dim_supplier_base_info_dd,ds_hiknow_ro,SELECT,,渚涘簲鍟嗕富鏁版嵁鍩烘湰淇℃伅
dw,dim_supplier_company_info_dd,ds_hiknow_ro,SELECT,,渚涘簲鍟?鍏徃瑙嗗浘
ods,odss990_ZMDGT139,ds_hiknow_ro,SELECT,,
ods,odss990_ZMDGT150,ds_hiknow_ro,SELECT,,
ods,odss990_ZMDGT153,ds_hiknow_ro,SELECT,,
ods,odss990_tgsb,ds_hiknow_ro,SELECT,,涓氬姟鑼冨洿
ods,odss990_zmdgt134,ds_hiknow_ro,SELECT,,鍔犺浇鏃堕棿
ods,odss990_zmdgt137,ds_hiknow_ro,SELECT,,涓氬姟鑼冨洿鍜屽叕鍙镐唬鐮佸叧绯?
ods,odss990_zmdgt138,ds_hiknow_ro,SELECT,,鍋滅敤鏍囪瘑
ods,odss990_zmdgt143,ds_hiknow_ro,SELECT,,鍒╂鼎涓績涓庢垚鏈腑蹇冨叧绯昏〃
ods,odss990_zmdgt144,ds_hiknow_ro,SELECT,,涓氬姟鑼冨洿涓庢垚鏈腑蹇冨叧绯昏〃
dim,dim_mhr_mos_org_base_info_dd,ds_qm_rw,SELECT,,缁勭粐涓绘暟鎹熀鏈俊鎭?
dim,dim_mk_shop_detail_dd,ds_qm_rw,SELECT,,闂ㄥ簵鏄庣粏琛?
dim,dim_mk_shop_info_dd,ds_qm_rw,SELECT,,闂ㄥ簵鍩虹淇℃伅琛?
dim,dim_ref_data_dd,ds_qm_rw,SELECT,,鍙傝€冩暟鎹?缂栫爜缁村害琛?
dim,dim_ref_quote_code_dd,ds_qm_rw,SELECT,,鍙傝€冩暟鎹?浠ｇ爜缁村害琛?
dw,dim_adm_china_dd,ds_qm_rw,SELECT,,鍖哄煙-涓浗琛屾斂鍖哄垝
dw,dim_attr_value_info_dd,ds_qm_rw,SELECT,,灞炴€у€间俊鎭淮搴﹁〃
dw,dim_customer_base_info_dd,ds_qm_rw,SELECT,,瀹㈡埛涓绘暟鎹熀鏈俊鎭?
dw,dim_customer_trade_info_dd,ds_qm_rw,SELECT,,瀹㈡埛璐告槗鍏崇郴淇℃伅淇℃伅
dw,dim_date_nd,ds_qm_rw,SELECT,,鏃ユ湡缁村害涓昏〃
dw,dim_material_attr_info_dd,ds_qm_rw,SELECT,,鐗╂枡瀵瑰簲灞炴€у強灞炴€у€间俊鎭?
dw,dim_material_base_info_dd,ds_qm_rw,SELECT,,鐗╂枡涓绘暟鎹熀鏈俊鎭?
dw,dim_material_class_attr_mapping_dd,ds_qm_rw,SELECT,,鐗╂枡鍒嗙被-灞炴€у叧绯绘槧灏勮〃
dw,dim_material_class_info_dd,ds_qm_rw,SELECT,,鐗╂枡鍒嗙被淇℃伅骞抽摵灞曠ず琛?
dw,dim_material_sap_compare_dd,ds_qm_rw,SELECT,,鐗╂枡绯荤粺缂栫爜瀵圭収
dw,dim_product_addl_info_dd,ds_qm_rw,SELECT,,浜у搧闄勫姞淇℃伅-鐗╂枡缁勩€侀攢鍞粍缁囦俊鎭?
dw,dim_product_attr_info_dd,ds_qm_rw,SELECT,,浜у搧瀵瑰簲灞炴€у強灞炴€у€间俊鎭?
dw,dim_product_base_info_dd,ds_qm_rw,SELECT,,浜у搧涓绘暟鎹熀鏈俊鎭?
dw,dim_product_base_info_nd,ds_qm_rw,SELECT,,鐭ヨ瘑搴?浜у搧灞炴€т俊鎭?
dw,dim_product_class_info_dd,ds_qm_rw,SELECT,,浜у搧鍒嗙被缁村害琛?
dw,dim_public_reference_data_dd,ds_qm_rw,SELECT,,婧愮郴缁熸棤娉ㄩ噴
dw,dim_supplier_base_info_dd,ds_qm_rw,SELECT,,渚涘簲鍟嗕富鏁版嵁鍩烘湰淇℃伅
dw,dim_supplier_company_info_dd,ds_qm_rw,SELECT,,渚涘簲鍟?鍏徃瑙嗗浘
ods,odss990_ZMDGT139,ds_qm_rw,SELECT,,
ods,odss990_ZMDGT150,ds_qm_rw,SELECT,,
ods,odss990_ZMDGT153,ds_qm_rw,SELECT,,
ods,odss990_tgsb,ds_qm_rw,SELECT,,涓氬姟鑼冨洿
ods,odss990_zmdgt134,ds_qm_rw,SELECT,,鍔犺浇鏃堕棿
ods,odss990_zmdgt137,ds_qm_rw,SELECT,,涓氬姟鑼冨洿鍜屽叕鍙镐唬鐮佸叧绯?
ods,odss990_zmdgt138,ds_qm_rw,SELECT,,鍋滅敤鏍囪瘑
ods,odss990_zmdgt143,ds_qm_rw,SELECT,,鍒╂鼎涓績涓庢垚鏈腑蹇冨叧绯昏〃
ods,odss990_zmdgt144,ds_qm_rw,SELECT,,涓氬姟鑼冨洿涓庢垚鏈腑蹇冨叧绯昏〃
dim,dim_mhr_mos_org_base_info_dd,ds_voc_rw,SELECT,,缁勭粐涓绘暟鎹熀鏈俊鎭?
dim,dim_mk_shop_detail_dd,ds_voc_rw,SELECT,,闂ㄥ簵鏄庣粏琛?
dim,dim_mk_shop_info_dd,ds_voc_rw,SELECT,,闂ㄥ簵鍩虹淇℃伅琛?
dim,dim_ref_data_dd,ds_voc_rw,SELECT,,鍙傝€冩暟鎹?缂栫爜缁村害琛?
dim,dim_ref_quote_code_dd,ds_voc_rw,SELECT,,鍙傝€冩暟鎹?浠ｇ爜缁村害琛?
dw,dim_adm_china_dd,ds_voc_rw,SELECT,,鍖哄煙-涓浗琛屾斂鍖哄垝
dw,dim_attr_value_info_dd,ds_voc_rw,SELECT,,灞炴€у€间俊鎭淮搴﹁〃
dw,dim_customer_base_info_dd,ds_voc_rw,SELECT,,瀹㈡埛涓绘暟鎹熀鏈俊鎭?
dw,dim_customer_trade_info_dd,ds_voc_rw,SELECT,,瀹㈡埛璐告槗鍏崇郴淇℃伅淇℃伅
dw,dim_date_nd,ds_voc_rw,SELECT,,鏃ユ湡缁村害涓昏〃
dw,dim_material_attr_info_dd,ds_voc_rw,SELECT,,鐗╂枡瀵瑰簲灞炴€у強灞炴€у€间俊鎭?
dw,dim_material_base_info_dd,ds_voc_rw,SELECT,,鐗╂枡涓绘暟鎹熀鏈俊鎭?
dw,dim_material_class_attr_mapping_dd,ds_voc_rw,SELECT,,鐗╂枡鍒嗙被-灞炴€у叧绯绘槧灏勮〃
dw,dim_material_class_info_dd,ds_voc_rw,SELECT,,鐗╂枡鍒嗙被淇℃伅骞抽摵灞曠ず琛?
dw,dim_material_sap_compare_dd,ds_voc_rw,SELECT,,鐗╂枡绯荤粺缂栫爜瀵圭収
dw,dim_product_addl_info_dd,ds_voc_rw,SELECT,,浜у搧闄勫姞淇℃伅-鐗╂枡缁勩€侀攢鍞粍缁囦俊鎭?
dw,dim_product_attr_info_dd,ds_voc_rw,SELECT,,浜у搧瀵瑰簲灞炴€у強灞炴€у€间俊鎭?
dw,dim_product_base_info_dd,ds_voc_rw,SELECT,,浜у搧涓绘暟鎹熀鏈俊鎭?
dw,dim_product_base_info_nd,ds_voc_rw,SELECT,,鐭ヨ瘑搴?浜у搧灞炴€т俊鎭?
dw,dim_product_class_info_dd,ds_voc_rw,SELECT,,浜у搧鍒嗙被缁村害琛?
dw,dim_public_reference_data_dd,ds_voc_rw,SELECT,,婧愮郴缁熸棤娉ㄩ噴
dw,dim_supplier_base_info_dd,ds_voc_rw,SELECT,,渚涘簲鍟嗕富鏁版嵁鍩烘湰淇℃伅
dw,dim_supplier_company_info_dd,ds_voc_rw,SELECT,,渚涘簲鍟?鍏徃瑙嗗浘
ods,odscis_fw_org,ds_voc_rw,SELECT,,缁勭粐
ods,odscis_fw_property,ds_voc_rw,SELECT,,瀛楀吀鏁版嵁
ods,odss990_ZMDGT139,ds_voc_rw,SELECT,,
ods,odss990_ZMDGT150,ds_voc_rw,SELECT,,
ods,odss990_ZMDGT153,ds_voc_rw,SELECT,,
ods,odss990_tgsb,ds_voc_rw,SELECT,,涓氬姟鑼冨洿
ods,odss990_zmdgt134,ds_voc_rw,SELECT,,鍔犺浇鏃堕棿
ods,odss990_zmdgt137,ds_voc_rw,SELECT,,涓氬姟鑼冨洿鍜屽叕鍙镐唬鐮佸叧绯?
ods,odss990_zmdgt138,ds_voc_rw,SELECT,,鍋滅敤鏍囪瘑
ods,odss990_zmdgt143,ds_voc_rw,SELECT,,鍒╂鼎涓績涓庢垚鏈腑蹇冨叧绯昏〃
ods,odss990_zmdgt144,ds_voc_rw,SELECT,,涓氬姟鑼冨洿涓庢垚鏈腑蹇冨叧绯昏〃
dim,dim_mhr_mos_org_base_info_dd,ds_qm_ro,SELECT,,缁勭粐涓绘暟鎹熀鏈俊鎭?
dim,dim_mk_shop_detail_dd,ds_qm_ro,SELECT,,闂ㄥ簵鏄庣粏琛?
dim,dim_mk_shop_info_dd,ds_qm_ro,SELECT,,闂ㄥ簵鍩虹淇℃伅琛?
dim,dim_ref_data_dd,ds_qm_ro,SELECT,,鍙傝€冩暟鎹?缂栫爜缁村害琛?
dim,dim_ref_quote_code_dd,ds_qm_ro,SELECT,,鍙傝€冩暟鎹?浠ｇ爜缁村害琛?
dw,dim_adm_china_dd,ds_qm_ro,SELECT,,鍖哄煙-涓浗琛屾斂鍖哄垝
dw,dim_attr_value_info_dd,ds_qm_ro,SELECT,,灞炴€у€间俊鎭淮搴﹁〃
dw,dim_customer_base_info_dd,ds_qm_ro,SELECT,,瀹㈡埛涓绘暟鎹熀鏈俊鎭?
dw,dim_customer_trade_info_dd,ds_qm_ro,SELECT,,瀹㈡埛璐告槗鍏崇郴淇℃伅淇℃伅
dw,dim_date_nd,ds_qm_ro,SELECT,,鏃ユ湡缁村害涓昏〃
dw,dim_material_attr_info_dd,ds_qm_ro,SELECT,,鐗╂枡瀵瑰簲灞炴€у強灞炴€у€间俊鎭?
dw,dim_material_base_info_dd,ds_qm_ro,SELECT,,鐗╂枡涓绘暟鎹熀鏈俊鎭?
dw,dim_material_class_attr_mapping_dd,ds_qm_ro,SELECT,,鐗╂枡鍒嗙被-灞炴€у叧绯绘槧灏勮〃
dw,dim_material_class_info_dd,ds_qm_ro,SELECT,,鐗╂枡鍒嗙被淇℃伅骞抽摵灞曠ず琛?
dw,dim_material_sap_compare_dd,ds_qm_ro,SELECT,,鐗╂枡绯荤粺缂栫爜瀵圭収
dw,dim_product_addl_info_dd,ds_qm_ro,SELECT,,浜у搧闄勫姞淇℃伅-鐗╂枡缁勩€侀攢鍞粍缁囦俊鎭?
dw,dim_product_attr_info_dd,ds_qm_ro,SELECT,,浜у搧瀵瑰簲灞炴€у強灞炴€у€间俊鎭?
dw,dim_product_base_info_dd,ds_qm_ro,SELECT,,浜у搧涓绘暟鎹熀鏈俊鎭?
dw,dim_product_base_info_nd,ds_qm_ro,SELECT,,鐭ヨ瘑搴?浜у搧灞炴€т俊鎭?
dw,dim_product_class_info_dd,ds_qm_ro,SELECT,,浜у搧鍒嗙被缁村害琛?
dw,dim_public_reference_data_dd,ds_qm_ro,SELECT,,婧愮郴缁熸棤娉ㄩ噴
dw,dim_supplier_base_info_dd,ds_qm_ro,SELECT,,渚涘簲鍟嗕富鏁版嵁鍩烘湰淇℃伅
dw,dim_supplier_company_info_dd,ds_qm_ro,SELECT,,渚涘簲鍟?鍏徃瑙嗗浘
ods,odss990_ZMDGT139,ds_qm_ro,SELECT,,
ods,odss990_ZMDGT150,ds_qm_ro,SELECT,,
ods,odss990_ZMDGT153,ds_qm_ro,SELECT,,
ods,odss990_tgsb,ds_qm_ro,SELECT,,涓氬姟鑼冨洿
ods,odss990_zmdgt134,ds_qm_ro,SELECT,,鍔犺浇鏃堕棿
ods,odss990_zmdgt137,ds_qm_ro,SELECT,,涓氬姟鑼冨洿鍜屽叕鍙镐唬鐮佸叧绯?
ods,odss990_zmdgt138,ds_qm_ro,SELECT,,鍋滅敤鏍囪瘑
ods,odss990_zmdgt143,ds_qm_ro,SELECT,,鍒╂鼎涓績涓庢垚鏈腑蹇冨叧绯昏〃
ods,odss990_zmdgt144,ds_qm_ro,SELECT,,涓氬姟鑼冨洿涓庢垚鏈腑蹇冨叧绯昏〃
dim,dim_mhr_mos_org_base_info_dd,ds_voc_ro,SELECT,,缁勭粐涓绘暟鎹熀鏈俊鎭?
dim,dim_mk_shop_detail_dd,ds_voc_ro,SELECT,,闂ㄥ簵鏄庣粏琛?
dim,dim_mk_shop_info_dd,ds_voc_ro,SELECT,,闂ㄥ簵鍩虹淇℃伅琛?
dim,dim_ref_data_dd,ds_voc_ro,SELECT,,鍙傝€冩暟鎹?缂栫爜缁村害琛?
dim,dim_ref_quote_code_dd,ds_voc_ro,SELECT,,鍙傝€冩暟鎹?浠ｇ爜缁村害琛?
dw,dim_adm_china_dd,ds_voc_ro,SELECT,,鍖哄煙-涓浗琛屾斂鍖哄垝
dw,dim_attr_value_info_dd,ds_voc_ro,SELECT,,灞炴€у€间俊鎭淮搴﹁〃
dw,dim_customer_base_info_dd,ds_voc_ro,SELECT,,瀹㈡埛涓绘暟鎹熀鏈俊鎭?
dw,dim_customer_trade_info_dd,ds_voc_ro,SELECT,,瀹㈡埛璐告槗鍏崇郴淇℃伅淇℃伅
dw,dim_date_nd,ds_voc_ro,SELECT,,鏃ユ湡缁村害涓昏〃
dw,dim_material_attr_info_dd,ds_voc_ro,SELECT,,鐗╂枡瀵瑰簲灞炴€у強灞炴€у€间俊鎭?
dw,dim_material_base_info_dd,ds_voc_ro,SELECT,,鐗╂枡涓绘暟鎹熀鏈俊鎭?
dw,dim_material_class_attr_mapping_dd,ds_voc_ro,SELECT,,鐗╂枡鍒嗙被-灞炴€у叧绯绘槧灏勮〃
dw,dim_material_class_info_dd,ds_voc_ro,SELECT,,鐗╂枡鍒嗙被淇℃伅骞抽摵灞曠ず琛?
dw,dim_material_sap_compare_dd,ds_voc_ro,SELECT,,鐗╂枡绯荤粺缂栫爜瀵圭収
dw,dim_product_addl_info_dd,ds_voc_ro,SELECT,,浜у搧闄勫姞淇℃伅-鐗╂枡缁勩€侀攢鍞粍缁囦俊鎭?
dw,dim_product_attr_info_dd,ds_voc_ro,SELECT,,浜у搧瀵瑰簲灞炴€у強灞炴€у€间俊鎭?
dw,dim_product_base_info_dd,ds_voc_ro,SELECT,,浜у搧涓绘暟鎹熀鏈俊鎭?
dw,dim_product_base_info_nd,ds_voc_ro,SELECT,,鐭ヨ瘑搴?浜у搧灞炴€т俊鎭?
dw,dim_product_class_info_dd,ds_voc_ro,SELECT,,浜у搧鍒嗙被缁村害琛?
dw,dim_public_reference_data_dd,ds_voc_ro,SELECT,,婧愮郴缁熸棤娉ㄩ噴
dw,dim_supplier_base_info_dd,ds_voc_ro,SELECT,,渚涘簲鍟嗕富鏁版嵁鍩烘湰淇℃伅
dw,dim_supplier_company_info_dd,ds_voc_ro,SELECT,,渚涘簲鍟?鍏徃瑙嗗浘
ods,odss990_ZMDGT139,ds_voc_ro,SELECT,,
ods,odss990_ZMDGT150,ds_voc_ro,SELECT,,
ods,odss990_ZMDGT153,ds_voc_ro,SELECT,,
ods,odss990_tgsb,ds_voc_ro,SELECT,,涓氬姟鑼冨洿
ods,odss990_zmdgt134,ds_voc_ro,SELECT,,鍔犺浇鏃堕棿
ods,odss990_zmdgt137,ds_voc_ro,SELECT,,涓氬姟鑼冨洿鍜屽叕鍙镐唬鐮佸叧绯?
ods,odss990_zmdgt138,ds_voc_ro,SELECT,,鍋滅敤鏍囪瘑
ods,odss990_zmdgt143,ds_voc_ro,SELECT,,鍒╂鼎涓績涓庢垚鏈腑蹇冨叧绯昏〃
ods,odss990_zmdgt144,ds_voc_ro,SELECT,,涓氬姟鑼冨洿涓庢垚鏈腑蹇冨叧绯昏〃
dim,dim_mhr_mos_org_base_info_dd,ds_nzkjai_rw,SELECT,,缁勭粐涓绘暟鎹熀鏈俊鎭?
dim,dim_mk_shop_detail_dd,ds_nzkjai_rw,SELECT,,闂ㄥ簵鏄庣粏琛?
dim,dim_mk_shop_info_dd,ds_nzkjai_rw,SELECT,,闂ㄥ簵鍩虹淇℃伅琛?
dim,dim_ref_data_dd,ds_nzkjai_rw,SELECT,,鍙傝€冩暟鎹?缂栫爜缁村害琛?
dim,dim_ref_quote_code_dd,ds_nzkjai_rw,SELECT,,鍙傝€冩暟鎹?浠ｇ爜缁村害琛?
dw,dim_adm_china_dd,ds_nzkjai_rw,SELECT,,鍖哄煙-涓浗琛屾斂鍖哄垝
dw,dim_attr_value_info_dd,ds_nzkjai_rw,SELECT,,灞炴€у€间俊鎭淮搴﹁〃
dw,dim_customer_base_info_dd,ds_nzkjai_rw,SELECT,,瀹㈡埛涓绘暟鎹熀鏈俊鎭?
dw,dim_customer_trade_info_dd,ds_nzkjai_rw,SELECT,,瀹㈡埛璐告槗鍏崇郴淇℃伅淇℃伅
dw,dim_date_nd,ds_nzkjai_rw,SELECT,,鏃ユ湡缁村害涓昏〃
dw,dim_material_attr_info_dd,ds_nzkjai_rw,SELECT,,鐗╂枡瀵瑰簲灞炴€у強灞炴€у€间俊鎭?
dw,dim_material_base_info_dd,ds_nzkjai_rw,SELECT,,鐗╂枡涓绘暟鎹熀鏈俊鎭?
dw,dim_material_class_attr_mapping_dd,ds_nzkjai_rw,SELECT,,鐗╂枡鍒嗙被-灞炴€у叧绯绘槧灏勮〃
dw,dim_material_class_info_dd,ds_nzkjai_rw,SELECT,,鐗╂枡鍒嗙被淇℃伅骞抽摵灞曠ず琛?
dw,dim_material_sap_compare_dd,ds_nzkjai_rw,SELECT,,鐗╂枡绯荤粺缂栫爜瀵圭収
dw,dim_product_addl_info_dd,ds_nzkjai_rw,SELECT,,浜у搧闄勫姞淇℃伅-鐗╂枡缁勩€侀攢鍞粍缁囦俊鎭?
dw,dim_product_attr_info_dd,ds_nzkjai_rw,SELECT,,浜у搧瀵瑰簲灞炴€у強灞炴€у€间俊鎭?
dw,dim_product_base_info_dd,ds_nzkjai_rw,SELECT,,浜у搧涓绘暟鎹熀鏈俊鎭?
dw,dim_product_base_info_nd,ds_nzkjai_rw,SELECT,,鐭ヨ瘑搴?浜у搧灞炴€т俊鎭?
dw,dim_product_class_info_dd,ds_nzkjai_rw,SELECT,,浜у搧鍒嗙被缁村害琛?
dw,dim_public_reference_data_dd,ds_nzkjai_rw,SELECT,,婧愮郴缁熸棤娉ㄩ噴
dw,dim_supplier_base_info_dd,ds_nzkjai_rw,SELECT,,渚涘簲鍟嗕富鏁版嵁鍩烘湰淇℃伅
dw,dim_supplier_company_info_dd,ds_nzkjai_rw,SELECT,,渚涘簲鍟?鍏徃瑙嗗浘
ods,odss990_ZMDGT139,ds_nzkjai_rw,SELECT,,
ods,odss990_ZMDGT150,ds_nzkjai_rw,SELECT,,
ods,odss990_ZMDGT153,ds_nzkjai_rw,SELECT,,
ods,odss990_tgsb,ds_nzkjai_rw,SELECT,,涓氬姟鑼冨洿
ods,odss990_zmdgt134,ds_nzkjai_rw,SELECT,,鍔犺浇鏃堕棿
ods,odss990_zmdgt137,ds_nzkjai_rw,SELECT,,涓氬姟鑼冨洿鍜屽叕鍙镐唬鐮佸叧绯?
ods,odss990_zmdgt138,ds_nzkjai_rw,SELECT,,鍋滅敤鏍囪瘑
ods,odss990_zmdgt143,ds_nzkjai_rw,SELECT,,鍒╂鼎涓績涓庢垚鏈腑蹇冨叧绯昏〃
ods,odss990_zmdgt144,ds_nzkjai_rw,SELECT,,涓氬姟鑼冨洿涓庢垚鏈腑蹇冨叧绯昏〃
dim,dim_mhr_mos_org_base_info_dd,ds_fdc_jybb_ro,SELECT,,缁勭粐涓绘暟鎹熀鏈俊鎭?
dim,dim_mk_shop_detail_dd,ds_fdc_jybb_ro,SELECT,,闂ㄥ簵鏄庣粏琛?
dim,dim_mk_shop_info_dd,ds_fdc_jybb_ro,SELECT,,闂ㄥ簵鍩虹淇℃伅琛?
dim,dim_ref_data_dd,ds_fdc_jybb_ro,SELECT,,鍙傝€冩暟鎹?缂栫爜缁村害琛?
dim,dim_ref_quote_code_dd,ds_fdc_jybb_ro,SELECT,,鍙傝€冩暟鎹?浠ｇ爜缁村害琛?
dw,dim_adm_china_dd,ds_fdc_jybb_ro,SELECT,,鍖哄煙-涓浗琛屾斂鍖哄垝
dw,dim_attr_value_info_dd,ds_fdc_jybb_ro,SELECT,,灞炴€у€间俊鎭淮搴﹁〃
dw,dim_customer_base_info_dd,ds_fdc_jybb_ro,SELECT,,瀹㈡埛涓绘暟鎹熀鏈俊鎭?
dw,dim_customer_trade_info_dd,ds_fdc_jybb_ro,SELECT,,瀹㈡埛璐告槗鍏崇郴淇℃伅淇℃伅
dw,dim_date_nd,ds_fdc_jybb_ro,SELECT,,鏃ユ湡缁村害涓昏〃
dw,dim_material_attr_info_dd,ds_fdc_jybb_ro,SELECT,,鐗╂枡瀵瑰簲灞炴€у強灞炴€у€间俊鎭?
dw,dim_material_base_info_dd,ds_fdc_jybb_ro,SELECT,,鐗╂枡涓绘暟鎹熀鏈俊鎭?
dw,dim_material_class_attr_mapping_dd,ds_fdc_jybb_ro,SELECT,,鐗╂枡鍒嗙被-灞炴€у叧绯绘槧灏勮〃
dw,dim_material_class_info_dd,ds_fdc_jybb_ro,SELECT,,鐗╂枡鍒嗙被淇℃伅骞抽摵灞曠ず琛?
dw,dim_material_sap_compare_dd,ds_fdc_jybb_ro,SELECT,,鐗╂枡绯荤粺缂栫爜瀵圭収
dw,dim_product_addl_info_dd,ds_fdc_jybb_ro,SELECT,,浜у搧闄勫姞淇℃伅-鐗╂枡缁勩€侀攢鍞粍缁囦俊鎭?
dw,dim_product_attr_info_dd,ds_fdc_jybb_ro,SELECT,,浜у搧瀵瑰簲灞炴€у強灞炴€у€间俊鎭?
dw,dim_product_base_info_dd,ds_fdc_jybb_ro,SELECT,,浜у搧涓绘暟鎹熀鏈俊鎭?
dw,dim_product_base_info_nd,ds_fdc_jybb_ro,SELECT,,鐭ヨ瘑搴?浜у搧灞炴€т俊鎭?
dw,dim_product_class_info_dd,ds_fdc_jybb_ro,SELECT,,浜у搧鍒嗙被缁村害琛?
dw,dim_public_reference_data_dd,ds_fdc_jybb_ro,SELECT,,婧愮郴缁熸棤娉ㄩ噴
dw,dim_supplier_base_info_dd,ds_fdc_jybb_ro,SELECT,,渚涘簲鍟嗕富鏁版嵁鍩烘湰淇℃伅
dw,dim_supplier_company_info_dd,ds_fdc_jybb_ro,SELECT,,渚涘簲鍟?鍏徃瑙嗗浘
ods,odss990_ZMDGT139,ds_fdc_jybb_ro,SELECT,,
ods,odss990_ZMDGT150,ds_fdc_jybb_ro,SELECT,,
ods,odss990_ZMDGT153,ds_fdc_jybb_ro,SELECT,,
ods,odss990_tgsb,ds_fdc_jybb_ro,SELECT,,涓氬姟鑼冨洿
ods,odss990_zmdgt134,ds_fdc_jybb_ro,SELECT,,鍔犺浇鏃堕棿
ods,odss990_zmdgt137,ds_fdc_jybb_ro,SELECT,,涓氬姟鑼冨洿鍜屽叕鍙镐唬鐮佸叧绯?
ods,odss990_zmdgt138,ds_fdc_jybb_ro,SELECT,,鍋滅敤鏍囪瘑
ods,odss990_zmdgt143,ds_fdc_jybb_ro,SELECT,,鍒╂鼎涓績涓庢垚鏈腑蹇冨叧绯昏〃
ods,odss990_zmdgt144,ds_fdc_jybb_ro,SELECT,,涓氬姟鑼冨洿涓庢垚鏈腑蹇冨叧绯昏〃
ads,ads_mm_mmc_new_productcost_mi,ds_hac_rw,SELECT,,鏃ョ珛鏂板搧鎴愭湰鍒嗘瀽_鏈€缁堣緭鍑鸿〃
ads,ads_mm_mmc_new_productcost_mi,ds_hac_rw,INSERT,,鏃ョ珛鏂板搧鎴愭湰鍒嗘瀽_鏈€缁堣緭鍑鸿〃
ads,ads_mm_mmc_new_productcost_mi,ds_hac_rw,DROP,,鏃ョ珛鏂板搧鎴愭湰鍒嗘瀽_鏈€缁堣緭鍑鸿〃
dim,dim_mhr_mos_org_base_info_dd,ds_hac_rw,SELECT,,缁勭粐涓绘暟鎹熀鏈俊鎭?
dim,dim_mk_shop_detail_dd,ds_hac_rw,SELECT,,闂ㄥ簵鏄庣粏琛?
dim,dim_mk_shop_info_dd,ds_hac_rw,SELECT,,闂ㄥ簵鍩虹淇℃伅琛?
dim,dim_ref_data_dd,ds_hac_rw,SELECT,,鍙傝€冩暟鎹?缂栫爜缁村害琛?
dim,dim_ref_quote_code_dd,ds_hac_rw,SELECT,,鍙傝€冩暟鎹?浠ｇ爜缁村害琛?
dw,dim_adm_china_dd,ds_hac_rw,SELECT,,鍖哄煙-涓浗琛屾斂鍖哄垝
dw,dim_attr_value_info_dd,ds_hac_rw,SELECT,,灞炴€у€间俊鎭淮搴﹁〃
dw,dim_customer_base_info_dd,ds_hac_rw,SELECT,,瀹㈡埛涓绘暟鎹熀鏈俊鎭?
dw,dim_customer_trade_info_dd,ds_hac_rw,SELECT,,瀹㈡埛璐告槗鍏崇郴淇℃伅淇℃伅
dw,dim_date_nd,ds_hac_rw,SELECT,,鏃ユ湡缁村害涓昏〃
dw,dim_material_attr_info_dd,ds_hac_rw,SELECT,,鐗╂枡瀵瑰簲灞炴€у強灞炴€у€间俊鎭?
dw,dim_material_base_info_dd,ds_hac_rw,SELECT,,鐗╂枡涓绘暟鎹熀鏈俊鎭?
dw,dim_material_class_attr_mapping_dd,ds_hac_rw,SELECT,,鐗╂枡鍒嗙被-灞炴€у叧绯绘槧灏勮〃
dw,dim_material_class_info_dd,ds_hac_rw,SELECT,,鐗╂枡鍒嗙被淇℃伅骞抽摵灞曠ず琛?
dw,dim_material_sap_compare_dd,ds_hac_rw,SELECT,,鐗╂枡绯荤粺缂栫爜瀵圭収
dw,dim_product_addl_info_dd,ds_hac_rw,SELECT,,浜у搧闄勫姞淇℃伅-鐗╂枡缁勩€侀攢鍞粍缁囦俊鎭?
dw,dim_product_attr_info_dd,ds_hac_rw,SELECT,,浜у搧瀵瑰簲灞炴€у強灞炴€у€间俊鎭?
dw,dim_product_base_info_dd,ds_hac_rw,SELECT,,浜у搧涓绘暟鎹熀鏈俊鎭?
dw,dim_product_base_info_nd,ds_hac_rw,SELECT,,鐭ヨ瘑搴?浜у搧灞炴€т俊鎭?
dw,dim_product_class_info_dd,ds_hac_rw,SELECT,,浜у搧鍒嗙被缁村害琛?
dw,dim_public_reference_data_dd,ds_hac_rw,SELECT,,婧愮郴缁熸棤娉ㄩ噴
dw,dim_supplier_base_info_dd,ds_hac_rw,SELECT,,渚涘簲鍟嗕富鏁版嵁鍩烘湰淇℃伅
dw,dim_supplier_company_info_dd,ds_hac_rw,SELECT,,渚涘簲鍟?鍏徃瑙嗗浘
ods,odsemp_sms_hac_hh_gj_contract,ds_hac_rw,SELECT,,婧愮郴缁熸棤娉ㄩ噴
ods,odsemp_sms_hac_hh_gj_contract_detail,ds_hac_rw,SELECT,,鍥介檯鍚堝悓鏄庣粏琛?
ods,odsemp_sms_hac_hh_gj_tr_detial,ds_hac_rw,SELECT,,娴峰鍙戣揣閫氱煡鍗曟槑缁?
ods,odsemp_sms_hac_hh_gj_tr_notice,ds_hac_rw,SELECT,,娴峰鍙戣揣閫氱煡鍗?
ods,odsemp_sms_hac_hise_country,ds_hac_rw,SELECT,,鍥藉淇℃伅琛?
ods,odsemp_sms_hac_hise_dept,ds_hac_rw,SELECT,,缁勭粐琛?
ods,odsplm_hac_product_info,ds_hac_rw,SELECT,,椤圭洰銆佷骇鍝佸搴斿叧绯?
ods,odsplm_hac_sap_info,ds_hac_rw,SELECT,,婧愮郴缁熸棤娉ㄩ噴
ods,odss700_mara,ds_hac_rw,SELECT,,婧愮郴缁熸棤娉ㄩ噴
ods,odss700_zexpl_bom,ds_hac_rw,SELECT,,婧愮郴缁熸棤娉ㄩ噴
ods,odss990_ZMDGT139,ds_hac_rw,SELECT,,
ods,odss990_ZMDGT150,ds_hac_rw,SELECT,,
ods,odss990_ZMDGT153,ds_hac_rw,SELECT,,
ods,odss990_tgsb,ds_hac_rw,SELECT,,涓氬姟鑼冨洿
ods,odss990_zmdgt134,ds_hac_rw,SELECT,,鍔犺浇鏃堕棿
ods,odss990_zmdgt137,ds_hac_rw,SELECT,,涓氬姟鑼冨洿鍜屽叕鍙镐唬鐮佸叧绯?
ods,odss990_zmdgt138,ds_hac_rw,SELECT,,鍋滅敤鏍囪瘑
ods,odss990_zmdgt143,ds_hac_rw,SELECT,,鍒╂鼎涓績涓庢垚鏈腑蹇冨叧绯昏〃
ods,odss990_zmdgt144,ds_hac_rw,SELECT,,涓氬姟鑼冨洿涓庢垚鏈腑蹇冨叧绯昏〃
ods,odssrmn_md_supp_client,ds_hac_rw,SELECT,,渚涘簲鍟哠AP缂栫爜琛?
dim,dim_mhr_mos_org_base_info_dd,ds_htmp_rw,SELECT,,缁勭粐涓绘暟鎹熀鏈俊鎭?
dim,dim_mk_shop_detail_dd,ds_htmp_rw,SELECT,,闂ㄥ簵鏄庣粏琛?
dim,dim_mk_shop_info_dd,ds_htmp_rw,SELECT,,闂ㄥ簵鍩虹淇℃伅琛?
dim,dim_ref_data_dd,ds_htmp_rw,SELECT,,鍙傝€冩暟鎹?缂栫爜缁村害琛?
dim,dim_ref_quote_code_dd,ds_htmp_rw,SELECT,,鍙傝€冩暟鎹?浠ｇ爜缁村害琛?
dw,dim_adm_china_dd,ds_htmp_rw,SELECT,,鍖哄煙-涓浗琛屾斂鍖哄垝
dw,dim_attr_value_info_dd,ds_htmp_rw,SELECT,,灞炴€у€间俊鎭淮搴﹁〃
dw,dim_customer_base_info_dd,ds_htmp_rw,SELECT,,瀹㈡埛涓绘暟鎹熀鏈俊鎭?
dw,dim_customer_trade_info_dd,ds_htmp_rw,SELECT,,瀹㈡埛璐告槗鍏崇郴淇℃伅淇℃伅
dw,dim_date_nd,ds_htmp_rw,SELECT,,鏃ユ湡缁村害涓昏〃
dw,dim_material_attr_info_dd,ds_htmp_rw,SELECT,,鐗╂枡瀵瑰簲灞炴€у強灞炴€у€间俊鎭?
dw,dim_material_base_info_dd,ds_htmp_rw,SELECT,,鐗╂枡涓绘暟鎹熀鏈俊鎭?
dw,dim_material_class_attr_mapping_dd,ds_htmp_rw,SELECT,,鐗╂枡鍒嗙被-灞炴€у叧绯绘槧灏勮〃
dw,dim_material_class_info_dd,ds_htmp_rw,SELECT,,鐗╂枡鍒嗙被淇℃伅骞抽摵灞曠ず琛?
dw,dim_material_sap_compare_dd,ds_htmp_rw,SELECT,,鐗╂枡绯荤粺缂栫爜瀵圭収
dw,dim_product_addl_info_dd,ds_htmp_rw,SELECT,,浜у搧闄勫姞淇℃伅-鐗╂枡缁勩€侀攢鍞粍缁囦俊鎭?
dw,dim_product_attr_info_dd,ds_htmp_rw,SELECT,,浜у搧瀵瑰簲灞炴€у強灞炴€у€间俊鎭?
dw,dim_product_base_info_dd,ds_htmp_rw,SELECT,,浜у搧涓绘暟鎹熀鏈俊鎭?
dw,dim_product_base_info_nd,ds_htmp_rw,SELECT,,鐭ヨ瘑搴?浜у搧灞炴€т俊鎭?
dw,dim_product_class_info_dd,ds_htmp_rw,SELECT,,浜у搧鍒嗙被缁村害琛?
dw,dim_public_reference_data_dd,ds_htmp_rw,SELECT,,婧愮郴缁熸棤娉ㄩ噴
dw,dim_supplier_base_info_dd,ds_htmp_rw,SELECT,,渚涘簲鍟嗕富鏁版嵁鍩烘湰淇℃伅
dw,dim_supplier_company_info_dd,ds_htmp_rw,SELECT,,渚涘簲鍟?鍏徃瑙嗗浘
ods,odss990_ZMDGT139,ds_htmp_rw,SELECT,,
ods,odss990_ZMDGT150,ds_htmp_rw,SELECT,,
ods,odss990_ZMDGT153,ds_htmp_rw,SELECT,,
ods,odss990_tgsb,ds_htmp_rw,SELECT,,涓氬姟鑼冨洿
ods,odss990_zmdgt134,ds_htmp_rw,SELECT,,鍔犺浇鏃堕棿
ods,odss990_zmdgt137,ds_htmp_rw,SELECT,,涓氬姟鑼冨洿鍜屽叕鍙镐唬鐮佸叧绯?
ods,odss990_zmdgt138,ds_htmp_rw,SELECT,,鍋滅敤鏍囪瘑
ods,odss990_zmdgt143,ds_htmp_rw,SELECT,,鍒╂鼎涓績涓庢垚鏈腑蹇冨叧绯昏〃
ods,odss990_zmdgt144,ds_htmp_rw,SELECT,,涓氬姟鑼冨洿涓庢垚鏈腑蹇冨叧绯昏〃
dim,dim_mhr_mos_org_base_info_dd,ds_fdc_jybb_rw,SELECT,,缁勭粐涓绘暟鎹熀鏈俊鎭?
dim,dim_mk_shop_detail_dd,ds_fdc_jybb_rw,SELECT,,闂ㄥ簵鏄庣粏琛?
dim,dim_mk_shop_info_dd,ds_fdc_jybb_rw,SELECT,,闂ㄥ簵鍩虹淇℃伅琛?
dim,dim_ref_data_dd,ds_fdc_jybb_rw,SELECT,,鍙傝€冩暟鎹?缂栫爜缁村害琛?
dim,dim_ref_quote_code_dd,ds_fdc_jybb_rw,SELECT,,鍙傝€冩暟鎹?浠ｇ爜缁村害琛?
dw,dim_adm_china_dd,ds_fdc_jybb_rw,SELECT,,鍖哄煙-涓浗琛屾斂鍖哄垝
dw,dim_attr_value_info_dd,ds_fdc_jybb_rw,SELECT,,灞炴€у€间俊鎭淮搴﹁〃
dw,dim_customer_base_info_dd,ds_fdc_jybb_rw,SELECT,,瀹㈡埛涓绘暟鎹熀鏈俊鎭?
dw,dim_customer_trade_info_dd,ds_fdc_jybb_rw,SELECT,,瀹㈡埛璐告槗鍏崇郴淇℃伅淇℃伅
dw,dim_date_nd,ds_fdc_jybb_rw,SELECT,,鏃ユ湡缁村害涓昏〃
dw,dim_material_attr_info_dd,ds_fdc_jybb_rw,SELECT,,鐗╂枡瀵瑰簲灞炴€у強灞炴€у€间俊鎭?
dw,dim_material_base_info_dd,ds_fdc_jybb_rw,SELECT,,鐗╂枡涓绘暟鎹熀鏈俊鎭?
dw,dim_material_class_attr_mapping_dd,ds_fdc_jybb_rw,SELECT,,鐗╂枡鍒嗙被-灞炴€у叧绯绘槧灏勮〃
dw,dim_material_class_info_dd,ds_fdc_jybb_rw,SELECT,,鐗╂枡鍒嗙被淇℃伅骞抽摵灞曠ず琛?
dw,dim_material_sap_compare_dd,ds_fdc_jybb_rw,SELECT,,鐗╂枡绯荤粺缂栫爜瀵圭収
dw,dim_product_addl_info_dd,ds_fdc_jybb_rw,SELECT,,浜у搧闄勫姞淇℃伅-鐗╂枡缁勩€侀攢鍞粍缁囦俊鎭?
dw,dim_product_attr_info_dd,ds_fdc_jybb_rw,SELECT,,浜у搧瀵瑰簲灞炴€у強灞炴€у€间俊鎭?
dw,dim_product_base_info_dd,ds_fdc_jybb_rw,SELECT,,浜у搧涓绘暟鎹熀鏈俊鎭?
dw,dim_product_base_info_nd,ds_fdc_jybb_rw,SELECT,,鐭ヨ瘑搴?浜у搧灞炴€т俊鎭?
dw,dim_product_class_info_dd,ds_fdc_jybb_rw,SELECT,,浜у搧鍒嗙被缁村害琛?
dw,dim_public_reference_data_dd,ds_fdc_jybb_rw,SELECT,,婧愮郴缁熸棤娉ㄩ噴
dw,dim_supplier_base_info_dd,ds_fdc_jybb_rw,SELECT,,渚涘簲鍟嗕富鏁版嵁鍩烘湰淇℃伅
dw,dim_supplier_company_info_dd,ds_fdc_jybb_rw,SELECT,,渚涘簲鍟?鍏徃瑙嗗浘
ods,odss990_ZMDGT139,ds_fdc_jybb_rw,SELECT,,
ods,odss990_ZMDGT150,ds_fdc_jybb_rw,SELECT,,
ods,odss990_ZMDGT153,ds_fdc_jybb_rw,SELECT,,
ods,odss990_tgsb,ds_fdc_jybb_rw,SELECT,,涓氬姟鑼冨洿
ods,odss990_zmdgt134,ds_fdc_jybb_rw,SELECT,,鍔犺浇鏃堕棿
ods,odss990_zmdgt137,ds_fdc_jybb_rw,SELECT,,涓氬姟鑼冨洿鍜屽叕鍙镐唬鐮佸叧绯?
ods,odss990_zmdgt138,ds_fdc_jybb_rw,SELECT,,鍋滅敤鏍囪瘑
ods,odss990_zmdgt143,ds_fdc_jybb_rw,SELECT,,鍒╂鼎涓績涓庢垚鏈腑蹇冨叧绯昏〃
ods,odss990_zmdgt144,ds_fdc_jybb_rw,SELECT,,涓氬姟鑼冨洿涓庢垚鏈腑蹇冨叧绯昏〃
dim,dim_mhr_mos_org_base_info_dd,ds_hac_ro,SELECT,,缁勭粐涓绘暟鎹熀鏈俊鎭?
dim,dim_mk_shop_detail_dd,ds_hac_ro,SELECT,,闂ㄥ簵鏄庣粏琛?
dim,dim_mk_shop_info_dd,ds_hac_ro,SELECT,,闂ㄥ簵鍩虹淇℃伅琛?
dim,dim_ref_data_dd,ds_hac_ro,SELECT,,鍙傝€冩暟鎹?缂栫爜缁村害琛?
dim,dim_ref_quote_code_dd,ds_hac_ro,SELECT,,鍙傝€冩暟鎹?浠ｇ爜缁村害琛?
dw,dim_adm_china_dd,ds_hac_ro,SELECT,,鍖哄煙-涓浗琛屾斂鍖哄垝
dw,dim_attr_value_info_dd,ds_hac_ro,SELECT,,灞炴€у€间俊鎭淮搴﹁〃
dw,dim_customer_base_info_dd,ds_hac_ro,SELECT,,瀹㈡埛涓绘暟鎹熀鏈俊鎭?
dw,dim_customer_trade_info_dd,ds_hac_ro,SELECT,,瀹㈡埛璐告槗鍏崇郴淇℃伅淇℃伅
dw,dim_date_nd,ds_hac_ro,SELECT,,鏃ユ湡缁村害涓昏〃
dw,dim_material_attr_info_dd,ds_hac_ro,SELECT,,鐗╂枡瀵瑰簲灞炴€у強灞炴€у€间俊鎭?
dw,dim_material_base_info_dd,ds_hac_ro,SELECT,,鐗╂枡涓绘暟鎹熀鏈俊鎭?
dw,dim_material_class_attr_mapping_dd,ds_hac_ro,SELECT,,鐗╂枡鍒嗙被-灞炴€у叧绯绘槧灏勮〃
dw,dim_material_class_info_dd,ds_hac_ro,SELECT,,鐗╂枡鍒嗙被淇℃伅骞抽摵灞曠ず琛?
dw,dim_material_sap_compare_dd,ds_hac_ro,SELECT,,鐗╂枡绯荤粺缂栫爜瀵圭収
dw,dim_product_addl_info_dd,ds_hac_ro,SELECT,,浜у搧闄勫姞淇℃伅-鐗╂枡缁勩€侀攢鍞粍缁囦俊鎭?
dw,dim_product_attr_info_dd,ds_hac_ro,SELECT,,浜у搧瀵瑰簲灞炴€у強灞炴€у€间俊鎭?
dw,dim_product_base_info_dd,ds_hac_ro,SELECT,,浜у搧涓绘暟鎹熀鏈俊鎭?
dw,dim_product_base_info_nd,ds_hac_ro,SELECT,,鐭ヨ瘑搴?浜у搧灞炴€т俊鎭?
dw,dim_product_class_info_dd,ds_hac_ro,SELECT,,浜у搧鍒嗙被缁村害琛?
dw,dim_public_reference_data_dd,ds_hac_ro,SELECT,,婧愮郴缁熸棤娉ㄩ噴
dw,dim_supplier_base_info_dd,ds_hac_ro,SELECT,,渚涘簲鍟嗕富鏁版嵁鍩烘湰淇℃伅
dw,dim_supplier_company_info_dd,ds_hac_ro,SELECT,,渚涘簲鍟?鍏徃瑙嗗浘
ods,odsplm_hac_product_info,ds_hac_ro,SELECT,,椤圭洰銆佷骇鍝佸搴斿叧绯?
ods,odss700_zexpl_bom,ds_hac_ro,SELECT,,婧愮郴缁熸棤娉ㄩ噴
ods,odss990_ZMDGT139,ds_hac_ro,SELECT,,
ods,odss990_ZMDGT150,ds_hac_ro,SELECT,,
ods,odss990_ZMDGT153,ds_hac_ro,SELECT,,
ods,odss990_tgsb,ds_hac_ro,SELECT,,涓氬姟鑼冨洿
ods,odss990_zmdgt134,ds_hac_ro,SELECT,,鍔犺浇鏃堕棿
ods,odss990_zmdgt137,ds_hac_ro,SELECT,,涓氬姟鑼冨洿鍜屽叕鍙镐唬鐮佸叧绯?
ods,odss990_zmdgt138,ds_hac_ro,SELECT,,鍋滅敤鏍囪瘑
ods,odss990_zmdgt143,ds_hac_ro,SELECT,,鍒╂鼎涓績涓庢垚鏈腑蹇冨叧绯昏〃
ods,odss990_zmdgt144,ds_hac_ro,SELECT,,涓氬姟鑼冨洿涓庢垚鏈腑蹇冨叧绯昏〃
ads,ads_ipd_ipm_product_delivery_result_dd,ds_export_rw,SELECT,,浜у搧鍙婃椂浜や粯鐜囩粨鏋滆〃
ads,ads_ipd_ipm_trzstgl_result_dd,ds_export_rw,SELECT,,椤圭洰鍑嗘椂閫氳繃鐜囩粨鏋滆〃
ads,ads_ipd_irs_tywl_wlk_results_dd,ds_export_rw,SELECT,,鍚勭墿鏂欏簱缁撴灉鍊?
dim,dim_ipd_hdrp_project_dd,ds_export_rw,SELECT,,HDRP椤圭洰鍩烘湰淇℃伅琛?
dim,dim_ipd_productionversion_dd,ds_export_rw,SELECT,,鐢熶骇鐗堟湰鍩虹淇℃伅琛?
dim,dim_ipd_productmodel_dd,ds_export_rw,SELECT,,鐧界數浜у搧鍨嬪彿鍩虹淇℃伅琛?
dim,dim_ipd_salemodel_dd,ds_export_rw,SELECT,,閿€鍞瀷鍙峰熀纭€淇℃伅琛?
dim,dim_mhr_mos_org_base_info_dd,ds_export_rw,SELECT,,缁勭粐涓绘暟鎹熀鏈俊鎭?
dim,dim_ref_data_dd,ds_export_rw,SELECT,,鍙傝€冩暟鎹?缂栫爜缁村害琛?
dim,dim_ref_quote_code_dd,ds_export_rw,SELECT,,鍙傝€冩暟鎹?浠ｇ爜缁村害琛?
dw,dim_attr_value_info_dd,ds_export_rw,SELECT,,灞炴€у€间俊鎭淮搴﹁〃
dw,dim_product_base_info_dd,ds_export_rw,SELECT,,浜у搧涓绘暟鎹熀鏈俊鎭?
dw,dwd_dt_data_asset_extract_analyze,ds_export_rw,SELECT,,闆嗗洟鍏ユ箹琛ㄦ眹鎬?
dwd,dwd_data_quality_monitor_rule_detail_wide,ds_export_rw,SELECT,,鏁版嵁璐ㄩ噺鐩戞帶瑙勫垯鏄庣粏瀹借〃
dws,dws_ipd_ipm_product_delivery_detail_dd,ds_export_rw,SELECT,,浜у搧鍙婃椂浜や粯鐜囨槑缁嗚〃
dws,dws_ipd_ipm_trzstgl_detail_dd,ds_export_rw,SELECT,,椤圭洰鍑嗘椂閫氳繃鐜囨槑缁嗚〃
dws,dws_ipd_ipm_zcmodel_detail_dd,ds_export_rw,SELECT,,鍦ㄤ骇鍨嬪彿鏁版槑缁嗚〃
dws,dws_ipd_irs_tywl_cgwlk_detail_dd,ds_export_rw,SELECT,,閲囪喘鐗╂枡搴撴槑缁?
dws,dws_ipd_irs_tywl_zzwlk_detail_dd,ds_export_rw,SELECT,,鑷埗鐗╂枡搴撴槑缁?
ods,odscis_cust_info,ds_export_rw,SELECT,,鍟嗗鍩虹淇℃伅-鐢熸晥
ods,odscis_fw_org,ds_export_rw,SELECT,,缁勭粐
ods,odscis_fw_property,ds_export_rw,SELECT,,瀛楀吀鏁版嵁
ods,odss600_mara,ds_export_rw,SELECT,,婧愮郴缁熸棤娉ㄩ噴
ods,odss600_marc,ds_export_rw,SELECT,,婧愮郴缁熸棤娉ㄩ噴
dim,dim_mhr_mos_org_base_info_dd,ds_bxgs_zz_ro,SELECT,,缁勭粐涓绘暟鎹熀鏈俊鎭?
dim,dim_mk_shop_detail_dd,ds_bxgs_zz_ro,SELECT,,闂ㄥ簵鏄庣粏琛?
dim,dim_mk_shop_info_dd,ds_bxgs_zz_ro,SELECT,,闂ㄥ簵鍩虹淇℃伅琛?
dim,dim_ref_data_dd,ds_bxgs_zz_ro,SELECT,,鍙傝€冩暟鎹?缂栫爜缁村害琛?
dim,dim_ref_quote_code_dd,ds_bxgs_zz_ro,SELECT,,鍙傝€冩暟鎹?浠ｇ爜缁村害琛?
dw,dim_adm_china_dd,ds_bxgs_zz_ro,SELECT,,鍖哄煙-涓浗琛屾斂鍖哄垝
dw,dim_attr_value_info_dd,ds_bxgs_zz_ro,SELECT,,灞炴€у€间俊鎭淮搴﹁〃
dw,dim_customer_base_info_dd,ds_bxgs_zz_ro,SELECT,,瀹㈡埛涓绘暟鎹熀鏈俊鎭?
dw,dim_customer_trade_info_dd,ds_bxgs_zz_ro,SELECT,,瀹㈡埛璐告槗鍏崇郴淇℃伅淇℃伅
dw,dim_date_nd,ds_bxgs_zz_ro,SELECT,,鏃ユ湡缁村害涓昏〃
dw,dim_material_attr_info_dd,ds_bxgs_zz_ro,SELECT,,鐗╂枡瀵瑰簲灞炴€у強灞炴€у€间俊鎭?
dw,dim_material_base_info_dd,ds_bxgs_zz_ro,SELECT,,鐗╂枡涓绘暟鎹熀鏈俊鎭?
dw,dim_material_class_attr_mapping_dd,ds_bxgs_zz_ro,SELECT,,鐗╂枡鍒嗙被-灞炴€у叧绯绘槧灏勮〃
dw,dim_material_class_info_dd,ds_bxgs_zz_ro,SELECT,,鐗╂枡鍒嗙被淇℃伅骞抽摵灞曠ず琛?
dw,dim_material_sap_compare_dd,ds_bxgs_zz_ro,SELECT,,鐗╂枡绯荤粺缂栫爜瀵圭収
dw,dim_product_addl_info_dd,ds_bxgs_zz_ro,SELECT,,浜у搧闄勫姞淇℃伅-鐗╂枡缁勩€侀攢鍞粍缁囦俊鎭?
dw,dim_product_attr_info_dd,ds_bxgs_zz_ro,SELECT,,浜у搧瀵瑰簲灞炴€у強灞炴€у€间俊鎭?
dw,dim_product_base_info_dd,ds_bxgs_zz_ro,SELECT,,浜у搧涓绘暟鎹熀鏈俊鎭?
dw,dim_product_base_info_nd,ds_bxgs_zz_ro,SELECT,,鐭ヨ瘑搴?浜у搧灞炴€т俊鎭?
dw,dim_product_class_info_dd,ds_bxgs_zz_ro,SELECT,,浜у搧鍒嗙被缁村害琛?
dw,dim_public_reference_data_dd,ds_bxgs_zz_ro,SELECT,,婧愮郴缁熸棤娉ㄩ噴
dw,dim_supplier_base_info_dd,ds_bxgs_zz_ro,SELECT,,渚涘簲鍟嗕富鏁版嵁鍩烘湰淇℃伅
dw,dim_supplier_company_info_dd,ds_bxgs_zz_ro,SELECT,,渚涘簲鍟?鍏徃瑙嗗浘
ods,odss990_ZMDGT139,ds_bxgs_zz_ro,SELECT,,
ods,odss990_ZMDGT150,ds_bxgs_zz_ro,SELECT,,
ods,odss990_ZMDGT153,ds_bxgs_zz_ro,SELECT,,
ods,odss990_tgsb,ds_bxgs_zz_ro,SELECT,,涓氬姟鑼冨洿
ods,odss990_zmdgt134,ds_bxgs_zz_ro,SELECT,,鍔犺浇鏃堕棿
ods,odss990_zmdgt137,ds_bxgs_zz_ro,SELECT,,涓氬姟鑼冨洿鍜屽叕鍙镐唬鐮佸叧绯?
ods,odss990_zmdgt138,ds_bxgs_zz_ro,SELECT,,鍋滅敤鏍囪瘑
ods,odss990_zmdgt143,ds_bxgs_zz_ro,SELECT,,鍒╂鼎涓績涓庢垚鏈腑蹇冨叧绯昏〃
ods,odss990_zmdgt144,ds_bxgs_zz_ro,SELECT,,涓氬姟鑼冨洿涓庢垚鏈腑蹇冨叧绯昏〃
dim,dim_mhr_mos_org_base_info_dd,ds_wlkzt_ro,SELECT,,缁勭粐涓绘暟鎹熀鏈俊鎭?
dim,dim_mk_shop_detail_dd,ds_wlkzt_ro,SELECT,,闂ㄥ簵鏄庣粏琛?
dim,dim_mk_shop_info_dd,ds_wlkzt_ro,SELECT,,闂ㄥ簵鍩虹淇℃伅琛?
dim,dim_ref_data_dd,ds_wlkzt_ro,SELECT,,鍙傝€冩暟鎹?缂栫爜缁村害琛?
dim,dim_ref_quote_code_dd,ds_wlkzt_ro,SELECT,,鍙傝€冩暟鎹?浠ｇ爜缁村害琛?
dw,dim_adm_china_dd,ds_wlkzt_ro,SELECT,,鍖哄煙-涓浗琛屾斂鍖哄垝
dw,dim_attr_value_info_dd,ds_wlkzt_ro,SELECT,,灞炴€у€间俊鎭淮搴﹁〃
dw,dim_customer_base_info_dd,ds_wlkzt_ro,SELECT,,瀹㈡埛涓绘暟鎹熀鏈俊鎭?
dw,dim_customer_trade_info_dd,ds_wlkzt_ro,SELECT,,瀹㈡埛璐告槗鍏崇郴淇℃伅淇℃伅
dw,dim_date_nd,ds_wlkzt_ro,SELECT,,鏃ユ湡缁村害涓昏〃
dw,dim_material_attr_info_dd,ds_wlkzt_ro,SELECT,,鐗╂枡瀵瑰簲灞炴€у強灞炴€у€间俊鎭?
dw,dim_material_base_info_dd,ds_wlkzt_ro,SELECT,,鐗╂枡涓绘暟鎹熀鏈俊鎭?
dw,dim_material_class_attr_mapping_dd,ds_wlkzt_ro,SELECT,,鐗╂枡鍒嗙被-灞炴€у叧绯绘槧灏勮〃
dw,dim_material_class_info_dd,ds_wlkzt_ro,SELECT,,鐗╂枡鍒嗙被淇℃伅骞抽摵灞曠ず琛?
dw,dim_material_sap_compare_dd,ds_wlkzt_ro,SELECT,,鐗╂枡绯荤粺缂栫爜瀵圭収
dw,dim_product_addl_info_dd,ds_wlkzt_ro,SELECT,,浜у搧闄勫姞淇℃伅-鐗╂枡缁勩€侀攢鍞粍缁囦俊鎭?
dw,dim_product_attr_info_dd,ds_wlkzt_ro,SELECT,,浜у搧瀵瑰簲灞炴€у強灞炴€у€间俊鎭?
dw,dim_product_base_info_dd,ds_wlkzt_ro,SELECT,,浜у搧涓绘暟鎹熀鏈俊鎭?
dw,dim_product_base_info_nd,ds_wlkzt_ro,SELECT,,鐭ヨ瘑搴?浜у搧灞炴€т俊鎭?
dw,dim_product_class_info_dd,ds_wlkzt_ro,SELECT,,浜у搧鍒嗙被缁村害琛?
dw,dim_public_reference_data_dd,ds_wlkzt_ro,SELECT,,婧愮郴缁熸棤娉ㄩ噴
dw,dim_supplier_base_info_dd,ds_wlkzt_ro,SELECT,,渚涘簲鍟嗕富鏁版嵁鍩烘湰淇℃伅
dw,dim_supplier_company_info_dd,ds_wlkzt_ro,SELECT,,渚涘簲鍟?鍏徃瑙嗗浘
ods,odss990_ZMDGT139,ds_wlkzt_ro,SELECT,,
ods,odss990_ZMDGT150,ds_wlkzt_ro,SELECT,,
ods,odss990_ZMDGT153,ds_wlkzt_ro,SELECT,,
ods,odss990_tgsb,ds_wlkzt_ro,SELECT,,涓氬姟鑼冨洿
ods,odss990_zmdgt134,ds_wlkzt_ro,SELECT,,鍔犺浇鏃堕棿
ods,odss990_zmdgt137,ds_wlkzt_ro,SELECT,,涓氬姟鑼冨洿鍜屽叕鍙镐唬鐮佸叧绯?
ods,odss990_zmdgt138,ds_wlkzt_ro,SELECT,,鍋滅敤鏍囪瘑
ods,odss990_zmdgt143,ds_wlkzt_ro,SELECT,,鍒╂鼎涓績涓庢垚鏈腑蹇冨叧绯昏〃
ods,odss990_zmdgt144,ds_wlkzt_ro,SELECT,,涓氬姟鑼冨洿涓庢垚鏈腑蹇冨叧绯昏〃
dim,dim_mhr_mos_org_base_info_dd,ds_eam_rw,SELECT,,缁勭粐涓绘暟鎹熀鏈俊鎭?
dim,dim_mk_shop_detail_dd,ds_eam_rw,SELECT,,闂ㄥ簵鏄庣粏琛?
dim,dim_mk_shop_info_dd,ds_eam_rw,SELECT,,闂ㄥ簵鍩虹淇℃伅琛?
dim,dim_ref_data_dd,ds_eam_rw,SELECT,,鍙傝€冩暟鎹?缂栫爜缁村害琛?
dim,dim_ref_quote_code_dd,ds_eam_rw,SELECT,,鍙傝€冩暟鎹?浠ｇ爜缁村害琛?
dw,dim_adm_china_dd,ds_eam_rw,SELECT,,鍖哄煙-涓浗琛屾斂鍖哄垝
dw,dim_attr_value_info_dd,ds_eam_rw,SELECT,,灞炴€у€间俊鎭淮搴﹁〃
dw,dim_customer_base_info_dd,ds_eam_rw,SELECT,,瀹㈡埛涓绘暟鎹熀鏈俊鎭?
dw,dim_customer_trade_info_dd,ds_eam_rw,SELECT,,瀹㈡埛璐告槗鍏崇郴淇℃伅淇℃伅
dw,dim_date_nd,ds_eam_rw,SELECT,,鏃ユ湡缁村害涓昏〃
dw,dim_material_attr_info_dd,ds_eam_rw,SELECT,,鐗╂枡瀵瑰簲灞炴€у強灞炴€у€间俊鎭?
dw,dim_material_base_info_dd,ds_eam_rw,SELECT,,鐗╂枡涓绘暟鎹熀鏈俊鎭?
dw,dim_material_class_attr_mapping_dd,ds_eam_rw,SELECT,,鐗╂枡鍒嗙被-灞炴€у叧绯绘槧灏勮〃
dw,dim_material_class_info_dd,ds_eam_rw,SELECT,,鐗╂枡鍒嗙被淇℃伅骞抽摵灞曠ず琛?
dw,dim_material_sap_compare_dd,ds_eam_rw,SELECT,,鐗╂枡绯荤粺缂栫爜瀵圭収
dw,dim_product_addl_info_dd,ds_eam_rw,SELECT,,浜у搧闄勫姞淇℃伅-鐗╂枡缁勩€侀攢鍞粍缁囦俊鎭?
dw,dim_product_attr_info_dd,ds_eam_rw,SELECT,,浜у搧瀵瑰簲灞炴€у強灞炴€у€间俊鎭?
dw,dim_product_base_info_dd,ds_eam_rw,SELECT,,浜у搧涓绘暟鎹熀鏈俊鎭?
dw,dim_product_base_info_nd,ds_eam_rw,SELECT,,鐭ヨ瘑搴?浜у搧灞炴€т俊鎭?
dw,dim_product_class_info_dd,ds_eam_rw,SELECT,,浜у搧鍒嗙被缁村害琛?
dw,dim_public_reference_data_dd,ds_eam_rw,SELECT,,婧愮郴缁熸棤娉ㄩ噴
dw,dim_supplier_base_info_dd,ds_eam_rw,SELECT,,渚涘簲鍟嗕富鏁版嵁鍩烘湰淇℃伅
dw,dim_supplier_company_info_dd,ds_eam_rw,SELECT,,渚涘簲鍟?鍏徃瑙嗗浘
ods,ODSSCM_WO_CM_WORK_ORDER,ds_eam_rw,SELECT,,
ods,ODSSCM_plan_cm_change_mto,ds_eam_rw,SELECT,,
ods,odss990_ZMDGT139,ds_eam_rw,SELECT,,
ods,odss990_ZMDGT150,ds_eam_rw,SELECT,,
ods,odss990_ZMDGT153,ds_eam_rw,SELECT,,
ods,odss990_tgsb,ds_eam_rw,SELECT,,涓氬姟鑼冨洿
ods,odss990_zmdgt134,ds_eam_rw,SELECT,,鍔犺浇鏃堕棿
ods,odss990_zmdgt137,ds_eam_rw,SELECT,,涓氬姟鑼冨洿鍜屽叕鍙镐唬鐮佸叧绯?
ods,odss990_zmdgt138,ds_eam_rw,SELECT,,鍋滅敤鏍囪瘑
ods,odss990_zmdgt143,ds_eam_rw,SELECT,,鍒╂鼎涓績涓庢垚鏈腑蹇冨叧绯昏〃
ods,odss990_zmdgt144,ds_eam_rw,SELECT,,涓氬姟鑼冨洿涓庢垚鏈腑蹇冨叧绯昏〃
ods,odsscm_plan_cm_change_mto,ds_eam_rw,SELECT,,鎵规琛?
ods,odsscm_sc_cm_daily_operating_planning,ds_eam_rw,SELECT,,鏃ヤ綔涓氳鍒掕〃锛圱+3璁″垝琛級
ods,odsscm_wo_cm_work_order,ds_eam_rw,SELECT,,宸ュ崟琛?
dim,dim_mhr_mos_org_base_info_dd,ds_cis_rw,SELECT,,缁勭粐涓绘暟鎹熀鏈俊鎭?
dim,dim_mk_shop_detail_dd,ds_cis_rw,SELECT,,闂ㄥ簵鏄庣粏琛?
dim,dim_mk_shop_info_dd,ds_cis_rw,SELECT,,闂ㄥ簵鍩虹淇℃伅琛?
dim,dim_ref_data_dd,ds_cis_rw,SELECT,,鍙傝€冩暟鎹?缂栫爜缁村害琛?
dim,dim_ref_quote_code_dd,ds_cis_rw,SELECT,,鍙傝€冩暟鎹?浠ｇ爜缁村害琛?
dw,dim_adm_china_dd,ds_cis_rw,SELECT,,鍖哄煙-涓浗琛屾斂鍖哄垝
dw,dim_attr_value_info_dd,ds_cis_rw,SELECT,,灞炴€у€间俊鎭淮搴﹁〃
dw,dim_customer_base_info_dd,ds_cis_rw,SELECT,,瀹㈡埛涓绘暟鎹熀鏈俊鎭?
dw,dim_customer_trade_info_dd,ds_cis_rw,SELECT,,瀹㈡埛璐告槗鍏崇郴淇℃伅淇℃伅
dw,dim_date_nd,ds_cis_rw,SELECT,,鏃ユ湡缁村害涓昏〃
dw,dim_material_attr_info_dd,ds_cis_rw,SELECT,,鐗╂枡瀵瑰簲灞炴€у強灞炴€у€间俊鎭?
dw,dim_material_base_info_dd,ds_cis_rw,SELECT,,鐗╂枡涓绘暟鎹熀鏈俊鎭?
dw,dim_material_class_attr_mapping_dd,ds_cis_rw,SELECT,,鐗╂枡鍒嗙被-灞炴€у叧绯绘槧灏勮〃
dw,dim_material_class_info_dd,ds_cis_rw,SELECT,,鐗╂枡鍒嗙被淇℃伅骞抽摵灞曠ず琛?
dw,dim_material_sap_compare_dd,ds_cis_rw,SELECT,,鐗╂枡绯荤粺缂栫爜瀵圭収
dw,dim_product_addl_info_dd,ds_cis_rw,SELECT,,浜у搧闄勫姞淇℃伅-鐗╂枡缁勩€侀攢鍞粍缁囦俊鎭?
dw,dim_product_attr_info_dd,ds_cis_rw,SELECT,,浜у搧瀵瑰簲灞炴€у強灞炴€у€间俊鎭?
dw,dim_product_base_info_dd,ds_cis_rw,SELECT,,浜у搧涓绘暟鎹熀鏈俊鎭?
dw,dim_product_base_info_nd,ds_cis_rw,SELECT,,鐭ヨ瘑搴?浜у搧灞炴€т俊鎭?
dw,dim_product_class_info_dd,ds_cis_rw,SELECT,,浜у搧鍒嗙被缁村害琛?
dw,dim_public_reference_data_dd,ds_cis_rw,SELECT,,婧愮郴缁熸棤娉ㄩ噴
dw,dim_supplier_base_info_dd,ds_cis_rw,SELECT,,渚涘簲鍟嗕富鏁版嵁鍩烘湰淇℃伅
dw,dim_supplier_company_info_dd,ds_cis_rw,SELECT,,渚涘簲鍟?鍏徃瑙嗗浘
ods,odss990_ZMDGT139,ds_cis_rw,SELECT,,
ods,odss990_ZMDGT150,ds_cis_rw,SELECT,,
ods,odss990_ZMDGT153,ds_cis_rw,SELECT,,
ods,odss990_tgsb,ds_cis_rw,SELECT,,涓氬姟鑼冨洿
ods,odss990_zmdgt134,ds_cis_rw,SELECT,,鍔犺浇鏃堕棿
ods,odss990_zmdgt137,ds_cis_rw,SELECT,,涓氬姟鑼冨洿鍜屽叕鍙镐唬鐮佸叧绯?
ods,odss990_zmdgt138,ds_cis_rw,SELECT,,鍋滅敤鏍囪瘑
ods,odss990_zmdgt143,ds_cis_rw,SELECT,,鍒╂鼎涓績涓庢垚鏈腑蹇冨叧绯昏〃
ods,odss990_zmdgt144,ds_cis_rw,SELECT,,涓氬姟鑼冨洿涓庢垚鏈腑蹇冨叧绯昏〃
dim,dim_mhr_mos_org_base_info_dd,ds_tsfx_ro,SELECT,,缁勭粐涓绘暟鎹熀鏈俊鎭?
dim,dim_mk_shop_detail_dd,ds_tsfx_ro,SELECT,,闂ㄥ簵鏄庣粏琛?
dim,dim_mk_shop_info_dd,ds_tsfx_ro,SELECT,,闂ㄥ簵鍩虹淇℃伅琛?
dim,dim_ref_data_dd,ds_tsfx_ro,SELECT,,鍙傝€冩暟鎹?缂栫爜缁村害琛?
dim,dim_ref_quote_code_dd,ds_tsfx_ro,SELECT,,鍙傝€冩暟鎹?浠ｇ爜缁村害琛?
dw,dim_adm_china_dd,ds_tsfx_ro,SELECT,,鍖哄煙-涓浗琛屾斂鍖哄垝
dw,dim_attr_value_info_dd,ds_tsfx_ro,SELECT,,灞炴€у€间俊鎭淮搴﹁〃
dw,dim_customer_base_info_dd,ds_tsfx_ro,SELECT,,瀹㈡埛涓绘暟鎹熀鏈俊鎭?
dw,dim_customer_trade_info_dd,ds_tsfx_ro,SELECT,,瀹㈡埛璐告槗鍏崇郴淇℃伅淇℃伅
dw,dim_date_nd,ds_tsfx_ro,SELECT,,鏃ユ湡缁村害涓昏〃
dw,dim_material_attr_info_dd,ds_tsfx_ro,SELECT,,鐗╂枡瀵瑰簲灞炴€у強灞炴€у€间俊鎭?
dw,dim_material_base_info_dd,ds_tsfx_ro,SELECT,,鐗╂枡涓绘暟鎹熀鏈俊鎭?
dw,dim_material_class_attr_mapping_dd,ds_tsfx_ro,SELECT,,鐗╂枡鍒嗙被-灞炴€у叧绯绘槧灏勮〃
dw,dim_material_class_info_dd,ds_tsfx_ro,SELECT,,鐗╂枡鍒嗙被淇℃伅骞抽摵灞曠ず琛?
dw,dim_material_sap_compare_dd,ds_tsfx_ro,SELECT,,鐗╂枡绯荤粺缂栫爜瀵圭収
dw,dim_product_addl_info_dd,ds_tsfx_ro,SELECT,,浜у搧闄勫姞淇℃伅-鐗╂枡缁勩€侀攢鍞粍缁囦俊鎭?
dw,dim_product_attr_info_dd,ds_tsfx_ro,SELECT,,浜у搧瀵瑰簲灞炴€у強灞炴€у€间俊鎭?
dw,dim_product_base_info_dd,ds_tsfx_ro,SELECT,,浜у搧涓绘暟鎹熀鏈俊鎭?
dw,dim_product_base_info_nd,ds_tsfx_ro,SELECT,,鐭ヨ瘑搴?浜у搧灞炴€т俊鎭?
dw,dim_product_class_info_dd,ds_tsfx_ro,SELECT,,浜у搧鍒嗙被缁村害琛?
dw,dim_public_reference_data_dd,ds_tsfx_ro,SELECT,,婧愮郴缁熸棤娉ㄩ噴
dw,dim_supplier_base_info_dd,ds_tsfx_ro,SELECT,,渚涘簲鍟嗕富鏁版嵁鍩烘湰淇℃伅
dw,dim_supplier_company_info_dd,ds_tsfx_ro,SELECT,,渚涘簲鍟?鍏徃瑙嗗浘
ods,odss990_ZMDGT139,ds_tsfx_ro,SELECT,,
ods,odss990_ZMDGT150,ds_tsfx_ro,SELECT,,
ods,odss990_ZMDGT153,ds_tsfx_ro,SELECT,,
ods,odss990_tgsb,ds_tsfx_ro,SELECT,,涓氬姟鑼冨洿
ods,odss990_zmdgt134,ds_tsfx_ro,SELECT,,鍔犺浇鏃堕棿
ods,odss990_zmdgt137,ds_tsfx_ro,SELECT,,涓氬姟鑼冨洿鍜屽叕鍙镐唬鐮佸叧绯?
ods,odss990_zmdgt138,ds_tsfx_ro,SELECT,,鍋滅敤鏍囪瘑
ods,odss990_zmdgt143,ds_tsfx_ro,SELECT,,鍒╂鼎涓績涓庢垚鏈腑蹇冨叧绯昏〃
ods,odss990_zmdgt144,ds_tsfx_ro,SELECT,,涓氬姟鑼冨洿涓庢垚鏈腑蹇冨叧绯昏〃
dim,dim_mhr_mos_org_base_info_dd,ds_cis_ro,SELECT,,缁勭粐涓绘暟鎹熀鏈俊鎭?
dim,dim_mk_shop_detail_dd,ds_cis_ro,SELECT,,闂ㄥ簵鏄庣粏琛?
dim,dim_mk_shop_info_dd,ds_cis_ro,SELECT,,闂ㄥ簵鍩虹淇℃伅琛?
dim,dim_ref_data_dd,ds_cis_ro,SELECT,,鍙傝€冩暟鎹?缂栫爜缁村害琛?
dim,dim_ref_quote_code_dd,ds_cis_ro,SELECT,,鍙傝€冩暟鎹?浠ｇ爜缁村害琛?
dw,dim_adm_china_dd,ds_cis_ro,SELECT,,鍖哄煙-涓浗琛屾斂鍖哄垝
dw,dim_attr_value_info_dd,ds_cis_ro,SELECT,,灞炴€у€间俊鎭淮搴﹁〃
dw,dim_customer_base_info_dd,ds_cis_ro,SELECT,,瀹㈡埛涓绘暟鎹熀鏈俊鎭?
dw,dim_customer_trade_info_dd,ds_cis_ro,SELECT,,瀹㈡埛璐告槗鍏崇郴淇℃伅淇℃伅
dw,dim_date_nd,ds_cis_ro,SELECT,,鏃ユ湡缁村害涓昏〃
dw,dim_material_attr_info_dd,ds_cis_ro,SELECT,,鐗╂枡瀵瑰簲灞炴€у強灞炴€у€间俊鎭?
dw,dim_material_base_info_dd,ds_cis_ro,SELECT,,鐗╂枡涓绘暟鎹熀鏈俊鎭?
dw,dim_material_class_attr_mapping_dd,ds_cis_ro,SELECT,,鐗╂枡鍒嗙被-灞炴€у叧绯绘槧灏勮〃
dw,dim_material_class_info_dd,ds_cis_ro,SELECT,,鐗╂枡鍒嗙被淇℃伅骞抽摵灞曠ず琛?
dw,dim_material_sap_compare_dd,ds_cis_ro,SELECT,,鐗╂枡绯荤粺缂栫爜瀵圭収
dw,dim_product_addl_info_dd,ds_cis_ro,SELECT,,浜у搧闄勫姞淇℃伅-鐗╂枡缁勩€侀攢鍞粍缁囦俊鎭?
dw,dim_product_attr_info_dd,ds_cis_ro,SELECT,,浜у搧瀵瑰簲灞炴€у強灞炴€у€间俊鎭?
dw,dim_product_base_info_dd,ds_cis_ro,SELECT,,浜у搧涓绘暟鎹熀鏈俊鎭?
dw,dim_product_base_info_nd,ds_cis_ro,SELECT,,鐭ヨ瘑搴?浜у搧灞炴€т俊鎭?
dw,dim_product_class_info_dd,ds_cis_ro,SELECT,,浜у搧鍒嗙被缁村害琛?
dw,dim_public_reference_data_dd,ds_cis_ro,SELECT,,婧愮郴缁熸棤娉ㄩ噴
dw,dim_supplier_base_info_dd,ds_cis_ro,SELECT,,渚涘簲鍟嗕富鏁版嵁鍩烘湰淇℃伅
dw,dim_supplier_company_info_dd,ds_cis_ro,SELECT,,渚涘簲鍟?鍏徃瑙嗗浘
ods,odss990_ZMDGT139,ds_cis_ro,SELECT,,
ods,odss990_ZMDGT150,ds_cis_ro,SELECT,,
ods,odss990_ZMDGT153,ds_cis_ro,SELECT,,
ods,odss990_tgsb,ds_cis_ro,SELECT,,涓氬姟鑼冨洿
ods,odss990_zmdgt134,ds_cis_ro,SELECT,,鍔犺浇鏃堕棿
ods,odss990_zmdgt137,ds_cis_ro,SELECT,,涓氬姟鑼冨洿鍜屽叕鍙镐唬鐮佸叧绯?
ods,odss990_zmdgt138,ds_cis_ro,SELECT,,鍋滅敤鏍囪瘑
ods,odss990_zmdgt143,ds_cis_ro,SELECT,,鍒╂鼎涓績涓庢垚鏈腑蹇冨叧绯昏〃
ods,odss990_zmdgt144,ds_cis_ro,SELECT,,涓氬姟鑼冨洿涓庢垚鏈腑蹇冨叧绯昏〃
dim,dim_ipd_jtplm_his_productversion_dd,ds_xssyb_rd_ro,SELECT,,瑙嗗儚绉戞妧鐢熶骇鐗堟湰琛?
dim,dim_mhr_mos_org_base_info_dd,ds_xssyb_rd_ro,SELECT,,缁勭粐涓绘暟鎹熀鏈俊鎭?
dim,dim_mk_shop_detail_dd,ds_xssyb_rd_ro,SELECT,,闂ㄥ簵鏄庣粏琛?
dim,dim_mk_shop_info_dd,ds_xssyb_rd_ro,SELECT,,闂ㄥ簵鍩虹淇℃伅琛?
dim,dim_ref_data_dd,ds_xssyb_rd_ro,SELECT,,鍙傝€冩暟鎹?缂栫爜缁村害琛?
dim,dim_ref_quote_code_dd,ds_xssyb_rd_ro,SELECT,,鍙傝€冩暟鎹?浠ｇ爜缁村害琛?
dw,dim_adm_china_dd,ds_xssyb_rd_ro,SELECT,,鍖哄煙-涓浗琛屾斂鍖哄垝
dw,dim_attr_value_info_dd,ds_xssyb_rd_ro,SELECT,,灞炴€у€间俊鎭淮搴﹁〃
dw,dim_customer_base_info_dd,ds_xssyb_rd_ro,SELECT,,瀹㈡埛涓绘暟鎹熀鏈俊鎭?
dw,dim_customer_trade_info_dd,ds_xssyb_rd_ro,SELECT,,瀹㈡埛璐告槗鍏崇郴淇℃伅淇℃伅
dw,dim_date_nd,ds_xssyb_rd_ro,SELECT,,鏃ユ湡缁村害涓昏〃
dw,dim_material_attr_info_dd,ds_xssyb_rd_ro,SELECT,,鐗╂枡瀵瑰簲灞炴€у強灞炴€у€间俊鎭?
dw,dim_material_base_info_dd,ds_xssyb_rd_ro,SELECT,,鐗╂枡涓绘暟鎹熀鏈俊鎭?
dw,dim_material_class_attr_mapping_dd,ds_xssyb_rd_ro,SELECT,,鐗╂枡鍒嗙被-灞炴€у叧绯绘槧灏勮〃
dw,dim_material_class_info_dd,ds_xssyb_rd_ro,SELECT,,鐗╂枡鍒嗙被淇℃伅骞抽摵灞曠ず琛?
dw,dim_material_sap_compare_dd,ds_xssyb_rd_ro,SELECT,,鐗╂枡绯荤粺缂栫爜瀵圭収
dw,dim_product_addl_info_dd,ds_xssyb_rd_ro,SELECT,,浜у搧闄勫姞淇℃伅-鐗╂枡缁勩€侀攢鍞粍缁囦俊鎭?
dw,dim_product_attr_info_dd,ds_xssyb_rd_ro,SELECT,,浜у搧瀵瑰簲灞炴€у強灞炴€у€间俊鎭?
dw,dim_product_base_info_dd,ds_xssyb_rd_ro,SELECT,,浜у搧涓绘暟鎹熀鏈俊鎭?
dw,dim_product_base_info_nd,ds_xssyb_rd_ro,SELECT,,鐭ヨ瘑搴?浜у搧灞炴€т俊鎭?
dw,dim_product_class_info_dd,ds_xssyb_rd_ro,SELECT,,浜у搧鍒嗙被缁村害琛?
dw,dim_public_reference_data_dd,ds_xssyb_rd_ro,SELECT,,婧愮郴缁熸棤娉ㄩ噴
dw,dim_supplier_base_info_dd,ds_xssyb_rd_ro,SELECT,,渚涘簲鍟嗕富鏁版嵁鍩烘湰淇℃伅
dw,dim_supplier_company_info_dd,ds_xssyb_rd_ro,SELECT,,渚涘簲鍟?鍏徃瑙嗗浘
dwd,dwd_ipd_irs_s600_bom_dd,ds_xssyb_rd_ro,SELECT,,sap600bom骞抽摵琛?
dwd,dwd_ipd_irs_s800_bom_dd,ds_xssyb_rd_ro,SELECT,,sap800bom骞抽摵琛?
dws,dws_ipd_irs_tywl_cgwlk_sxkj_detail_dd,ds_xssyb_rd_ro,SELECT,,閲囪喘鐗╂枡搴撹鍍忕鎶€鏄庣粏
ods,odsjtplm_his_marketablemachine,ds_xssyb_rd_ro,SELECT,,婧愮郴缁熸棤娉ㄩ噴
ods,odss600_zexpl_bom,ds_xssyb_rd_ro,SELECT,,婧愮郴缁熸棤娉ㄩ噴
ods,odss800_zexpl_bom,ds_xssyb_rd_ro,SELECT,,婧愮郴缁熸棤娉ㄩ噴
ods,odss990_ZMDGT139,ds_xssyb_rd_ro,SELECT,,
ods,odss990_ZMDGT150,ds_xssyb_rd_ro,SELECT,,
ods,odss990_ZMDGT153,ds_xssyb_rd_ro,SELECT,,
ods,odss990_tgsb,ds_xssyb_rd_ro,SELECT,,涓氬姟鑼冨洿
ods,odss990_zmdgt134,ds_xssyb_rd_ro,SELECT,,鍔犺浇鏃堕棿
ods,odss990_zmdgt137,ds_xssyb_rd_ro,SELECT,,涓氬姟鑼冨洿鍜屽叕鍙镐唬鐮佸叧绯?
ods,odss990_zmdgt138,ds_xssyb_rd_ro,SELECT,,鍋滅敤鏍囪瘑
ods,odss990_zmdgt143,ds_xssyb_rd_ro,SELECT,,鍒╂鼎涓績涓庢垚鏈腑蹇冨叧绯昏〃
ods,odss990_zmdgt144,ds_xssyb_rd_ro,SELECT,,涓氬姟鑼冨洿涓庢垚鏈腑蹇冨叧绯昏〃
ods,odsslt_s800_mara,ds_xssyb_rd_ro,SELECT,,甯歌鐗╂枡鏁版嵁
dw,dim_customer_base_info_dd,ds_gpload_ods,SELECT,,瀹㈡埛涓绘暟鎹熀鏈俊鎭?
dw,dim_customer_trade_info_dd,ds_gpload_ods,SELECT,,瀹㈡埛璐告槗鍏崇郴淇℃伅淇℃伅
dw,dim_public_reference_data_dd,ds_gpload_ods,SELECT,,婧愮郴缁熸棤娉ㄩ噴
dwd,dwd_data_quality_monitor_rule_detail_wide,ds_gpload_ods,SELECT,,鏁版嵁璐ㄩ噺鐩戞帶瑙勫垯鏄庣粏瀹借〃
dwd,dwd_data_quality_monitor_rule_detail_wide,ds_gpload_ods,INSERT,,鏁版嵁璐ㄩ噺鐩戞帶瑙勫垯鏄庣粏瀹借〃
dwd,dwd_data_quality_monitor_rule_detail_wide,ds_gpload_ods,ALTER,,鏁版嵁璐ㄩ噺鐩戞帶瑙勫垯鏄庣粏瀹借〃
dwd,dwd_data_quality_monitor_rule_detail_wide,ds_gpload_ods,CREATE,,鏁版嵁璐ㄩ噺鐩戞帶瑙勫垯鏄庣粏瀹借〃
dwd,dwd_data_quality_monitor_rule_detail_wide,ds_gpload_ods,DROP,,鏁版嵁璐ㄩ噺鐩戞帶瑙勫垯鏄庣粏瀹借〃
ods,odsS800_MARA,ds_gpload_ods,SELECT,,
ods,odsS990_TGSB,ds_gpload_ods,SELECT,,
ods,odsS990_ZMDGT143,ds_gpload_ods,SELECT,,
ods,odsS990_ZMDGT144,ds_gpload_ods,SELECT,,
ods,ods_cdpdws_mdg_lifecircle_his_change_usage_df,ds_gpload_ods,SELECT,,
ods,ods_gp_cgklcjwlk_detail,ds_gpload_ods,SELECT,,甯歌鐗╂枡鏁版嵁
ods,ods_gp_cgkzybjwlk_detail,ds_gpload_ods,SELECT,,甯歌鐗╂枡鏁版嵁
ods,ods_gp_cgl,ds_gpload_ods,SELECT,,鐗╂枡閲囪喘閲忔槑缁?
ods,ods_gp_cgwlk_detail,ds_gpload_ods,SELECT,,甯歌鐗╂枡鏁版嵁
ods,ods_gp_jtplm_material,ds_gpload_ods,SELECT,,鐗╂枡閲囪喘閲忔槑缁?
ods,ods_gp_mdg_mid,ds_gpload_ods,SELECT,,鐗╂枡閲囪喘閲忔槑缁?
ods,ods_gp_plwlk_detail,ds_gpload_ods,SELECT,,甯歌鐗╂枡鏁版嵁
ods,ods_gp_tier_cgklcjwlk_detail,ds_gpload_ods,SELECT,,甯歌鐗╂枡鏁版嵁
ods,ods_gp_tier_cgkzybjwlk_detail,ds_gpload_ods,SELECT,,甯歌鐗╂枡鏁版嵁
ods,ods_gp_tier_material_detail,ds_gpload_ods,SELECT,,甯歌鐗╂枡鏁版嵁
ods,ods_gp_tywl_detail,ds_gpload_ods,SELECT,,鐗╂枡閲囪喘閲忔槑缁?
ods,ods_gp_tywl_fszb_detail,ds_gpload_ods,SELECT,,鐗╂枡閲囪喘閲忔槑缁?
ods,ods_gp_tywl_lb,ds_gpload_ods,SELECT,,鐗╂枡閲囪喘閲忔槑缁?
ods,ods_gp_tywl_plzbk_detail,ds_gpload_ods,SELECT,,鍝佺被鎸囨爣搴撴槑缁?
ods,ods_gp_tywl_tier_plzbk_detail,ds_gpload_ods,SELECT,,澶磋叞灏剧墿鏂欐槑缁嗕笉鍒嗗伐鍘傚搧绫绘寚鏍囧簱
ods,ods_gp_tywl_wlk_results,ds_gpload_ods,SELECT,,鍚勭墿鏂欏簱缁撴灉鍊?
ods,ods_gp_ycgjlcgjwlk_detail,ds_gpload_ods,SELECT,,甯歌鐗╂枡鏁版嵁
ods,ods_gp_yfwlk_detail,ds_gpload_ods,SELECT,,甯歌鐗╂枡鏁版嵁
ods,odsdt_tm_ldap_user,ds_gpload_ods,SELECT,,s900 getbom
ods,odshdrp_hisense_change_history,ds_gpload_ods,SELECT,,璁㈠崟椤圭洰鏁伴噺
ods,odsjtplm_his_acceptance_test_versions,ds_gpload_ods,SELECT,,楠屾敹娴嬭瘯鐗堟湰鏁?
ods,odsjtplm_his_automated_coverage,ds_gpload_ods,SELECT,,鑷姩鍖栬鐩栫巼搴曡〃
ods,odsjtplm_his_cbb_average_reference_model,ds_gpload_ods,SELECT,,
ods,odsjtplm_his_cbb_detail,ds_gpload_ods,SELECT,,CBB璇︾粏淇℃伅
ods,odsjtplm_his_cbb_info,ds_gpload_ods,SELECT,,CBB鍩烘湰淇℃伅
ods,odsjtplm_his_derivative_machine,ds_gpload_ods,SELECT,,娲剧敓鏈?
ods,odsjtplm_his_material_data_information,ds_gpload_ods,SELECT,,鐗╂枡鍩虹淇℃伅琛?
ods,odsjtplm_his_millestone,ds_gpload_ods,SELECT,,閲岀▼纰?
ods,odsjtplm_his_modulelcd,ds_gpload_ods,SELECT,,妯＄粍娑叉櫠灞?
ods,odsjtplm_his_order_count,ds_gpload_ods,SELECT,,璁㈠崟椤圭洰鏁伴噺
ods,odsjtplm_his_product_localization_mapping,ds_gpload_ods,SELECT,,
ods,odsjtplm_his_route_info,ds_gpload_ods,SELECT,,
ods,odsjtplm_his_salesspareparts,ds_gpload_ods,SELECT,,閿€鍞浠舵竻鍗曡〃鍗?
ods,odsjtplm_his_sit_test_version_number,ds_gpload_ods,SELECT,,SIT娴嬭瘯鐗堟湰鏁?
ods,odsjtplm_his_task_info,ds_gpload_ods,SELECT,,
ods,odsjtplm_his_test_closure_rate,ds_gpload_ods,SELECT,,閮ㄩ棬娴嬭瘯鍑嗘椂鍏抽棴鐜?
ods,odsrdm_holiday,ds_gpload_ods,SELECT,,
ods,odsrdm_t_bug_ext,ds_gpload_ods,SELECT,,
ods,odsrdm_t_chg_ext,ds_gpload_ods,SELECT,,
ods,odsrdm_t_psm_ext,ds_gpload_ods,SELECT,,
ods,odsrdm_t_wf32_ext,ds_gpload_ods,SELECT,,
ods,odsrdm_t_wf9_ext,ds_gpload_ods,SELECT,,
ods,odss900_zrdm_get_exchangerate,ds_gpload_ods,SELECT,,
ods,odssftp_abroad_voc,ds_gpload_ods,SELECT,,
ods,odssyma_formbby5ffxrfh,ds_gpload_ods,SELECT,,婧愮郴缁熸棤娉ㄩ噴
ods,odssyma_formxa9mtrlhri,ds_gpload_ods,SELECT,,婧愮郴缁熸棤娉ㄩ噴
ods,odssyma_formyzl9mftweq,ds_gpload_ods,SELECT,,
ods,odssyma_odssyma_formyzl9mftweq_new,ds_gpload_ods,SELECT,,
stg,S800_MARA,ds_gpload_ods,SELECT,,
stg,jtplm_his_order_count,ds_gpload_ods,SELECT,,璁㈠崟椤圭洰鏁伴噺
stg,rdm_t_psm_ext,ds_gpload_ods,SELECT,,
stg,s600_mara,ds_gpload_ods,SELECT,,甯歌鐗╂枡鏁版嵁
stg,s600_zexpl_bom,ds_gpload_ods,SELECT,,婧愮郴缁熸棤娉ㄩ噴
stg,s900_zexpl_bom,ds_gpload_ods,SELECT,,婧愮郴缁熸棤娉ㄩ噴
stg,sftp_abroad_voc,ds_gpload_ods,SELECT,,
dim,dim_mhr_mos_org_base_info_dd,test,SELECT,,缁勭粐涓绘暟鎹熀鏈俊鎭?
dim,dim_mk_shop_detail_dd,test,SELECT,,闂ㄥ簵鏄庣粏琛?
dim,dim_mk_shop_info_dd,test,SELECT,,闂ㄥ簵鍩虹淇℃伅琛?
dim,dim_ref_data_dd,test,SELECT,,鍙傝€冩暟鎹?缂栫爜缁村害琛?
dim,dim_ref_quote_code_dd,test,SELECT,,鍙傝€冩暟鎹?浠ｇ爜缁村害琛?
dw,dim_adm_china_dd,test,SELECT,,鍖哄煙-涓浗琛屾斂鍖哄垝
dw,dim_attr_value_info_dd,test,SELECT,,灞炴€у€间俊鎭淮搴﹁〃
dw,dim_customer_base_info_dd,test,SELECT,,瀹㈡埛涓绘暟鎹熀鏈俊鎭?
dw,dim_customer_trade_info_dd,test,SELECT,,瀹㈡埛璐告槗鍏崇郴淇℃伅淇℃伅
dw,dim_date_nd,test,SELECT,,鏃ユ湡缁村害涓昏〃
dw,dim_material_attr_info_dd,test,SELECT,,鐗╂枡瀵瑰簲灞炴€у強灞炴€у€间俊鎭?
dw,dim_material_base_info_dd,test,SELECT,,鐗╂枡涓绘暟鎹熀鏈俊鎭?
dw,dim_material_class_attr_mapping_dd,test,SELECT,,鐗╂枡鍒嗙被-灞炴€у叧绯绘槧灏勮〃
dw,dim_material_class_info_dd,test,SELECT,,鐗╂枡鍒嗙被淇℃伅骞抽摵灞曠ず琛?
dw,dim_material_sap_compare_dd,test,SELECT,,鐗╂枡绯荤粺缂栫爜瀵圭収
dw,dim_product_addl_info_dd,test,SELECT,,浜у搧闄勫姞淇℃伅-鐗╂枡缁勩€侀攢鍞粍缁囦俊鎭?
dw,dim_product_attr_info_dd,test,SELECT,,浜у搧瀵瑰簲灞炴€у強灞炴€у€间俊鎭?
dw,dim_product_base_info_dd,test,SELECT,,浜у搧涓绘暟鎹熀鏈俊鎭?
dw,dim_product_base_info_nd,test,SELECT,,鐭ヨ瘑搴?浜у搧灞炴€т俊鎭?
dw,dim_product_class_info_dd,test,SELECT,,浜у搧鍒嗙被缁村害琛?
dw,dim_public_reference_data_dd,test,SELECT,,婧愮郴缁熸棤娉ㄩ噴
dw,dim_supplier_base_info_dd,test,SELECT,,渚涘簲鍟嗕富鏁版嵁鍩烘湰淇℃伅
dw,dim_supplier_company_info_dd,test,SELECT,,渚涘簲鍟?鍏徃瑙嗗浘
ods,odss990_ZMDGT139,test,SELECT,,
ods,odss990_ZMDGT150,test,SELECT,,
ods,odss990_ZMDGT153,test,SELECT,,
ods,odss990_tgsb,test,SELECT,,涓氬姟鑼冨洿
ods,odss990_zmdgt134,test,SELECT,,鍔犺浇鏃堕棿
ods,odss990_zmdgt137,test,SELECT,,涓氬姟鑼冨洿鍜屽叕鍙镐唬鐮佸叧绯?
ods,odss990_zmdgt138,test,SELECT,,鍋滅敤鏍囪瘑
ods,odss990_zmdgt143,test,SELECT,,鍒╂鼎涓績涓庢垚鏈腑蹇冨叧绯昏〃
ods,odss990_zmdgt144,test,SELECT,,涓氬姟鑼冨洿涓庢垚鏈腑蹇冨叧绯昏〃
dim,dim_mhr_mos_org_base_info_dd,ds_cm_ro,SELECT,,缁勭粐涓绘暟鎹熀鏈俊鎭?
dim,dim_mk_shop_detail_dd,ds_cm_ro,SELECT,,闂ㄥ簵鏄庣粏琛?
dim,dim_mk_shop_info_dd,ds_cm_ro,SELECT,,闂ㄥ簵鍩虹淇℃伅琛?
dim,dim_ref_data_dd,ds_cm_ro,SELECT,,鍙傝€冩暟鎹?缂栫爜缁村害琛?
dim,dim_ref_quote_code_dd,ds_cm_ro,SELECT,,鍙傝€冩暟鎹?浠ｇ爜缁村害琛?
dw,dim_adm_china_dd,ds_cm_ro,SELECT,,鍖哄煙-涓浗琛屾斂鍖哄垝
dw,dim_attr_value_info_dd,ds_cm_ro,SELECT,,灞炴€у€间俊鎭淮搴﹁〃
dw,dim_customer_base_info_dd,ds_cm_ro,SELECT,,瀹㈡埛涓绘暟鎹熀鏈俊鎭?
dw,dim_customer_trade_info_dd,ds_cm_ro,SELECT,,瀹㈡埛璐告槗鍏崇郴淇℃伅淇℃伅
dw,dim_date_nd,ds_cm_ro,SELECT,,鏃ユ湡缁村害涓昏〃
dw,dim_material_attr_info_dd,ds_cm_ro,SELECT,,鐗╂枡瀵瑰簲灞炴€у強灞炴€у€间俊鎭?
dw,dim_material_base_info_dd,ds_cm_ro,SELECT,,鐗╂枡涓绘暟鎹熀鏈俊鎭?
dw,dim_material_class_attr_mapping_dd,ds_cm_ro,SELECT,,鐗╂枡鍒嗙被-灞炴€у叧绯绘槧灏勮〃
dw,dim_material_class_info_dd,ds_cm_ro,SELECT,,鐗╂枡鍒嗙被淇℃伅骞抽摵灞曠ず琛?
dw,dim_material_sap_compare_dd,ds_cm_ro,SELECT,,鐗╂枡绯荤粺缂栫爜瀵圭収
dw,dim_product_addl_info_dd,ds_cm_ro,SELECT,,浜у搧闄勫姞淇℃伅-鐗╂枡缁勩€侀攢鍞粍缁囦俊鎭?
dw,dim_product_attr_info_dd,ds_cm_ro,SELECT,,浜у搧瀵瑰簲灞炴€у強灞炴€у€间俊鎭?
dw,dim_product_base_info_dd,ds_cm_ro,SELECT,,浜у搧涓绘暟鎹熀鏈俊鎭?
dw,dim_product_base_info_nd,ds_cm_ro,SELECT,,鐭ヨ瘑搴?浜у搧灞炴€т俊鎭?
dw,dim_product_class_info_dd,ds_cm_ro,SELECT,,浜у搧鍒嗙被缁村害琛?
dw,dim_public_reference_data_dd,ds_cm_ro,SELECT,,婧愮郴缁熸棤娉ㄩ噴
dw,dim_supplier_base_info_dd,ds_cm_ro,SELECT,,渚涘簲鍟嗕富鏁版嵁鍩烘湰淇℃伅
dw,dim_supplier_company_info_dd,ds_cm_ro,SELECT,,渚涘簲鍟?鍏徃瑙嗗浘
ods,odsdt_tm_ldap_user,ds_cm_ro,SELECT,,s900 getbom
ods,odsjtplm_his_marketablemachine,ds_cm_ro,SELECT,,婧愮郴缁熸棤娉ㄩ噴
ods,odss990_ZMDGT139,ds_cm_ro,SELECT,,
ods,odss990_ZMDGT150,ds_cm_ro,SELECT,,
ods,odss990_ZMDGT153,ds_cm_ro,SELECT,,
ods,odss990_tgsb,ds_cm_ro,SELECT,,涓氬姟鑼冨洿
ods,odss990_zmdgt134,ds_cm_ro,SELECT,,鍔犺浇鏃堕棿
ods,odss990_zmdgt137,ds_cm_ro,SELECT,,涓氬姟鑼冨洿鍜屽叕鍙镐唬鐮佸叧绯?
ods,odss990_zmdgt138,ds_cm_ro,SELECT,,鍋滅敤鏍囪瘑
ods,odss990_zmdgt143,ds_cm_ro,SELECT,,鍒╂鼎涓績涓庢垚鏈腑蹇冨叧绯昏〃
ods,odss990_zmdgt144,ds_cm_ro,SELECT,,涓氬姟鑼冨洿涓庢垚鏈腑蹇冨叧绯昏〃
dim,dim_mhr_mos_org_base_info_dd,ds_ioc_ro,SELECT,,缁勭粐涓绘暟鎹熀鏈俊鎭?
dim,dim_mk_shop_detail_dd,ds_ioc_ro,SELECT,,闂ㄥ簵鏄庣粏琛?
dim,dim_mk_shop_info_dd,ds_ioc_ro,SELECT,,闂ㄥ簵鍩虹淇℃伅琛?
dim,dim_ref_data_dd,ds_ioc_ro,SELECT,,鍙傝€冩暟鎹?缂栫爜缁村害琛?
dim,dim_ref_quote_code_dd,ds_ioc_ro,SELECT,,鍙傝€冩暟鎹?浠ｇ爜缁村害琛?
dw,dim_adm_china_dd,ds_ioc_ro,SELECT,,鍖哄煙-涓浗琛屾斂鍖哄垝
dw,dim_attr_value_info_dd,ds_ioc_ro,SELECT,,灞炴€у€间俊鎭淮搴﹁〃
dw,dim_customer_base_info_dd,ds_ioc_ro,SELECT,,瀹㈡埛涓绘暟鎹熀鏈俊鎭?
dw,dim_customer_trade_info_dd,ds_ioc_ro,SELECT,,瀹㈡埛璐告槗鍏崇郴淇℃伅淇℃伅
dw,dim_date_nd,ds_ioc_ro,SELECT,,鏃ユ湡缁村害涓昏〃
dw,dim_material_attr_info_dd,ds_ioc_ro,SELECT,,鐗╂枡瀵瑰簲灞炴€у強灞炴€у€间俊鎭?
dw,dim_material_base_info_dd,ds_ioc_ro,SELECT,,鐗╂枡涓绘暟鎹熀鏈俊鎭?
dw,dim_material_class_attr_mapping_dd,ds_ioc_ro,SELECT,,鐗╂枡鍒嗙被-灞炴€у叧绯绘槧灏勮〃
dw,dim_material_class_info_dd,ds_ioc_ro,SELECT,,鐗╂枡鍒嗙被淇℃伅骞抽摵灞曠ず琛?
dw,dim_material_sap_compare_dd,ds_ioc_ro,SELECT,,鐗╂枡绯荤粺缂栫爜瀵圭収
dw,dim_product_addl_info_dd,ds_ioc_ro,SELECT,,浜у搧闄勫姞淇℃伅-鐗╂枡缁勩€侀攢鍞粍缁囦俊鎭?
dw,dim_product_attr_info_dd,ds_ioc_ro,SELECT,,浜у搧瀵瑰簲灞炴€у強灞炴€у€间俊鎭?
dw,dim_product_base_info_dd,ds_ioc_ro,SELECT,,浜у搧涓绘暟鎹熀鏈俊鎭?
dw,dim_product_base_info_nd,ds_ioc_ro,SELECT,,鐭ヨ瘑搴?浜у搧灞炴€т俊鎭?
dw,dim_product_class_info_dd,ds_ioc_ro,SELECT,,浜у搧鍒嗙被缁村害琛?
dw,dim_public_reference_data_dd,ds_ioc_ro,SELECT,,婧愮郴缁熸棤娉ㄩ噴
dw,dim_supplier_base_info_dd,ds_ioc_ro,SELECT,,渚涘簲鍟嗕富鏁版嵁鍩烘湰淇℃伅
dw,dim_supplier_company_info_dd,ds_ioc_ro,SELECT,,渚涘簲鍟?鍏徃瑙嗗浘
ods,odss990_ZMDGT139,ds_ioc_ro,SELECT,,
ods,odss990_ZMDGT150,ds_ioc_ro,SELECT,,
ods,odss990_ZMDGT153,ds_ioc_ro,SELECT,,
ods,odss990_tgsb,ds_ioc_ro,SELECT,,涓氬姟鑼冨洿
ods,odss990_zmdgt134,ds_ioc_ro,SELECT,,鍔犺浇鏃堕棿
ods,odss990_zmdgt137,ds_ioc_ro,SELECT,,涓氬姟鑼冨洿鍜屽叕鍙镐唬鐮佸叧绯?
ods,odss990_zmdgt138,ds_ioc_ro,SELECT,,鍋滅敤鏍囪瘑
ods,odss990_zmdgt143,ds_ioc_ro,SELECT,,鍒╂鼎涓績涓庢垚鏈腑蹇冨叧绯昏〃
ods,odss990_zmdgt144,ds_ioc_ro,SELECT,,涓氬姟鑼冨洿涓庢垚鏈腑蹇冨叧绯昏〃
dim,dim_mhr_mos_org_base_info_dd,ds_aikefu_ro,SELECT,,缁勭粐涓绘暟鎹熀鏈俊鎭?
dim,dim_mk_shop_detail_dd,ds_aikefu_ro,SELECT,,闂ㄥ簵鏄庣粏琛?
dim,dim_mk_shop_info_dd,ds_aikefu_ro,SELECT,,闂ㄥ簵鍩虹淇℃伅琛?
dim,dim_ref_data_dd,ds_aikefu_ro,SELECT,,鍙傝€冩暟鎹?缂栫爜缁村害琛?
dim,dim_ref_quote_code_dd,ds_aikefu_ro,SELECT,,鍙傝€冩暟鎹?浠ｇ爜缁村害琛?
dw,dim_adm_china_dd,ds_aikefu_ro,SELECT,,鍖哄煙-涓浗琛屾斂鍖哄垝
dw,dim_attr_value_info_dd,ds_aikefu_ro,SELECT,,灞炴€у€间俊鎭淮搴﹁〃
dw,dim_customer_base_info_dd,ds_aikefu_ro,SELECT,,瀹㈡埛涓绘暟鎹熀鏈俊鎭?
dw,dim_customer_trade_info_dd,ds_aikefu_ro,SELECT,,瀹㈡埛璐告槗鍏崇郴淇℃伅淇℃伅
dw,dim_date_nd,ds_aikefu_ro,SELECT,,鏃ユ湡缁村害涓昏〃
dw,dim_material_attr_info_dd,ds_aikefu_ro,SELECT,,鐗╂枡瀵瑰簲灞炴€у強灞炴€у€间俊鎭?
dw,dim_material_base_info_dd,ds_aikefu_ro,SELECT,,鐗╂枡涓绘暟鎹熀鏈俊鎭?
dw,dim_material_class_attr_mapping_dd,ds_aikefu_ro,SELECT,,鐗╂枡鍒嗙被-灞炴€у叧绯绘槧灏勮〃
dw,dim_material_class_info_dd,ds_aikefu_ro,SELECT,,鐗╂枡鍒嗙被淇℃伅骞抽摵灞曠ず琛?
dw,dim_material_sap_compare_dd,ds_aikefu_ro,SELECT,,鐗╂枡绯荤粺缂栫爜瀵圭収
dw,dim_product_addl_info_dd,ds_aikefu_ro,SELECT,,浜у搧闄勫姞淇℃伅-鐗╂枡缁勩€侀攢鍞粍缁囦俊鎭?
dw,dim_product_attr_info_dd,ds_aikefu_ro,SELECT,,浜у搧瀵瑰簲灞炴€у強灞炴€у€间俊鎭?
dw,dim_product_base_info_dd,ds_aikefu_ro,SELECT,,浜у搧涓绘暟鎹熀鏈俊鎭?
dw,dim_product_base_info_nd,ds_aikefu_ro,SELECT,,鐭ヨ瘑搴?浜у搧灞炴€т俊鎭?
dw,dim_product_class_info_dd,ds_aikefu_ro,SELECT,,浜у搧鍒嗙被缁村害琛?
dw,dim_public_reference_data_dd,ds_aikefu_ro,SELECT,,婧愮郴缁熸棤娉ㄩ噴
dw,dim_supplier_base_info_dd,ds_aikefu_ro,SELECT,,渚涘簲鍟嗕富鏁版嵁鍩烘湰淇℃伅
dw,dim_supplier_company_info_dd,ds_aikefu_ro,SELECT,,渚涘簲鍟?鍏徃瑙嗗浘
ods,odss990_ZMDGT139,ds_aikefu_ro,SELECT,,
ods,odss990_ZMDGT150,ds_aikefu_ro,SELECT,,
ods,odss990_ZMDGT153,ds_aikefu_ro,SELECT,,
ods,odss990_tgsb,ds_aikefu_ro,SELECT,,涓氬姟鑼冨洿
ods,odss990_zmdgt134,ds_aikefu_ro,SELECT,,鍔犺浇鏃堕棿
ods,odss990_zmdgt137,ds_aikefu_ro,SELECT,,涓氬姟鑼冨洿鍜屽叕鍙镐唬鐮佸叧绯?
ods,odss990_zmdgt138,ds_aikefu_ro,SELECT,,鍋滅敤鏍囪瘑
ods,odss990_zmdgt143,ds_aikefu_ro,SELECT,,鍒╂鼎涓績涓庢垚鏈腑蹇冨叧绯昏〃
ods,odss990_zmdgt144,ds_aikefu_ro,SELECT,,涓氬姟鑼冨洿涓庢垚鏈腑蹇冨叧绯昏〃
dim,dim_mhr_mos_org_base_info_dd,ds_wlkzt_rw,SELECT,,缁勭粐涓绘暟鎹熀鏈俊鎭?
dim,dim_mk_shop_detail_dd,ds_wlkzt_rw,SELECT,,闂ㄥ簵鏄庣粏琛?
dim,dim_mk_shop_info_dd,ds_wlkzt_rw,SELECT,,闂ㄥ簵鍩虹淇℃伅琛?
dim,dim_ref_data_dd,ds_wlkzt_rw,SELECT,,鍙傝€冩暟鎹?缂栫爜缁村害琛?
dim,dim_ref_quote_code_dd,ds_wlkzt_rw,SELECT,,鍙傝€冩暟鎹?浠ｇ爜缁村害琛?
dw,dim_adm_china_dd,ds_wlkzt_rw,SELECT,,鍖哄煙-涓浗琛屾斂鍖哄垝
dw,dim_attr_value_info_dd,ds_wlkzt_rw,SELECT,,灞炴€у€间俊鎭淮搴﹁〃
dw,dim_customer_base_info_dd,ds_wlkzt_rw,SELECT,,瀹㈡埛涓绘暟鎹熀鏈俊鎭?
dw,dim_customer_trade_info_dd,ds_wlkzt_rw,SELECT,,瀹㈡埛璐告槗鍏崇郴淇℃伅淇℃伅
dw,dim_date_nd,ds_wlkzt_rw,SELECT,,鏃ユ湡缁村害涓昏〃
dw,dim_material_attr_info_dd,ds_wlkzt_rw,SELECT,,鐗╂枡瀵瑰簲灞炴€у強灞炴€у€间俊鎭?
dw,dim_material_base_info_dd,ds_wlkzt_rw,SELECT,,鐗╂枡涓绘暟鎹熀鏈俊鎭?
dw,dim_material_class_attr_mapping_dd,ds_wlkzt_rw,SELECT,,鐗╂枡鍒嗙被-灞炴€у叧绯绘槧灏勮〃
dw,dim_material_class_info_dd,ds_wlkzt_rw,SELECT,,鐗╂枡鍒嗙被淇℃伅骞抽摵灞曠ず琛?
dw,dim_material_sap_compare_dd,ds_wlkzt_rw,SELECT,,鐗╂枡绯荤粺缂栫爜瀵圭収
dw,dim_product_addl_info_dd,ds_wlkzt_rw,SELECT,,浜у搧闄勫姞淇℃伅-鐗╂枡缁勩€侀攢鍞粍缁囦俊鎭?
dw,dim_product_attr_info_dd,ds_wlkzt_rw,SELECT,,浜у搧瀵瑰簲灞炴€у強灞炴€у€间俊鎭?
dw,dim_product_base_info_dd,ds_wlkzt_rw,SELECT,,浜у搧涓绘暟鎹熀鏈俊鎭?
dw,dim_product_base_info_nd,ds_wlkzt_rw,SELECT,,鐭ヨ瘑搴?浜у搧灞炴€т俊鎭?
dw,dim_product_class_info_dd,ds_wlkzt_rw,SELECT,,浜у搧鍒嗙被缁村害琛?
dw,dim_public_reference_data_dd,ds_wlkzt_rw,SELECT,,婧愮郴缁熸棤娉ㄩ噴
dw,dim_supplier_base_info_dd,ds_wlkzt_rw,SELECT,,渚涘簲鍟嗕富鏁版嵁鍩烘湰淇℃伅
dw,dim_supplier_company_info_dd,ds_wlkzt_rw,SELECT,,渚涘簲鍟?鍏徃瑙嗗浘
ods,ODSGIC_T_BD_MATERIAL,ds_wlkzt_rw,SELECT,,
ods,odscis_cust_info,ds_wlkzt_rw,SELECT,,鍟嗗鍩虹淇℃伅-鐢熸晥
ods,odscis_fw_org,ds_wlkzt_rw,SELECT,,缁勭粐
ods,odscis_fw_property,ds_wlkzt_rw,SELECT,,瀛楀吀鏁版嵁
ods,odsgic_t_bd_material,ds_wlkzt_rw,SELECT,,鐗╂枡
ods,odsgss_im_rolling_plan_detail,ds_wlkzt_rw,SELECT,,婊氬姩璁″垝鏄庣粏琛?
ods,odss600_mara,ds_wlkzt_rw,SELECT,,婧愮郴缁熸棤娉ㄩ噴
ods,odss600_zts600_zsd080,ds_wlkzt_rw,SELECT,,
ods,odss990_ZMDGT139,ds_wlkzt_rw,SELECT,,
ods,odss990_ZMDGT150,ds_wlkzt_rw,SELECT,,
ods,odss990_ZMDGT153,ds_wlkzt_rw,SELECT,,
ods,odss990_tgsb,ds_wlkzt_rw,SELECT,,涓氬姟鑼冨洿
ods,odss990_zmdgt134,ds_wlkzt_rw,SELECT,,鍔犺浇鏃堕棿
ods,odss990_zmdgt137,ds_wlkzt_rw,SELECT,,涓氬姟鑼冨洿鍜屽叕鍙镐唬鐮佸叧绯?
ods,odss990_zmdgt138,ds_wlkzt_rw,SELECT,,鍋滅敤鏍囪瘑
ods,odss990_zmdgt143,ds_wlkzt_rw,SELECT,,鍒╂鼎涓績涓庢垚鏈腑蹇冨叧绯昏〃
ods,odss990_zmdgt144,ds_wlkzt_rw,SELECT,,涓氬姟鑼冨洿涓庢垚鏈腑蹇冨叧绯昏〃
dim,dim_mhr_mos_org_base_info_dd,ds_cm_rw,SELECT,,缁勭粐涓绘暟鎹熀鏈俊鎭?
dim,dim_mk_shop_detail_dd,ds_cm_rw,SELECT,,闂ㄥ簵鏄庣粏琛?
dim,dim_mk_shop_info_dd,ds_cm_rw,SELECT,,闂ㄥ簵鍩虹淇℃伅琛?
dim,dim_ref_data_dd,ds_cm_rw,SELECT,,鍙傝€冩暟鎹?缂栫爜缁村害琛?
dim,dim_ref_quote_code_dd,ds_cm_rw,SELECT,,鍙傝€冩暟鎹?浠ｇ爜缁村害琛?
dw,dim_adm_china_dd,ds_cm_rw,SELECT,,鍖哄煙-涓浗琛屾斂鍖哄垝
dw,dim_attr_value_info_dd,ds_cm_rw,SELECT,,灞炴€у€间俊鎭淮搴﹁〃
dw,dim_customer_base_info_dd,ds_cm_rw,SELECT,,瀹㈡埛涓绘暟鎹熀鏈俊鎭?
dw,dim_customer_trade_info_dd,ds_cm_rw,SELECT,,瀹㈡埛璐告槗鍏崇郴淇℃伅淇℃伅
dw,dim_date_nd,ds_cm_rw,SELECT,,鏃ユ湡缁村害涓昏〃
dw,dim_material_attr_info_dd,ds_cm_rw,SELECT,,鐗╂枡瀵瑰簲灞炴€у強灞炴€у€间俊鎭?
dw,dim_material_base_info_dd,ds_cm_rw,SELECT,,鐗╂枡涓绘暟鎹熀鏈俊鎭?
dw,dim_material_class_attr_mapping_dd,ds_cm_rw,SELECT,,鐗╂枡鍒嗙被-灞炴€у叧绯绘槧灏勮〃
dw,dim_material_class_info_dd,ds_cm_rw,SELECT,,鐗╂枡鍒嗙被淇℃伅骞抽摵灞曠ず琛?
dw,dim_material_sap_compare_dd,ds_cm_rw,SELECT,,鐗╂枡绯荤粺缂栫爜瀵圭収
dw,dim_product_addl_info_dd,ds_cm_rw,SELECT,,浜у搧闄勫姞淇℃伅-鐗╂枡缁勩€侀攢鍞粍缁囦俊鎭?
dw,dim_product_attr_info_dd,ds_cm_rw,SELECT,,浜у搧瀵瑰簲灞炴€у強灞炴€у€间俊鎭?
dw,dim_product_base_info_dd,ds_cm_rw,SELECT,,浜у搧涓绘暟鎹熀鏈俊鎭?
dw,dim_product_base_info_nd,ds_cm_rw,SELECT,,鐭ヨ瘑搴?浜у搧灞炴€т俊鎭?
dw,dim_product_class_info_dd,ds_cm_rw,SELECT,,浜у搧鍒嗙被缁村害琛?
dw,dim_public_reference_data_dd,ds_cm_rw,SELECT,,婧愮郴缁熸棤娉ㄩ噴
dw,dim_supplier_base_info_dd,ds_cm_rw,SELECT,,渚涘簲鍟嗕富鏁版嵁鍩烘湰淇℃伅
dw,dim_supplier_company_info_dd,ds_cm_rw,SELECT,,渚涘簲鍟?鍏徃瑙嗗浘
ods,ODSS900_MARC,ds_cm_rw,SELECT,,
ods,ODSS900_ZRDM_INF_READ_ZRMM016,ds_cm_rw,SELECT,,
ods,ODSSLT_S600_MARA,ds_cm_rw,SELECT,,
ods,ODSSLT_S800_MARA,ds_cm_rw,SELECT,,
ods,ODS_SLT_S600_MSEG,ds_cm_rw,SELECT,,
ods,ODS_SLT_S700_MSEG,ds_cm_rw,SELECT,,
ods,ODS_SLT_S800_MSEG,ds_cm_rw,SELECT,,
ods,ODS_SLT_S900_MSEG,ds_cm_rw,SELECT,,
ods,odsSCM_WO_CM_WORK_ORDER,ds_cm_rw,SELECT,,
ods,ods_slt_s800_mseg,ds_cm_rw,SELECT,,鐗╂枡鍑瘉琛岄」鐩俊鎭?
ods,ods_slt_s900_mseg,ds_cm_rw,SELECT,,鐗╂枡鍑瘉琛岄」鐩俊鎭?
ods,odsaps_plan_scm_allobom_domestic_kt_snapshot,ds_cm_rw,SELECT,,涓昏鍒掑揩鐓ц〃
ods,odsbpm_wf_h_workitem,ds_cm_rw,SELECT,,婧愮郴缁熸棤娉ㄩ噴
ods,odsbpm_wfworkitem,ds_cm_rw,SELECT,,婧愮郴缁熸棤娉ㄩ噴
ods,odscis_base_matkl,ds_cm_rw,SELECT,,鐗╂枡缁?
ods,odscis_cust_info,ds_cm_rw,SELECT,,鍟嗗鍩虹淇℃伅-鐢熸晥
ods,odscis_fw_org,ds_cm_rw,SELECT,,缁勭粐
ods,odscis_fw_property,ds_cm_rw,SELECT,,瀛楀吀鏁版嵁
ods,odsdt_tm_ldap_user,ds_cm_rw,SELECT,,s900 getbom
ods,odsebpm_wf_h_activityinst,ds_cm_rw,SELECT,,婧愮郴缁熸棤娉ㄩ噴
ods,odsebpm_wf_h_optmsg,ds_cm_rw,SELECT,,婧愮郴缁熸棤娉ㄩ噴
ods,odsebpm_wf_h_workitem,ds_cm_rw,SELECT,,婧愮郴缁熸棤娉ㄩ噴
ods,odsebpm_wfoptmsg,ds_cm_rw,SELECT,,婧愮郴缁熸棤娉ㄩ噴
ods,odsebpm_wfworkitem,ds_cm_rw,SELECT,,婧愮郴缁熸棤娉ㄩ噴
ods,odsgss_im_rolling_plan_detail,ds_cm_rw,SELECT,,婊氬姩璁″垝鏄庣粏琛?
ods,odsjtbpm_wfworkitem,ds_cm_rw,SELECT,,婧愮郴缁熸棤娉ㄩ噴
ods,odsjtplm_his_marketablemachine,ds_cm_rw,SELECT,,婧愮郴缁熸棤娉ㄩ噴
ods,odsmdm_mat_bi_base_info,ds_cm_rw,SELECT,,MDM鐗╂枡鍩虹淇℃伅琛紝璇ヨ〃鏈夋椂鍊欎細鏈夌鎶ユ潵鎶撳彇鐗╂枡淇℃伅锛屾湁鏃跺€欑鎶ヤ細璇存湁鐨勭墿鏂欏彿娌℃姄鍒帮紝灏卞湪姝よ〃缁存姢
ods,odsmes_tvn_pom_order,ds_cm_rw,SELECT,,宸ュ崟琛?
ods,odsmes_tvn_pom_order_status,ds_cm_rw,SELECT,,宸ュ崟鐘舵€佽〃
ods,odsmes_tvn_rp_production_report,ds_cm_rw,SELECT,,浜у搧浜ч噺鏁版嵁琛?
ods,odsmes_tvngy_pom_order,ds_cm_rw,SELECT,,宸ュ崟琛?
ods,odsmes_tvngy_pom_order_status,ds_cm_rw,SELECT,,宸ュ崟鐘舵€佽〃
ods,odsmes_tvngy_rp_production_report,ds_cm_rw,SELECT,,浜у搧浜ч噺鏁版嵁琛?
ods,odsmes_tvnjm_pom_order,ds_cm_rw,SELECT,,宸ュ崟琛?
ods,odsmes_tvnjm_pom_order_status,ds_cm_rw,SELECT,,宸ュ崟鐘舵€佽〃
ods,odsmes_tvnjm_rp_production_report,ds_cm_rw,SELECT,,浜у搧浜ч噺鏁版嵁琛?
ods,odsplm_big_data_domestic_table_bx,ds_cm_rw,SELECT,,婧愮郴缁熸棤娉ㄩ噴
ods,odsplm_big_data_domestic_table_lg,ds_cm_rw,SELECT,,婧愮郴缁熸棤娉ㄩ噴
ods,odsplm_big_data_domestic_table_xyj,ds_cm_rw,SELECT,,婧愮郴缁熸棤娉ㄩ噴
ods,odsplm_hac_product_info,ds_cm_rw,SELECT,,椤圭洰銆佷骇鍝佸搴斿叧绯?
ods,odsplm_hac_project_info,ds_cm_rw,SELECT,,婧愮郴缁熸棤娉ㄩ噴
ods,odsplm_hac_sap_info,ds_cm_rw,SELECT,,婧愮郴缁熸棤娉ㄩ噴
ods,odsplm_tv_hszhihuiyuntu,ds_cm_rw,SELECT,,婧愮郴缁熸棤娉ㄩ噴
ods,odsplm_u_kt_prod_prop,ds_cm_rw,SELECT,,婧愮郴缁熸棤娉ㄩ噴
ods,odsrdm_t_hisense_bg_mon_phaseattount,ds_cm_rw,SELECT,,婧愮郴缁熸棤娉ㄩ噴
ods,odsrdm_t_obj_baseitem,ds_cm_rw,SELECT,,婧愮郴缁熸棤娉ㄩ噴
ods,odsrdm_t_obj_ophis,ds_cm_rw,SELECT,,婧愮郴缁熸棤娉ㄩ噴
ods,odsrdm_t_obj_rlt,ds_cm_rw,SELECT,,婧愮郴缁熸棤娉ㄩ噴
ods,odsrdm_t_pim_pim,ds_cm_rw,SELECT,,婧愮郴缁熸棤娉ㄩ噴
ods,odsrdm_t_pln_milstn,ds_cm_rw,SELECT,,婧愮郴缁熸棤娉ㄩ噴
ods,odsrdm_t_psm_ext,ds_cm_rw,SELECT,,
ods,odsrdm_t_psm_pjt,ds_cm_rw,SELECT,,婧愮郴缁熸棤娉ㄩ噴
ods,odsrdm_t_rew_review,ds_cm_rw,SELECT,,婧愮郴缁熸棤娉ㄩ噴
ods,odsrdm_t_sec_rol,ds_cm_rw,SELECT,,婧愮郴缁熸棤娉ㄩ噴
ods,odsrdm_t_sec_userrol,ds_cm_rw,SELECT,,婧愮郴缁熸棤娉ㄩ噴
ods,odsrdm_t_sys_emp,ds_cm_rw,SELECT,,婧愮郴缁熸棤娉ㄩ噴
ods,odsrdm_t_wf24_ext,ds_cm_rw,SELECT,,婧愮郴缁熸棤娉ㄩ噴
ods,odsrdm_t_wf24_wf24,ds_cm_rw,SELECT,,婧愮郴缁熸棤娉ㄩ噴
ods,odsrdm_t_wf52_ext,ds_cm_rw,SELECT,,婧愮郴缁熸棤娉ㄩ噴
ods,odsrdm_t_wf52_wf52,ds_cm_rw,SELECT,,婧愮郴缁熸棤娉ㄩ噴
ods,odsrdm_t_wf55_ext,ds_cm_rw,SELECT,,婧愮郴缁熸棤娉ㄩ噴
ods,odsrdm_t_wf55_wf55,ds_cm_rw,SELECT,,婧愮郴缁熸棤娉ㄩ噴
ods,odsrdm_t_wf64_ext,ds_cm_rw,SELECT,,婧愮郴缁熸棤娉ㄩ噴
ods,odsrdm_t_wf_node,ds_cm_rw,SELECT,,婧愮郴缁熸棤娉ㄩ噴
ods,odsrdm_t_wf_status,ds_cm_rw,SELECT,,婧愮郴缁熸棤娉ㄩ噴
ods,odss600_lfa1,ds_cm_rw,SELECT,,MDG渚涘簲鍟嗗悕绉拌嫳鏂?
ods,odss600_mara,ds_cm_rw,SELECT,,婧愮郴缁熸棤娉ㄩ噴
ods,odss600_marc,ds_cm_rw,SELECT,,婧愮郴缁熸棤娉ㄩ噴
ods,odss700_lfa1,ds_cm_rw,SELECT,,MDG渚涘簲鍟嗗悕绉拌嫳鏂?
ods,odss700_mara,ds_cm_rw,SELECT,,婧愮郴缁熸棤娉ㄩ噴
ods,odss700_marc,ds_cm_rw,SELECT,,婧愮郴缁熸棤娉ㄩ噴
ods,odss800_lfa1,ds_cm_rw,SELECT,,MDG渚涘簲鍟嗗悕绉拌嫳鏂?
ods,odss800_mara,ds_cm_rw,SELECT,,婧愮郴缁熸棤娉ㄩ噴
ods,odss800_marc,ds_cm_rw,SELECT,,婧愮郴缁熸棤娉ㄩ噴
ods,odss900_lfa1,ds_cm_rw,SELECT,,MDG渚涘簲鍟嗗悕绉拌嫳鏂?
ods,odss900_mara,ds_cm_rw,SELECT,,GMV
ods,odss900_marc,ds_cm_rw,SELECT,,绉伴噸鏍囪瘑
ods,odss900_zrdm_inf_read_zrmm016,ds_cm_rw,SELECT,,閲囪喘淇℃伅璁板綍琛?
ods,odss900_zrdm_master_data_mara,ds_cm_rw,SELECT,,SAP鐗╂枡涓绘暟鎹?
ods,odss900_zrdm_rfc_bom_infoadd,ds_cm_rw,SELECT,,婧愮郴缁熸棤娉ㄩ噴
ods,odss900_zrdm_zfi33_price,ds_cm_rw,SELECT,,婧愮郴缁熸棤娉ㄩ噴
ods,odss990_ZMDGT139,ds_cm_rw,SELECT,,
ods,odss990_ZMDGT150,ds_cm_rw,SELECT,,
ods,odss990_ZMDGT153,ds_cm_rw,SELECT,,
ods,odss990_tgsb,ds_cm_rw,SELECT,,涓氬姟鑼冨洿
ods,odss990_zmdgt134,ds_cm_rw,SELECT,,鍔犺浇鏃堕棿
ods,odss990_zmdgt137,ds_cm_rw,SELECT,,涓氬姟鑼冨洿鍜屽叕鍙镐唬鐮佸叧绯?
ods,odss990_zmdgt138,ds_cm_rw,SELECT,,鍋滅敤鏍囪瘑
ods,odss990_zmdgt143,ds_cm_rw,SELECT,,鍒╂鼎涓績涓庢垚鏈腑蹇冨叧绯昏〃
ods,odss990_zmdgt144,ds_cm_rw,SELECT,,涓氬姟鑼冨洿涓庢垚鏈腑蹇冨叧绯昏〃
ods,odsscm_wo_cm_work_order,ds_cm_rw,SELECT,,宸ュ崟琛?
ods,odsslt_s600_mara,ds_cm_rw,SELECT,,甯歌鐗╂枡鏁版嵁
ods,odsslt_s800_mara,ds_cm_rw,SELECT,,甯歌鐗╂枡鏁版嵁
ods,odssrmn_md_org,ds_cm_rw,SELECT,,宸ュ巶
ods,odssrmn_md_org_company,ds_cm_rw,SELECT,,宸ュ巶-浜у搧鍏徃鍏崇郴琛?
ods,odssrmn_md_supp_client,ds_cm_rw,SELECT,,渚涘簲鍟哠AP缂栫爜琛?
ods,odssrmn_md_supp_info,ds_cm_rw,SELECT,,渚涘簲鍟嗕俊鎭〃(涓氬姟鎵ц浣跨敤)
ods,odstcplm_u_kt_prod_prop,ds_cm_rw,SELECT,,婧愮郴缁熸棤娉ㄩ噴
dim,dim_mhr_mos_org_base_info_dd,ds_eam_ro,SELECT,,缁勭粐涓绘暟鎹熀鏈俊鎭?
dim,dim_mk_shop_detail_dd,ds_eam_ro,SELECT,,闂ㄥ簵鏄庣粏琛?
dim,dim_mk_shop_info_dd,ds_eam_ro,SELECT,,闂ㄥ簵鍩虹淇℃伅琛?
dim,dim_ref_data_dd,ds_eam_ro,SELECT,,鍙傝€冩暟鎹?缂栫爜缁村害琛?
dim,dim_ref_quote_code_dd,ds_eam_ro,SELECT,,鍙傝€冩暟鎹?浠ｇ爜缁村害琛?
dw,dim_adm_china_dd,ds_eam_ro,SELECT,,鍖哄煙-涓浗琛屾斂鍖哄垝
dw,dim_attr_value_info_dd,ds_eam_ro,SELECT,,灞炴€у€间俊鎭淮搴﹁〃
dw,dim_customer_base_info_dd,ds_eam_ro,SELECT,,瀹㈡埛涓绘暟鎹熀鏈俊鎭?
dw,dim_customer_trade_info_dd,ds_eam_ro,SELECT,,瀹㈡埛璐告槗鍏崇郴淇℃伅淇℃伅
dw,dim_date_nd,ds_eam_ro,SELECT,,鏃ユ湡缁村害涓昏〃
dw,dim_material_attr_info_dd,ds_eam_ro,SELECT,,鐗╂枡瀵瑰簲灞炴€у強灞炴€у€间俊鎭?
dw,dim_material_base_info_dd,ds_eam_ro,SELECT,,鐗╂枡涓绘暟鎹熀鏈俊鎭?
dw,dim_material_class_attr_mapping_dd,ds_eam_ro,SELECT,,鐗╂枡鍒嗙被-灞炴€у叧绯绘槧灏勮〃
dw,dim_material_class_info_dd,ds_eam_ro,SELECT,,鐗╂枡鍒嗙被淇℃伅骞抽摵灞曠ず琛?
dw,dim_material_sap_compare_dd,ds_eam_ro,SELECT,,鐗╂枡绯荤粺缂栫爜瀵圭収
dw,dim_product_addl_info_dd,ds_eam_ro,SELECT,,浜у搧闄勫姞淇℃伅-鐗╂枡缁勩€侀攢鍞粍缁囦俊鎭?
dw,dim_product_attr_info_dd,ds_eam_ro,SELECT,,浜у搧瀵瑰簲灞炴€у強灞炴€у€间俊鎭?
dw,dim_product_base_info_dd,ds_eam_ro,SELECT,,浜у搧涓绘暟鎹熀鏈俊鎭?
dw,dim_product_base_info_nd,ds_eam_ro,SELECT,,鐭ヨ瘑搴?浜у搧灞炴€т俊鎭?
dw,dim_product_class_info_dd,ds_eam_ro,SELECT,,浜у搧鍒嗙被缁村害琛?
dw,dim_public_reference_data_dd,ds_eam_ro,SELECT,,婧愮郴缁熸棤娉ㄩ噴
dw,dim_supplier_base_info_dd,ds_eam_ro,SELECT,,渚涘簲鍟嗕富鏁版嵁鍩烘湰淇℃伅
dw,dim_supplier_company_info_dd,ds_eam_ro,SELECT,,渚涘簲鍟?鍏徃瑙嗗浘
ods,odss990_ZMDGT139,ds_eam_ro,SELECT,,
ods,odss990_ZMDGT150,ds_eam_ro,SELECT,,
ods,odss990_ZMDGT153,ds_eam_ro,SELECT,,
ods,odss990_tgsb,ds_eam_ro,SELECT,,涓氬姟鑼冨洿
ods,odss990_zmdgt134,ds_eam_ro,SELECT,,鍔犺浇鏃堕棿
ods,odss990_zmdgt137,ds_eam_ro,SELECT,,涓氬姟鑼冨洿鍜屽叕鍙镐唬鐮佸叧绯?
ods,odss990_zmdgt138,ds_eam_ro,SELECT,,鍋滅敤鏍囪瘑
ods,odss990_zmdgt143,ds_eam_ro,SELECT,,鍒╂鼎涓績涓庢垚鏈腑蹇冨叧绯昏〃
ods,odss990_zmdgt144,ds_eam_ro,SELECT,,涓氬姟鑼冨洿涓庢垚鏈腑蹇冨叧绯昏〃
dim,dim_mhr_mos_org_base_info_dd,ds_cgsjz_rw,SELECT,,缁勭粐涓绘暟鎹熀鏈俊鎭?
dim,dim_mk_shop_detail_dd,ds_cgsjz_rw,SELECT,,闂ㄥ簵鏄庣粏琛?
dim,dim_mk_shop_info_dd,ds_cgsjz_rw,SELECT,,闂ㄥ簵鍩虹淇℃伅琛?
dim,dim_ref_data_dd,ds_cgsjz_rw,SELECT,,鍙傝€冩暟鎹?缂栫爜缁村害琛?
dim,dim_ref_quote_code_dd,ds_cgsjz_rw,SELECT,,鍙傝€冩暟鎹?浠ｇ爜缁村害琛?
dw,dim_adm_china_dd,ds_cgsjz_rw,SELECT,,鍖哄煙-涓浗琛屾斂鍖哄垝
dw,dim_attr_value_info_dd,ds_cgsjz_rw,SELECT,,灞炴€у€间俊鎭淮搴﹁〃
dw,dim_customer_base_info_dd,ds_cgsjz_rw,SELECT,,瀹㈡埛涓绘暟鎹熀鏈俊鎭?
dw,dim_customer_trade_info_dd,ds_cgsjz_rw,SELECT,,瀹㈡埛璐告槗鍏崇郴淇℃伅淇℃伅
dw,dim_date_nd,ds_cgsjz_rw,SELECT,,鏃ユ湡缁村害涓昏〃
dw,dim_material_attr_info_dd,ds_cgsjz_rw,SELECT,,鐗╂枡瀵瑰簲灞炴€у強灞炴€у€间俊鎭?
dw,dim_material_base_info_dd,ds_cgsjz_rw,SELECT,,鐗╂枡涓绘暟鎹熀鏈俊鎭?
dw,dim_material_class_attr_mapping_dd,ds_cgsjz_rw,SELECT,,鐗╂枡鍒嗙被-灞炴€у叧绯绘槧灏勮〃
dw,dim_material_class_info_dd,ds_cgsjz_rw,SELECT,,鐗╂枡鍒嗙被淇℃伅骞抽摵灞曠ず琛?
dw,dim_material_sap_compare_dd,ds_cgsjz_rw,SELECT,,鐗╂枡绯荤粺缂栫爜瀵圭収
dw,dim_product_addl_info_dd,ds_cgsjz_rw,SELECT,,浜у搧闄勫姞淇℃伅-鐗╂枡缁勩€侀攢鍞粍缁囦俊鎭?
dw,dim_product_attr_info_dd,ds_cgsjz_rw,SELECT,,浜у搧瀵瑰簲灞炴€у強灞炴€у€间俊鎭?
dw,dim_product_base_info_dd,ds_cgsjz_rw,SELECT,,浜у搧涓绘暟鎹熀鏈俊鎭?
dw,dim_product_base_info_nd,ds_cgsjz_rw,SELECT,,鐭ヨ瘑搴?浜у搧灞炴€т俊鎭?
dw,dim_product_class_info_dd,ds_cgsjz_rw,SELECT,,浜у搧鍒嗙被缁村害琛?
dw,dim_public_reference_data_dd,ds_cgsjz_rw,SELECT,,婧愮郴缁熸棤娉ㄩ噴
dw,dim_supplier_base_info_dd,ds_cgsjz_rw,SELECT,,渚涘簲鍟嗕富鏁版嵁鍩烘湰淇℃伅
dw,dim_supplier_company_info_dd,ds_cgsjz_rw,SELECT,,渚涘簲鍟?鍏徃瑙嗗浘
dw,dwmm_tt_quota_material_first,ds_cgsjz_rw,SELECT,,鐗╂枡閰嶉
dwd,dwd_ipd_irs_s700_bom_dd,ds_cgsjz_rw,SELECT,,sap700bom骞抽摵琛?
dwd,dwd_ipd_irs_s800_bom_dd,ds_cgsjz_rw,SELECT,,sap800bom骞抽摵琛?
dwd,dwd_ipd_irs_s900_bom_dd,ds_cgsjz_rw,SELECT,,sap900bom骞抽摵琛?
dws,dws_ipd_irs_cosdown_results_plhz_dd,ds_cgsjz_rw,SELECT,,鍝佺被灞傚姞宸ユ眹鎬昏〃
dws,dws_ipd_irs_tywl_cgwlk_detail_dd,ds_cgsjz_rw,SELECT,,閲囪喘鐗╂枡搴撴槑缁?
dws,dws_ipd_irs_tywl_fszb_bl_detail_dd,ds_cgsjz_rw,SELECT,,鐗╂枡搴撻檮灞炴寚鏍?鏂板鍑忓皯)鏄庣粏鍐板喎
dws,dws_ipd_irs_tywl_fszb_detail_dd,ds_cgsjz_rw,SELECT,,鐗╂枡搴撻檮灞炴寚鏍?鏂板鍑忓皯)鏄庣粏
dws,dws_ipd_irs_tywl_plwlk_detail_dd,ds_cgsjz_rw,SELECT,,鍝佺被鐗╂枡搴撴槑缁?
dws,dws_ipd_irs_tywl_plzbk_detail_dd,ds_cgsjz_rw,SELECT,,鍝佺被鎸囨爣搴撴槑缁?
ods,odsbpm_wfactivityinst,ds_cgsjz_rw,SELECT,,婧愮郴缁熸棤娉ㄩ噴
ods,odsbpm_wfworkitem,ds_cgsjz_rw,SELECT,,婧愮郴缁熸棤娉ㄩ噴
ods,odsebpm_wfworkitem,ds_cgsjz_rw,SELECT,,婧愮郴缁熸棤娉ㄩ噴
ods,odsmes_tvn_pom_order,ds_cgsjz_rw,SELECT,,宸ュ崟琛?
ods,odsmes_tvngy_pom_order,ds_cgsjz_rw,SELECT,,宸ュ崟琛?
ods,odsmes_tvnjm_pom_order,ds_cgsjz_rw,SELECT,,宸ュ崟琛?
ods,odss600_lfa1,ds_cgsjz_rw,SELECT,,MDG渚涘簲鍟嗗悕绉拌嫳鏂?
ods,odss600_mara,ds_cgsjz_rw,SELECT,,婧愮郴缁熸棤娉ㄩ噴
ods,odss600_marc,ds_cgsjz_rw,SELECT,,婧愮郴缁熸棤娉ㄩ噴
ods,odss700_lfa1,ds_cgsjz_rw,SELECT,,MDG渚涘簲鍟嗗悕绉拌嫳鏂?
ods,odss700_mara,ds_cgsjz_rw,SELECT,,婧愮郴缁熸棤娉ㄩ噴
ods,odss700_marc,ds_cgsjz_rw,SELECT,,婧愮郴缁熸棤娉ㄩ噴
ods,odss800_lfa1,ds_cgsjz_rw,SELECT,,MDG渚涘簲鍟嗗悕绉拌嫳鏂?
ods,odss800_mara,ds_cgsjz_rw,SELECT,,婧愮郴缁熸棤娉ㄩ噴
ods,odss800_marc,ds_cgsjz_rw,SELECT,,婧愮郴缁熸棤娉ㄩ噴
ods,odss800_tcurr,ds_cgsjz_rw,SELECT,,姹囩巼
ods,odss900_lfa1,ds_cgsjz_rw,SELECT,,MDG渚涘簲鍟嗗悕绉拌嫳鏂?
ods,odss900_mara,ds_cgsjz_rw,SELECT,,GMV
ods,odss900_marc,ds_cgsjz_rw,SELECT,,绉伴噸鏍囪瘑
ods,odss990_ZMDGT113,ds_cgsjz_rw,SELECT,,
ods,odss990_ZMDGT139,ds_cgsjz_rw,SELECT,,
ods,odss990_ZMDGT150,ds_cgsjz_rw,SELECT,,
ods,odss990_ZMDGT153,ds_cgsjz_rw,SELECT,,
ods,odss990_mara,ds_cgsjz_rw,SELECT,,婧愮郴缁熸棤娉ㄩ噴
ods,odss990_tgsb,ds_cgsjz_rw,SELECT,,涓氬姟鑼冨洿
ods,odss990_zmdgt134,ds_cgsjz_rw,SELECT,,鍔犺浇鏃堕棿
ods,odss990_zmdgt137,ds_cgsjz_rw,SELECT,,涓氬姟鑼冨洿鍜屽叕鍙镐唬鐮佸叧绯?
ods,odss990_zmdgt138,ds_cgsjz_rw,SELECT,,鍋滅敤鏍囪瘑
ods,odss990_zmdgt143,ds_cgsjz_rw,SELECT,,鍒╂鼎涓績涓庢垚鏈腑蹇冨叧绯昏〃
ods,odss990_zmdgt144,ds_cgsjz_rw,SELECT,,涓氬姟鑼冨洿涓庢垚鏈腑蹇冨叧绯昏〃
ods,odssrmn_md_org,ds_cgsjz_rw,SELECT,,宸ュ巶
ods,odssrmn_md_org_company,ds_cgsjz_rw,SELECT,,宸ュ巶-浜у搧鍏徃鍏崇郴琛?
ods,odssrmn_md_supp_client,ds_cgsjz_rw,SELECT,,渚涘簲鍟哠AP缂栫爜琛?
ods,odssrmn_md_supp_info,ds_cgsjz_rw,SELECT,,渚涘簲鍟嗕俊鎭〃(涓氬姟鎵ц浣跨敤)
ods,odssyma_FORMFVEXBPDDQU,ds_cgsjz_rw,SELECT,,
dim,dim_mhr_mos_org_base_info_dd,ds_htmp_ro,SELECT,,缁勭粐涓绘暟鎹熀鏈俊鎭?
dim,dim_mk_shop_detail_dd,ds_htmp_ro,SELECT,,闂ㄥ簵鏄庣粏琛?
dim,dim_mk_shop_info_dd,ds_htmp_ro,SELECT,,闂ㄥ簵鍩虹淇℃伅琛?
dim,dim_ref_data_dd,ds_htmp_ro,SELECT,,鍙傝€冩暟鎹?缂栫爜缁村害琛?
dim,dim_ref_quote_code_dd,ds_htmp_ro,SELECT,,鍙傝€冩暟鎹?浠ｇ爜缁村害琛?
dw,dim_adm_china_dd,ds_htmp_ro,SELECT,,鍖哄煙-涓浗琛屾斂鍖哄垝
dw,dim_attr_value_info_dd,ds_htmp_ro,SELECT,,灞炴€у€间俊鎭淮搴﹁〃
dw,dim_customer_base_info_dd,ds_htmp_ro,SELECT,,瀹㈡埛涓绘暟鎹熀鏈俊鎭?
dw,dim_customer_trade_info_dd,ds_htmp_ro,SELECT,,瀹㈡埛璐告槗鍏崇郴淇℃伅淇℃伅
dw,dim_date_nd,ds_htmp_ro,SELECT,,鏃ユ湡缁村害涓昏〃
dw,dim_material_attr_info_dd,ds_htmp_ro,SELECT,,鐗╂枡瀵瑰簲灞炴€у強灞炴€у€间俊鎭?
dw,dim_material_base_info_dd,ds_htmp_ro,SELECT,,鐗╂枡涓绘暟鎹熀鏈俊鎭?
dw,dim_material_class_attr_mapping_dd,ds_htmp_ro,SELECT,,鐗╂枡鍒嗙被-灞炴€у叧绯绘槧灏勮〃
dw,dim_material_class_info_dd,ds_htmp_ro,SELECT,,鐗╂枡鍒嗙被淇℃伅骞抽摵灞曠ず琛?
dw,dim_material_sap_compare_dd,ds_htmp_ro,SELECT,,鐗╂枡绯荤粺缂栫爜瀵圭収
dw,dim_product_addl_info_dd,ds_htmp_ro,SELECT,,浜у搧闄勫姞淇℃伅-鐗╂枡缁勩€侀攢鍞粍缁囦俊鎭?
dw,dim_product_attr_info_dd,ds_htmp_ro,SELECT,,浜у搧瀵瑰簲灞炴€у強灞炴€у€间俊鎭?
dw,dim_product_base_info_dd,ds_htmp_ro,SELECT,,浜у搧涓绘暟鎹熀鏈俊鎭?
dw,dim_product_base_info_nd,ds_htmp_ro,SELECT,,鐭ヨ瘑搴?浜у搧灞炴€т俊鎭?
dw,dim_product_class_info_dd,ds_htmp_ro,SELECT,,浜у搧鍒嗙被缁村害琛?
dw,dim_public_reference_data_dd,ds_htmp_ro,SELECT,,婧愮郴缁熸棤娉ㄩ噴
dw,dim_supplier_base_info_dd,ds_htmp_ro,SELECT,,渚涘簲鍟嗕富鏁版嵁鍩烘湰淇℃伅
dw,dim_supplier_company_info_dd,ds_htmp_ro,SELECT,,渚涘簲鍟?鍏徃瑙嗗浘
ods,odss990_ZMDGT139,ds_htmp_ro,SELECT,,
ods,odss990_ZMDGT150,ds_htmp_ro,SELECT,,
ods,odss990_ZMDGT153,ds_htmp_ro,SELECT,,
ods,odss990_tgsb,ds_htmp_ro,SELECT,,涓氬姟鑼冨洿
ods,odss990_zmdgt134,ds_htmp_ro,SELECT,,鍔犺浇鏃堕棿
ods,odss990_zmdgt137,ds_htmp_ro,SELECT,,涓氬姟鑼冨洿鍜屽叕鍙镐唬鐮佸叧绯?
ods,odss990_zmdgt138,ds_htmp_ro,SELECT,,鍋滅敤鏍囪瘑
ods,odss990_zmdgt143,ds_htmp_ro,SELECT,,鍒╂鼎涓績涓庢垚鏈腑蹇冨叧绯昏〃
ods,odss990_zmdgt144,ds_htmp_ro,SELECT,,涓氬姟鑼冨洿涓庢垚鏈腑蹇冨叧绯昏〃
dim,dim_mhr_mos_org_base_info_dd,ds_jgzc_rw,SELECT,,缁勭粐涓绘暟鎹熀鏈俊鎭?
dim,dim_mk_shop_detail_dd,ds_jgzc_rw,SELECT,,闂ㄥ簵鏄庣粏琛?
dim,dim_mk_shop_info_dd,ds_jgzc_rw,SELECT,,闂ㄥ簵鍩虹淇℃伅琛?
dim,dim_ref_data_dd,ds_jgzc_rw,SELECT,,鍙傝€冩暟鎹?缂栫爜缁村害琛?
dim,dim_ref_quote_code_dd,ds_jgzc_rw,SELECT,,鍙傝€冩暟鎹?浠ｇ爜缁村害琛?
dw,dim_adm_china_dd,ds_jgzc_rw,SELECT,,鍖哄煙-涓浗琛屾斂鍖哄垝
dw,dim_attr_value_info_dd,ds_jgzc_rw,SELECT,,灞炴€у€间俊鎭淮搴﹁〃
dw,dim_customer_base_info_dd,ds_jgzc_rw,SELECT,,瀹㈡埛涓绘暟鎹熀鏈俊鎭?
dw,dim_customer_trade_info_dd,ds_jgzc_rw,SELECT,,瀹㈡埛璐告槗鍏崇郴淇℃伅淇℃伅
dw,dim_date_nd,ds_jgzc_rw,SELECT,,鏃ユ湡缁村害涓昏〃
dw,dim_material_attr_info_dd,ds_jgzc_rw,SELECT,,鐗╂枡瀵瑰簲灞炴€у強灞炴€у€间俊鎭?
dw,dim_material_base_info_dd,ds_jgzc_rw,SELECT,,鐗╂枡涓绘暟鎹熀鏈俊鎭?
dw,dim_material_class_attr_mapping_dd,ds_jgzc_rw,SELECT,,鐗╂枡鍒嗙被-灞炴€у叧绯绘槧灏勮〃
dw,dim_material_class_info_dd,ds_jgzc_rw,SELECT,,鐗╂枡鍒嗙被淇℃伅骞抽摵灞曠ず琛?
dw,dim_material_sap_compare_dd,ds_jgzc_rw,SELECT,,鐗╂枡绯荤粺缂栫爜瀵圭収
dw,dim_product_addl_info_dd,ds_jgzc_rw,SELECT,,浜у搧闄勫姞淇℃伅-鐗╂枡缁勩€侀攢鍞粍缁囦俊鎭?
dw,dim_product_attr_info_dd,ds_jgzc_rw,SELECT,,浜у搧瀵瑰簲灞炴€у強灞炴€у€间俊鎭?
dw,dim_product_base_info_dd,ds_jgzc_rw,SELECT,,浜у搧涓绘暟鎹熀鏈俊鎭?
dw,dim_product_base_info_nd,ds_jgzc_rw,SELECT,,鐭ヨ瘑搴?浜у搧灞炴€т俊鎭?
dw,dim_product_class_info_dd,ds_jgzc_rw,SELECT,,浜у搧鍒嗙被缁村害琛?
dw,dim_public_reference_data_dd,ds_jgzc_rw,SELECT,,婧愮郴缁熸棤娉ㄩ噴
dw,dim_supplier_base_info_dd,ds_jgzc_rw,SELECT,,渚涘簲鍟嗕富鏁版嵁鍩烘湰淇℃伅
dw,dim_supplier_company_info_dd,ds_jgzc_rw,SELECT,,渚涘簲鍟?鍏徃瑙嗗浘
ods,odss990_ZMDGT139,ds_jgzc_rw,SELECT,,
ods,odss990_ZMDGT150,ds_jgzc_rw,SELECT,,
ods,odss990_ZMDGT153,ds_jgzc_rw,SELECT,,
ods,odss990_tgsb,ds_jgzc_rw,SELECT,,涓氬姟鑼冨洿
ods,odss990_zmdgt134,ds_jgzc_rw,SELECT,,鍔犺浇鏃堕棿
ods,odss990_zmdgt137,ds_jgzc_rw,SELECT,,涓氬姟鑼冨洿鍜屽叕鍙镐唬鐮佸叧绯?
ods,odss990_zmdgt138,ds_jgzc_rw,SELECT,,鍋滅敤鏍囪瘑
ods,odss990_zmdgt143,ds_jgzc_rw,SELECT,,鍒╂鼎涓績涓庢垚鏈腑蹇冨叧绯昏〃
ods,odss990_zmdgt144,ds_jgzc_rw,SELECT,,涓氬姟鑼冨洿涓庢垚鏈腑蹇冨叧绯昏〃
dim,dim_mhr_mos_org_base_info_dd,ds_cgsjz_ro,SELECT,,缁勭粐涓绘暟鎹熀鏈俊鎭?
dim,dim_mk_shop_detail_dd,ds_cgsjz_ro,SELECT,,闂ㄥ簵鏄庣粏琛?
dim,dim_mk_shop_info_dd,ds_cgsjz_ro,SELECT,,闂ㄥ簵鍩虹淇℃伅琛?
dim,dim_ref_data_dd,ds_cgsjz_ro,SELECT,,鍙傝€冩暟鎹?缂栫爜缁村害琛?
dim,dim_ref_quote_code_dd,ds_cgsjz_ro,SELECT,,鍙傝€冩暟鎹?浠ｇ爜缁村害琛?
dw,dim_adm_china_dd,ds_cgsjz_ro,SELECT,,鍖哄煙-涓浗琛屾斂鍖哄垝
dw,dim_attr_value_info_dd,ds_cgsjz_ro,SELECT,,灞炴€у€间俊鎭淮搴﹁〃
dw,dim_customer_base_info_dd,ds_cgsjz_ro,SELECT,,瀹㈡埛涓绘暟鎹熀鏈俊鎭?
dw,dim_customer_trade_info_dd,ds_cgsjz_ro,SELECT,,瀹㈡埛璐告槗鍏崇郴淇℃伅淇℃伅
dw,dim_date_nd,ds_cgsjz_ro,SELECT,,鏃ユ湡缁村害涓昏〃
dw,dim_material_attr_info_dd,ds_cgsjz_ro,SELECT,,鐗╂枡瀵瑰簲灞炴€у強灞炴€у€间俊鎭?
dw,dim_material_base_info_dd,ds_cgsjz_ro,SELECT,,鐗╂枡涓绘暟鎹熀鏈俊鎭?
dw,dim_material_class_attr_mapping_dd,ds_cgsjz_ro,SELECT,,鐗╂枡鍒嗙被-灞炴€у叧绯绘槧灏勮〃
dw,dim_material_class_info_dd,ds_cgsjz_ro,SELECT,,鐗╂枡鍒嗙被淇℃伅骞抽摵灞曠ず琛?
dw,dim_material_sap_compare_dd,ds_cgsjz_ro,SELECT,,鐗╂枡绯荤粺缂栫爜瀵圭収
dw,dim_product_addl_info_dd,ds_cgsjz_ro,SELECT,,浜у搧闄勫姞淇℃伅-鐗╂枡缁勩€侀攢鍞粍缁囦俊鎭?
dw,dim_product_attr_info_dd,ds_cgsjz_ro,SELECT,,浜у搧瀵瑰簲灞炴€у強灞炴€у€间俊鎭?
dw,dim_product_base_info_dd,ds_cgsjz_ro,SELECT,,浜у搧涓绘暟鎹熀鏈俊鎭?
dw,dim_product_base_info_nd,ds_cgsjz_ro,SELECT,,鐭ヨ瘑搴?浜у搧灞炴€т俊鎭?
dw,dim_product_class_info_dd,ds_cgsjz_ro,SELECT,,浜у搧鍒嗙被缁村害琛?
dw,dim_public_reference_data_dd,ds_cgsjz_ro,SELECT,,婧愮郴缁熸棤娉ㄩ噴
dw,dim_supplier_base_info_dd,ds_cgsjz_ro,SELECT,,渚涘簲鍟嗕富鏁版嵁鍩烘湰淇℃伅
dw,dim_supplier_company_info_dd,ds_cgsjz_ro,SELECT,,渚涘簲鍟?鍏徃瑙嗗浘
ods,odsbpm_wfactivityinst,ds_cgsjz_ro,SELECT,,婧愮郴缁熸棤娉ㄩ噴
ods,odsbpm_wfworkitem,ds_cgsjz_ro,SELECT,,婧愮郴缁熸棤娉ㄩ噴
ods,odss600_lfa1,ds_cgsjz_ro,SELECT,,MDG渚涘簲鍟嗗悕绉拌嫳鏂?
ods,odss700_lfa1,ds_cgsjz_ro,SELECT,,MDG渚涘簲鍟嗗悕绉拌嫳鏂?
ods,odss800_lfa1,ds_cgsjz_ro,SELECT,,MDG渚涘簲鍟嗗悕绉拌嫳鏂?
ods,odss900_lfa1,ds_cgsjz_ro,SELECT,,MDG渚涘簲鍟嗗悕绉拌嫳鏂?
ods,odss990_ZMDGT139,ds_cgsjz_ro,SELECT,,
ods,odss990_ZMDGT150,ds_cgsjz_ro,SELECT,,
ods,odss990_ZMDGT153,ds_cgsjz_ro,SELECT,,
ods,odss990_tgsb,ds_cgsjz_ro,SELECT,,涓氬姟鑼冨洿
ods,odss990_zmdgt134,ds_cgsjz_ro,SELECT,,鍔犺浇鏃堕棿
ods,odss990_zmdgt137,ds_cgsjz_ro,SELECT,,涓氬姟鑼冨洿鍜屽叕鍙镐唬鐮佸叧绯?
ods,odss990_zmdgt138,ds_cgsjz_ro,SELECT,,鍋滅敤鏍囪瘑
ods,odss990_zmdgt143,ds_cgsjz_ro,SELECT,,鍒╂鼎涓績涓庢垚鏈腑蹇冨叧绯昏〃
ods,odss990_zmdgt144,ds_cgsjz_ro,SELECT,,涓氬姟鑼冨洿涓庢垚鏈腑蹇冨叧绯昏〃
ods,odssrmn_md_org,ds_cgsjz_ro,SELECT,,宸ュ巶
ods,odssrmn_md_org_company,ds_cgsjz_ro,SELECT,,宸ュ巶-浜у搧鍏徃鍏崇郴琛?
ods,odssrmn_md_supp_info,ds_cgsjz_ro,SELECT,,渚涘簲鍟嗕俊鎭〃(涓氬姟鎵ц浣跨敤)
ods,odssyma_FORMFVEXBPDDQU,ds_cgsjz_ro,SELECT,,
dim,dim_mhr_mos_org_base_info_dd,ds_cwzt_ro,SELECT,,缁勭粐涓绘暟鎹熀鏈俊鎭?
dim,dim_mk_shop_detail_dd,ds_cwzt_ro,SELECT,,闂ㄥ簵鏄庣粏琛?
dim,dim_mk_shop_info_dd,ds_cwzt_ro,SELECT,,闂ㄥ簵鍩虹淇℃伅琛?
dim,dim_ref_data_dd,ds_cwzt_ro,SELECT,,鍙傝€冩暟鎹?缂栫爜缁村害琛?
dim,dim_ref_quote_code_dd,ds_cwzt_ro,SELECT,,鍙傝€冩暟鎹?浠ｇ爜缁村害琛?
dw,dim_adm_china_dd,ds_cwzt_ro,SELECT,,鍖哄煙-涓浗琛屾斂鍖哄垝
dw,dim_attr_value_info_dd,ds_cwzt_ro,SELECT,,灞炴€у€间俊鎭淮搴﹁〃
dw,dim_customer_base_info_dd,ds_cwzt_ro,SELECT,,瀹㈡埛涓绘暟鎹熀鏈俊鎭?
dw,dim_customer_trade_info_dd,ds_cwzt_ro,SELECT,,瀹㈡埛璐告槗鍏崇郴淇℃伅淇℃伅
dw,dim_date_nd,ds_cwzt_ro,SELECT,,鏃ユ湡缁村害涓昏〃
dw,dim_material_attr_info_dd,ds_cwzt_ro,SELECT,,鐗╂枡瀵瑰簲灞炴€у強灞炴€у€间俊鎭?
dw,dim_material_base_info_dd,ds_cwzt_ro,SELECT,,鐗╂枡涓绘暟鎹熀鏈俊鎭?
dw,dim_material_class_attr_mapping_dd,ds_cwzt_ro,SELECT,,鐗╂枡鍒嗙被-灞炴€у叧绯绘槧灏勮〃
dw,dim_material_class_info_dd,ds_cwzt_ro,SELECT,,鐗╂枡鍒嗙被淇℃伅骞抽摵灞曠ず琛?
dw,dim_material_sap_compare_dd,ds_cwzt_ro,SELECT,,鐗╂枡绯荤粺缂栫爜瀵圭収
dw,dim_product_addl_info_dd,ds_cwzt_ro,SELECT,,浜у搧闄勫姞淇℃伅-鐗╂枡缁勩€侀攢鍞粍缁囦俊鎭?
dw,dim_product_attr_info_dd,ds_cwzt_ro,SELECT,,浜у搧瀵瑰簲灞炴€у強灞炴€у€间俊鎭?
dw,dim_product_base_info_dd,ds_cwzt_ro,SELECT,,浜у搧涓绘暟鎹熀鏈俊鎭?
dw,dim_product_base_info_nd,ds_cwzt_ro,SELECT,,鐭ヨ瘑搴?浜у搧灞炴€т俊鎭?
dw,dim_product_class_info_dd,ds_cwzt_ro,SELECT,,浜у搧鍒嗙被缁村害琛?
dw,dim_public_reference_data_dd,ds_cwzt_ro,SELECT,,婧愮郴缁熸棤娉ㄩ噴
dw,dim_supplier_base_info_dd,ds_cwzt_ro,SELECT,,渚涘簲鍟嗕富鏁版嵁鍩烘湰淇℃伅
dw,dim_supplier_company_info_dd,ds_cwzt_ro,SELECT,,渚涘簲鍟?鍏徃瑙嗗浘
ods,odss990_ZMDGT139,ds_cwzt_ro,SELECT,,
ods,odss990_ZMDGT150,ds_cwzt_ro,SELECT,,
ods,odss990_ZMDGT153,ds_cwzt_ro,SELECT,,
ods,odss990_tgsb,ds_cwzt_ro,SELECT,,涓氬姟鑼冨洿
ods,odss990_zmdgt134,ds_cwzt_ro,SELECT,,鍔犺浇鏃堕棿
ods,odss990_zmdgt137,ds_cwzt_ro,SELECT,,涓氬姟鑼冨洿鍜屽叕鍙镐唬鐮佸叧绯?
ods,odss990_zmdgt138,ds_cwzt_ro,SELECT,,鍋滅敤鏍囪瘑
ods,odss990_zmdgt143,ds_cwzt_ro,SELECT,,鍒╂鼎涓績涓庢垚鏈腑蹇冨叧绯昏〃
ods,odss990_zmdgt144,ds_cwzt_ro,SELECT,,涓氬姟鑼冨洿涓庢垚鏈腑蹇冨叧绯昏〃
dim,dim_mhr_mos_org_base_info_dd,ds_kqsyb_yanfa_ro,SELECT,,缁勭粐涓绘暟鎹熀鏈俊鎭?
dim,dim_mk_shop_detail_dd,ds_kqsyb_yanfa_ro,SELECT,,闂ㄥ簵鏄庣粏琛?
dim,dim_mk_shop_info_dd,ds_kqsyb_yanfa_ro,SELECT,,闂ㄥ簵鍩虹淇℃伅琛?
dim,dim_ref_data_dd,ds_kqsyb_yanfa_ro,SELECT,,鍙傝€冩暟鎹?缂栫爜缁村害琛?
dim,dim_ref_quote_code_dd,ds_kqsyb_yanfa_ro,SELECT,,鍙傝€冩暟鎹?浠ｇ爜缁村害琛?
dw,dim_adm_china_dd,ds_kqsyb_yanfa_ro,SELECT,,鍖哄煙-涓浗琛屾斂鍖哄垝
dw,dim_attr_value_info_dd,ds_kqsyb_yanfa_ro,SELECT,,灞炴€у€间俊鎭淮搴﹁〃
dw,dim_customer_base_info_dd,ds_kqsyb_yanfa_ro,SELECT,,瀹㈡埛涓绘暟鎹熀鏈俊鎭?
dw,dim_customer_trade_info_dd,ds_kqsyb_yanfa_ro,SELECT,,瀹㈡埛璐告槗鍏崇郴淇℃伅淇℃伅
dw,dim_date_nd,ds_kqsyb_yanfa_ro,SELECT,,鏃ユ湡缁村害涓昏〃
dw,dim_material_attr_info_dd,ds_kqsyb_yanfa_ro,SELECT,,鐗╂枡瀵瑰簲灞炴€у強灞炴€у€间俊鎭?
dw,dim_material_base_info_dd,ds_kqsyb_yanfa_ro,SELECT,,鐗╂枡涓绘暟鎹熀鏈俊鎭?
dw,dim_material_class_attr_mapping_dd,ds_kqsyb_yanfa_ro,SELECT,,鐗╂枡鍒嗙被-灞炴€у叧绯绘槧灏勮〃
dw,dim_material_class_info_dd,ds_kqsyb_yanfa_ro,SELECT,,鐗╂枡鍒嗙被淇℃伅骞抽摵灞曠ず琛?
dw,dim_material_sap_compare_dd,ds_kqsyb_yanfa_ro,SELECT,,鐗╂枡绯荤粺缂栫爜瀵圭収
dw,dim_product_addl_info_dd,ds_kqsyb_yanfa_ro,SELECT,,浜у搧闄勫姞淇℃伅-鐗╂枡缁勩€侀攢鍞粍缁囦俊鎭?
dw,dim_product_attr_info_dd,ds_kqsyb_yanfa_ro,SELECT,,浜у搧瀵瑰簲灞炴€у強灞炴€у€间俊鎭?
dw,dim_product_base_info_dd,ds_kqsyb_yanfa_ro,SELECT,,浜у搧涓绘暟鎹熀鏈俊鎭?
dw,dim_product_base_info_nd,ds_kqsyb_yanfa_ro,SELECT,,鐭ヨ瘑搴?浜у搧灞炴€т俊鎭?
dw,dim_product_class_info_dd,ds_kqsyb_yanfa_ro,SELECT,,浜у搧鍒嗙被缁村害琛?
dw,dim_public_reference_data_dd,ds_kqsyb_yanfa_ro,SELECT,,婧愮郴缁熸棤娉ㄩ噴
dw,dim_supplier_base_info_dd,ds_kqsyb_yanfa_ro,SELECT,,渚涘簲鍟嗕富鏁版嵁鍩烘湰淇℃伅
dw,dim_supplier_company_info_dd,ds_kqsyb_yanfa_ro,SELECT,,渚涘簲鍟?鍏徃瑙嗗浘
dw,dwd_ipd_ipd_productmodel_dd,ds_kqsyb_yanfa_ro,SELECT,,鐧界數浜у搧鍨嬪彿鍩虹淇℃伅琛?
ods,odss990_ZMDGT139,ds_kqsyb_yanfa_ro,SELECT,,
ods,odss990_ZMDGT150,ds_kqsyb_yanfa_ro,SELECT,,
ods,odss990_ZMDGT153,ds_kqsyb_yanfa_ro,SELECT,,
ods,odss990_tgsb,ds_kqsyb_yanfa_ro,SELECT,,涓氬姟鑼冨洿
ods,odss990_zmdgt134,ds_kqsyb_yanfa_ro,SELECT,,鍔犺浇鏃堕棿
ods,odss990_zmdgt137,ds_kqsyb_yanfa_ro,SELECT,,涓氬姟鑼冨洿鍜屽叕鍙镐唬鐮佸叧绯?
ods,odss990_zmdgt138,ds_kqsyb_yanfa_ro,SELECT,,鍋滅敤鏍囪瘑
ods,odss990_zmdgt143,ds_kqsyb_yanfa_ro,SELECT,,鍒╂鼎涓績涓庢垚鏈腑蹇冨叧绯昏〃
ods,odss990_zmdgt144,ds_kqsyb_yanfa_ro,SELECT,,涓氬姟鑼冨洿涓庢垚鏈腑蹇冨叧绯昏〃
dim,dim_mhr_mos_org_base_info_dd,ds_ioc_rw,SELECT,,缁勭粐涓绘暟鎹熀鏈俊鎭?
dim,dim_mk_shop_detail_dd,ds_ioc_rw,SELECT,,闂ㄥ簵鏄庣粏琛?
dim,dim_mk_shop_info_dd,ds_ioc_rw,SELECT,,闂ㄥ簵鍩虹淇℃伅琛?
dim,dim_ref_data_dd,ds_ioc_rw,SELECT,,鍙傝€冩暟鎹?缂栫爜缁村害琛?
dim,dim_ref_quote_code_dd,ds_ioc_rw,SELECT,,鍙傝€冩暟鎹?浠ｇ爜缁村害琛?
dw,dim_adm_china_dd,ds_ioc_rw,SELECT,,鍖哄煙-涓浗琛屾斂鍖哄垝
dw,dim_attr_value_info_dd,ds_ioc_rw,SELECT,,灞炴€у€间俊鎭淮搴﹁〃
dw,dim_customer_base_info_dd,ds_ioc_rw,SELECT,,瀹㈡埛涓绘暟鎹熀鏈俊鎭?
dw,dim_customer_trade_info_dd,ds_ioc_rw,SELECT,,瀹㈡埛璐告槗鍏崇郴淇℃伅淇℃伅
dw,dim_date_nd,ds_ioc_rw,SELECT,,鏃ユ湡缁村害涓昏〃
dw,dim_material_attr_info_dd,ds_ioc_rw,SELECT,,鐗╂枡瀵瑰簲灞炴€у強灞炴€у€间俊鎭?
dw,dim_material_base_info_dd,ds_ioc_rw,SELECT,,鐗╂枡涓绘暟鎹熀鏈俊鎭?
dw,dim_material_class_attr_mapping_dd,ds_ioc_rw,SELECT,,鐗╂枡鍒嗙被-灞炴€у叧绯绘槧灏勮〃
dw,dim_material_class_info_dd,ds_ioc_rw,SELECT,,鐗╂枡鍒嗙被淇℃伅骞抽摵灞曠ず琛?
dw,dim_material_sap_compare_dd,ds_ioc_rw,SELECT,,鐗╂枡绯荤粺缂栫爜瀵圭収
dw,dim_product_addl_info_dd,ds_ioc_rw,SELECT,,浜у搧闄勫姞淇℃伅-鐗╂枡缁勩€侀攢鍞粍缁囦俊鎭?
dw,dim_product_attr_info_dd,ds_ioc_rw,SELECT,,浜у搧瀵瑰簲灞炴€у強灞炴€у€间俊鎭?
dw,dim_product_base_info_dd,ds_ioc_rw,SELECT,,浜у搧涓绘暟鎹熀鏈俊鎭?
dw,dim_product_base_info_nd,ds_ioc_rw,SELECT,,鐭ヨ瘑搴?浜у搧灞炴€т俊鎭?
dw,dim_product_class_info_dd,ds_ioc_rw,SELECT,,浜у搧鍒嗙被缁村害琛?
dw,dim_public_reference_data_dd,ds_ioc_rw,SELECT,,婧愮郴缁熸棤娉ㄩ噴
dw,dim_supplier_base_info_dd,ds_ioc_rw,SELECT,,渚涘簲鍟嗕富鏁版嵁鍩烘湰淇℃伅
dw,dim_supplier_company_info_dd,ds_ioc_rw,SELECT,,渚涘簲鍟?鍏徃瑙嗗浘
ods,odss990_ZMDGT139,ds_ioc_rw,SELECT,,
ods,odss990_ZMDGT150,ds_ioc_rw,SELECT,,
ods,odss990_ZMDGT153,ds_ioc_rw,SELECT,,
ods,odss990_tgsb,ds_ioc_rw,SELECT,,涓氬姟鑼冨洿
ods,odss990_zmdgt134,ds_ioc_rw,SELECT,,鍔犺浇鏃堕棿
ods,odss990_zmdgt137,ds_ioc_rw,SELECT,,涓氬姟鑼冨洿鍜屽叕鍙镐唬鐮佸叧绯?
ods,odss990_zmdgt138,ds_ioc_rw,SELECT,,鍋滅敤鏍囪瘑
ods,odss990_zmdgt143,ds_ioc_rw,SELECT,,鍒╂鼎涓績涓庢垚鏈腑蹇冨叧绯昏〃
ods,odss990_zmdgt144,ds_ioc_rw,SELECT,,涓氬姟鑼冨洿涓庢垚鏈腑蹇冨叧绯昏〃
dim,dim_mhr_mos_org_base_info_dd,ds_tv_mm_ro,SELECT,,缁勭粐涓绘暟鎹熀鏈俊鎭?
dim,dim_mk_shop_detail_dd,ds_tv_mm_ro,SELECT,,闂ㄥ簵鏄庣粏琛?
dim,dim_mk_shop_info_dd,ds_tv_mm_ro,SELECT,,闂ㄥ簵鍩虹淇℃伅琛?
dim,dim_ref_data_dd,ds_tv_mm_ro,SELECT,,鍙傝€冩暟鎹?缂栫爜缁村害琛?
dim,dim_ref_quote_code_dd,ds_tv_mm_ro,SELECT,,鍙傝€冩暟鎹?浠ｇ爜缁村害琛?
dw,dim_adm_china_dd,ds_tv_mm_ro,SELECT,,鍖哄煙-涓浗琛屾斂鍖哄垝
dw,dim_attr_value_info_dd,ds_tv_mm_ro,SELECT,,灞炴€у€间俊鎭淮搴﹁〃
dw,dim_customer_base_info_dd,ds_tv_mm_ro,SELECT,,瀹㈡埛涓绘暟鎹熀鏈俊鎭?
dw,dim_customer_trade_info_dd,ds_tv_mm_ro,SELECT,,瀹㈡埛璐告槗鍏崇郴淇℃伅淇℃伅
dw,dim_date_nd,ds_tv_mm_ro,SELECT,,鏃ユ湡缁村害涓昏〃
dw,dim_material_attr_info_dd,ds_tv_mm_ro,SELECT,,鐗╂枡瀵瑰簲灞炴€у強灞炴€у€间俊鎭?
dw,dim_material_base_info_dd,ds_tv_mm_ro,SELECT,,鐗╂枡涓绘暟鎹熀鏈俊鎭?
dw,dim_material_class_attr_mapping_dd,ds_tv_mm_ro,SELECT,,鐗╂枡鍒嗙被-灞炴€у叧绯绘槧灏勮〃
dw,dim_material_class_info_dd,ds_tv_mm_ro,SELECT,,鐗╂枡鍒嗙被淇℃伅骞抽摵灞曠ず琛?
dw,dim_material_sap_compare_dd,ds_tv_mm_ro,SELECT,,鐗╂枡绯荤粺缂栫爜瀵圭収
dw,dim_product_addl_info_dd,ds_tv_mm_ro,SELECT,,浜у搧闄勫姞淇℃伅-鐗╂枡缁勩€侀攢鍞粍缁囦俊鎭?
dw,dim_product_attr_info_dd,ds_tv_mm_ro,SELECT,,浜у搧瀵瑰簲灞炴€у強灞炴€у€间俊鎭?
dw,dim_product_base_info_dd,ds_tv_mm_ro,SELECT,,浜у搧涓绘暟鎹熀鏈俊鎭?
dw,dim_product_base_info_nd,ds_tv_mm_ro,SELECT,,鐭ヨ瘑搴?浜у搧灞炴€т俊鎭?
dw,dim_product_class_info_dd,ds_tv_mm_ro,SELECT,,浜у搧鍒嗙被缁村害琛?
dw,dim_public_reference_data_dd,ds_tv_mm_ro,SELECT,,婧愮郴缁熸棤娉ㄩ噴
dw,dim_supplier_base_info_dd,ds_tv_mm_ro,SELECT,,渚涘簲鍟嗕富鏁版嵁鍩烘湰淇℃伅
dw,dim_supplier_company_info_dd,ds_tv_mm_ro,SELECT,,渚涘簲鍟?鍏徃瑙嗗浘
ods,odss990_ZMDGT139,ds_tv_mm_ro,SELECT,,
ods,odss990_ZMDGT150,ds_tv_mm_ro,SELECT,,
ods,odss990_ZMDGT153,ds_tv_mm_ro,SELECT,,
ods,odss990_tgsb,ds_tv_mm_ro,SELECT,,涓氬姟鑼冨洿
ods,odss990_zmdgt134,ds_tv_mm_ro,SELECT,,鍔犺浇鏃堕棿
ods,odss990_zmdgt137,ds_tv_mm_ro,SELECT,,涓氬姟鑼冨洿鍜屽叕鍙镐唬鐮佸叧绯?
ods,odss990_zmdgt138,ds_tv_mm_ro,SELECT,,鍋滅敤鏍囪瘑
ods,odss990_zmdgt143,ds_tv_mm_ro,SELECT,,鍒╂鼎涓績涓庢垚鏈腑蹇冨叧绯昏〃
ods,odss990_zmdgt144,ds_tv_mm_ro,SELECT,,涓氬姟鑼冨洿涓庢垚鏈腑蹇冨叧绯昏〃
dim,dim_mhr_mos_org_base_info_dd,ds_sdkpi_rw,SELECT,,缁勭粐涓绘暟鎹熀鏈俊鎭?
dim,dim_mk_shop_detail_dd,ds_sdkpi_rw,SELECT,,闂ㄥ簵鏄庣粏琛?
dim,dim_mk_shop_info_dd,ds_sdkpi_rw,SELECT,,闂ㄥ簵鍩虹淇℃伅琛?
dim,dim_ref_data_dd,ds_sdkpi_rw,SELECT,,鍙傝€冩暟鎹?缂栫爜缁村害琛?
dim,dim_ref_quote_code_dd,ds_sdkpi_rw,SELECT,,鍙傝€冩暟鎹?浠ｇ爜缁村害琛?
dw,dim_adm_china_dd,ds_sdkpi_rw,SELECT,,鍖哄煙-涓浗琛屾斂鍖哄垝
dw,dim_attr_value_info_dd,ds_sdkpi_rw,SELECT,,灞炴€у€间俊鎭淮搴﹁〃
dw,dim_customer_base_info_dd,ds_sdkpi_rw,SELECT,,瀹㈡埛涓绘暟鎹熀鏈俊鎭?
dw,dim_customer_trade_info_dd,ds_sdkpi_rw,SELECT,,瀹㈡埛璐告槗鍏崇郴淇℃伅淇℃伅
dw,dim_date_nd,ds_sdkpi_rw,SELECT,,鏃ユ湡缁村害涓昏〃
dw,dim_material_attr_info_dd,ds_sdkpi_rw,SELECT,,鐗╂枡瀵瑰簲灞炴€у強灞炴€у€间俊鎭?
dw,dim_material_base_info_dd,ds_sdkpi_rw,SELECT,,鐗╂枡涓绘暟鎹熀鏈俊鎭?
dw,dim_material_class_attr_mapping_dd,ds_sdkpi_rw,SELECT,,鐗╂枡鍒嗙被-灞炴€у叧绯绘槧灏勮〃
dw,dim_material_class_info_dd,ds_sdkpi_rw,SELECT,,鐗╂枡鍒嗙被淇℃伅骞抽摵灞曠ず琛?
dw,dim_material_sap_compare_dd,ds_sdkpi_rw,SELECT,,鐗╂枡绯荤粺缂栫爜瀵圭収
dw,dim_product_addl_info_dd,ds_sdkpi_rw,SELECT,,浜у搧闄勫姞淇℃伅-鐗╂枡缁勩€侀攢鍞粍缁囦俊鎭?
dw,dim_product_attr_info_dd,ds_sdkpi_rw,SELECT,,浜у搧瀵瑰簲灞炴€у強灞炴€у€间俊鎭?
dw,dim_product_base_info_dd,ds_sdkpi_rw,SELECT,,浜у搧涓绘暟鎹熀鏈俊鎭?
dw,dim_product_base_info_nd,ds_sdkpi_rw,SELECT,,鐭ヨ瘑搴?浜у搧灞炴€т俊鎭?
dw,dim_product_class_info_dd,ds_sdkpi_rw,SELECT,,浜у搧鍒嗙被缁村害琛?
dw,dim_public_reference_data_dd,ds_sdkpi_rw,SELECT,,婧愮郴缁熸棤娉ㄩ噴
dw,dim_supplier_base_info_dd,ds_sdkpi_rw,SELECT,,渚涘簲鍟嗕富鏁版嵁鍩烘湰淇℃伅
dw,dim_supplier_company_info_dd,ds_sdkpi_rw,SELECT,,渚涘簲鍟?鍏徃瑙嗗浘
ods,odss990_ZMDGT139,ds_sdkpi_rw,SELECT,,
ods,odss990_ZMDGT150,ds_sdkpi_rw,SELECT,,
ods,odss990_ZMDGT153,ds_sdkpi_rw,SELECT,,
ods,odss990_tgsb,ds_sdkpi_rw,SELECT,,涓氬姟鑼冨洿
ods,odss990_zmdgt134,ds_sdkpi_rw,SELECT,,鍔犺浇鏃堕棿
ods,odss990_zmdgt137,ds_sdkpi_rw,SELECT,,涓氬姟鑼冨洿鍜屽叕鍙镐唬鐮佸叧绯?
ods,odss990_zmdgt138,ds_sdkpi_rw,SELECT,,鍋滅敤鏍囪瘑
ods,odss990_zmdgt143,ds_sdkpi_rw,SELECT,,鍒╂鼎涓績涓庢垚鏈腑蹇冨叧绯昏〃
ods,odss990_zmdgt144,ds_sdkpi_rw,SELECT,,涓氬姟鑼冨洿涓庢垚鏈腑蹇冨叧绯昏〃
dim,dim_mhr_mos_org_base_info_dd,ds_cwzt_rw,SELECT,,缁勭粐涓绘暟鎹熀鏈俊鎭?
dim,dim_mk_shop_detail_dd,ds_cwzt_rw,SELECT,,闂ㄥ簵鏄庣粏琛?
dim,dim_mk_shop_info_dd,ds_cwzt_rw,SELECT,,闂ㄥ簵鍩虹淇℃伅琛?
dim,dim_ref_data_dd,ds_cwzt_rw,SELECT,,鍙傝€冩暟鎹?缂栫爜缁村害琛?
dim,dim_ref_quote_code_dd,ds_cwzt_rw,SELECT,,鍙傝€冩暟鎹?浠ｇ爜缁村害琛?
dw,dim_adm_china_dd,ds_cwzt_rw,SELECT,,鍖哄煙-涓浗琛屾斂鍖哄垝
dw,dim_attr_value_info_dd,ds_cwzt_rw,SELECT,,灞炴€у€间俊鎭淮搴﹁〃
dw,dim_customer_base_info_dd,ds_cwzt_rw,SELECT,,瀹㈡埛涓绘暟鎹熀鏈俊鎭?
dw,dim_customer_trade_info_dd,ds_cwzt_rw,SELECT,,瀹㈡埛璐告槗鍏崇郴淇℃伅淇℃伅
dw,dim_date_nd,ds_cwzt_rw,SELECT,,鏃ユ湡缁村害涓昏〃
dw,dim_material_attr_info_dd,ds_cwzt_rw,SELECT,,鐗╂枡瀵瑰簲灞炴€у強灞炴€у€间俊鎭?
dw,dim_material_base_info_dd,ds_cwzt_rw,SELECT,,鐗╂枡涓绘暟鎹熀鏈俊鎭?
dw,dim_material_class_attr_mapping_dd,ds_cwzt_rw,SELECT,,鐗╂枡鍒嗙被-灞炴€у叧绯绘槧灏勮〃
dw,dim_material_class_info_dd,ds_cwzt_rw,SELECT,,鐗╂枡鍒嗙被淇℃伅骞抽摵灞曠ず琛?
dw,dim_material_sap_compare_dd,ds_cwzt_rw,SELECT,,鐗╂枡绯荤粺缂栫爜瀵圭収
dw,dim_product_addl_info_dd,ds_cwzt_rw,SELECT,,浜у搧闄勫姞淇℃伅-鐗╂枡缁勩€侀攢鍞粍缁囦俊鎭?
dw,dim_product_attr_info_dd,ds_cwzt_rw,SELECT,,浜у搧瀵瑰簲灞炴€у強灞炴€у€间俊鎭?
dw,dim_product_base_info_dd,ds_cwzt_rw,SELECT,,浜у搧涓绘暟鎹熀鏈俊鎭?
dw,dim_product_base_info_nd,ds_cwzt_rw,SELECT,,鐭ヨ瘑搴?浜у搧灞炴€т俊鎭?
dw,dim_product_class_info_dd,ds_cwzt_rw,SELECT,,浜у搧鍒嗙被缁村害琛?
dw,dim_public_reference_data_dd,ds_cwzt_rw,SELECT,,婧愮郴缁熸棤娉ㄩ噴
dw,dim_supplier_base_info_dd,ds_cwzt_rw,SELECT,,渚涘簲鍟嗕富鏁版嵁鍩烘湰淇℃伅
dw,dim_supplier_company_info_dd,ds_cwzt_rw,SELECT,,渚涘簲鍟?鍏徃瑙嗗浘
ods,odss990_ZMDGT139,ds_cwzt_rw,SELECT,,
ods,odss990_ZMDGT150,ds_cwzt_rw,SELECT,,
ods,odss990_ZMDGT153,ds_cwzt_rw,SELECT,,
ods,odss990_tgsb,ds_cwzt_rw,SELECT,,涓氬姟鑼冨洿
ods,odss990_zmdgt134,ds_cwzt_rw,SELECT,,鍔犺浇鏃堕棿
ods,odss990_zmdgt137,ds_cwzt_rw,SELECT,,涓氬姟鑼冨洿鍜屽叕鍙镐唬鐮佸叧绯?
ods,odss990_zmdgt138,ds_cwzt_rw,SELECT,,鍋滅敤鏍囪瘑
ods,odss990_zmdgt143,ds_cwzt_rw,SELECT,,鍒╂鼎涓績涓庢垚鏈腑蹇冨叧绯昏〃
ods,odss990_zmdgt144,ds_cwzt_rw,SELECT,,涓氬姟鑼冨洿涓庢垚鏈腑蹇冨叧绯昏〃
dim,dim_mhr_mos_org_base_info_dd,ds_xty_rw,SELECT,,缁勭粐涓绘暟鎹熀鏈俊鎭?
dim,dim_mk_shop_detail_dd,ds_xty_rw,SELECT,,闂ㄥ簵鏄庣粏琛?
dim,dim_mk_shop_detail_dd,ds_xty_rw,INSERT,,闂ㄥ簵鏄庣粏琛?
dim,dim_mk_shop_info_dd,ds_xty_rw,SELECT,,闂ㄥ簵鍩虹淇℃伅琛?
dim,dim_mk_shop_info_dd,ds_xty_rw,INSERT,,闂ㄥ簵鍩虹淇℃伅琛?
dim,dim_ref_data_dd,ds_xty_rw,SELECT,,鍙傝€冩暟鎹?缂栫爜缁村害琛?
dim,dim_ref_quote_code_dd,ds_xty_rw,SELECT,,鍙傝€冩暟鎹?浠ｇ爜缁村害琛?
dw,dim_adm_china_dd,ds_xty_rw,SELECT,,鍖哄煙-涓浗琛屾斂鍖哄垝
dw,dim_attr_value_info_dd,ds_xty_rw,SELECT,,灞炴€у€间俊鎭淮搴﹁〃
dw,dim_customer_base_info_dd,ds_xty_rw,SELECT,,瀹㈡埛涓绘暟鎹熀鏈俊鎭?
dw,dim_customer_trade_info_dd,ds_xty_rw,SELECT,,瀹㈡埛璐告槗鍏崇郴淇℃伅淇℃伅
dw,dim_date_nd,ds_xty_rw,SELECT,,鏃ユ湡缁村害涓昏〃
dw,dim_material_attr_info_dd,ds_xty_rw,SELECT,,鐗╂枡瀵瑰簲灞炴€у強灞炴€у€间俊鎭?
dw,dim_material_base_info_dd,ds_xty_rw,SELECT,,鐗╂枡涓绘暟鎹熀鏈俊鎭?
dw,dim_material_class_attr_mapping_dd,ds_xty_rw,SELECT,,鐗╂枡鍒嗙被-灞炴€у叧绯绘槧灏勮〃
dw,dim_material_class_info_dd,ds_xty_rw,SELECT,,鐗╂枡鍒嗙被淇℃伅骞抽摵灞曠ず琛?
dw,dim_material_sap_compare_dd,ds_xty_rw,SELECT,,鐗╂枡绯荤粺缂栫爜瀵圭収
dw,dim_product_addl_info_dd,ds_xty_rw,SELECT,,浜у搧闄勫姞淇℃伅-鐗╂枡缁勩€侀攢鍞粍缁囦俊鎭?
dw,dim_product_attr_info_dd,ds_xty_rw,SELECT,,浜у搧瀵瑰簲灞炴€у強灞炴€у€间俊鎭?
dw,dim_product_base_info_dd,ds_xty_rw,SELECT,,浜у搧涓绘暟鎹熀鏈俊鎭?
dw,dim_product_base_info_nd,ds_xty_rw,SELECT,,鐭ヨ瘑搴?浜у搧灞炴€т俊鎭?
dw,dim_product_class_info_dd,ds_xty_rw,SELECT,,浜у搧鍒嗙被缁村害琛?
dw,dim_public_reference_data_dd,ds_xty_rw,SELECT,,婧愮郴缁熸棤娉ㄩ噴
dw,dim_supplier_base_info_dd,ds_xty_rw,SELECT,,渚涘簲鍟嗕富鏁版嵁鍩烘湰淇℃伅
dw,dim_supplier_company_info_dd,ds_xty_rw,SELECT,,渚涘簲鍟?鍏徃瑙嗗浘
dw,dwfi_im_tf_tcurr_table,ds_xty_rw,SELECT,,姹囩巼琛?exchange rate
ods,ODSHDRP_HISENSE_TECH_TREE,ds_xty_rw,SELECT,,
ods,ODSMES_TVN_RP_PRODUCTION_REPORT,ds_xty_rw,SELECT,,
ods,ODSMF_CM_TAB18836,ds_xty_rw,SELECT,,
ods,odscis_base_matkl,ds_xty_rw,SELECT,,鐗╂枡缁?
ods,odscis_cust_info,ds_xty_rw,SELECT,,鍟嗗鍩虹淇℃伅-鐢熸晥
ods,odscis_cust_info_detail,ds_xty_rw,SELECT,,鍟嗗钀ラ攢妯″紡-鐢熸晥
ods,odscis_fw_org,ds_xty_rw,SELECT,,缁勭粐
ods,odscis_fw_property,ds_xty_rw,SELECT,,瀛楀吀鏁版嵁
ods,odsdt_tm_ldap_user,ds_xty_rw,SELECT,,s900 getbom
ods,odsmf_cm_tab21113,ds_xty_rw,SELECT,,鎸囨爣鐩爣鏁版嵁琛?
ods,odsmsc_mam_bzhan_roi_data,ds_xty_rw,SELECT,,B绔欏晢涓氬寲鏁版嵁琛?
ods,odsmsc_mam_bzhan_search_index_data,ds_xty_rw,SELECT,,B绔欐悳绱㈡寚鏍囨暟鎹〃
ods,odss600_mara,ds_xty_rw,SELECT,,婧愮郴缁熸棤娉ㄩ噴
ods,odss990_ZMDGT139,ds_xty_rw,SELECT,,
ods,odss990_ZMDGT150,ds_xty_rw,SELECT,,
ods,odss990_ZMDGT153,ds_xty_rw,SELECT,,
ods,odss990_tgsb,ds_xty_rw,SELECT,,涓氬姟鑼冨洿
ods,odss990_zmdgt134,ds_xty_rw,SELECT,,鍔犺浇鏃堕棿
ods,odss990_zmdgt137,ds_xty_rw,SELECT,,涓氬姟鑼冨洿鍜屽叕鍙镐唬鐮佸叧绯?
ods,odss990_zmdgt138,ds_xty_rw,SELECT,,鍋滅敤鏍囪瘑
ods,odss990_zmdgt143,ds_xty_rw,SELECT,,鍒╂鼎涓績涓庢垚鏈腑蹇冨叧绯昏〃
ods,odss990_zmdgt144,ds_xty_rw,SELECT,,涓氬姟鑼冨洿涓庢垚鏈腑蹇冨叧绯昏〃
ods,odssftp_abroad_voc,ds_xty_rw,SELECT,,
ods,odsslt_s600_mara,ds_xty_rw,SELECT,,甯歌鐗╂枡鏁版嵁
stg,sftp_abroad_voc,ds_xty_rw,SELECT,,
dim,dim_mhr_mos_org_base_info_dd,ds_gtms_rw,SELECT,,缁勭粐涓绘暟鎹熀鏈俊鎭?
dim,dim_mk_shop_detail_dd,ds_gtms_rw,SELECT,,闂ㄥ簵鏄庣粏琛?
dim,dim_mk_shop_info_dd,ds_gtms_rw,SELECT,,闂ㄥ簵鍩虹淇℃伅琛?
dim,dim_ref_data_dd,ds_gtms_rw,SELECT,,鍙傝€冩暟鎹?缂栫爜缁村害琛?
dim,dim_ref_quote_code_dd,ds_gtms_rw,SELECT,,鍙傝€冩暟鎹?浠ｇ爜缁村害琛?
dw,dim_adm_china_dd,ds_gtms_rw,SELECT,,鍖哄煙-涓浗琛屾斂鍖哄垝
dw,dim_attr_value_info_dd,ds_gtms_rw,SELECT,,灞炴€у€间俊鎭淮搴﹁〃
dw,dim_customer_base_info_dd,ds_gtms_rw,SELECT,,瀹㈡埛涓绘暟鎹熀鏈俊鎭?
dw,dim_customer_trade_info_dd,ds_gtms_rw,SELECT,,瀹㈡埛璐告槗鍏崇郴淇℃伅淇℃伅
dw,dim_date_nd,ds_gtms_rw,SELECT,,鏃ユ湡缁村害涓昏〃
dw,dim_material_attr_info_dd,ds_gtms_rw,SELECT,,鐗╂枡瀵瑰簲灞炴€у強灞炴€у€间俊鎭?
dw,dim_material_base_info_dd,ds_gtms_rw,SELECT,,鐗╂枡涓绘暟鎹熀鏈俊鎭?
dw,dim_material_class_attr_mapping_dd,ds_gtms_rw,SELECT,,鐗╂枡鍒嗙被-灞炴€у叧绯绘槧灏勮〃
dw,dim_material_class_info_dd,ds_gtms_rw,SELECT,,鐗╂枡鍒嗙被淇℃伅骞抽摵灞曠ず琛?
dw,dim_material_sap_compare_dd,ds_gtms_rw,SELECT,,鐗╂枡绯荤粺缂栫爜瀵圭収
dw,dim_product_addl_info_dd,ds_gtms_rw,SELECT,,浜у搧闄勫姞淇℃伅-鐗╂枡缁勩€侀攢鍞粍缁囦俊鎭?
dw,dim_product_attr_info_dd,ds_gtms_rw,SELECT,,浜у搧瀵瑰簲灞炴€у強灞炴€у€间俊鎭?
dw,dim_product_base_info_dd,ds_gtms_rw,SELECT,,浜у搧涓绘暟鎹熀鏈俊鎭?
dw,dim_product_base_info_nd,ds_gtms_rw,SELECT,,鐭ヨ瘑搴?浜у搧灞炴€т俊鎭?
dw,dim_product_class_info_dd,ds_gtms_rw,SELECT,,浜у搧鍒嗙被缁村害琛?
dw,dim_public_reference_data_dd,ds_gtms_rw,SELECT,,婧愮郴缁熸棤娉ㄩ噴
dw,dim_supplier_base_info_dd,ds_gtms_rw,SELECT,,渚涘簲鍟嗕富鏁版嵁鍩烘湰淇℃伅
dw,dim_supplier_company_info_dd,ds_gtms_rw,SELECT,,渚涘簲鍟?鍏徃瑙嗗浘
ods,odss990_ZMDGT139,ds_gtms_rw,SELECT,,
ods,odss990_ZMDGT150,ds_gtms_rw,SELECT,,
ods,odss990_ZMDGT153,ds_gtms_rw,SELECT,,
ods,odss990_tgsb,ds_gtms_rw,SELECT,,涓氬姟鑼冨洿
ods,odss990_zmdgt134,ds_gtms_rw,SELECT,,鍔犺浇鏃堕棿
ods,odss990_zmdgt137,ds_gtms_rw,SELECT,,涓氬姟鑼冨洿鍜屽叕鍙镐唬鐮佸叧绯?
ods,odss990_zmdgt138,ds_gtms_rw,SELECT,,鍋滅敤鏍囪瘑
ods,odss990_zmdgt143,ds_gtms_rw,SELECT,,鍒╂鼎涓績涓庢垚鏈腑蹇冨叧绯昏〃
ods,odss990_zmdgt144,ds_gtms_rw,SELECT,,涓氬姟鑼冨洿涓庢垚鏈腑蹇冨叧绯昏〃
dim,dim_mhr_mos_org_base_info_dd,ds_rlsms_rw,SELECT,,缁勭粐涓绘暟鎹熀鏈俊鎭?
dim,dim_mk_shop_detail_dd,ds_rlsms_rw,SELECT,,闂ㄥ簵鏄庣粏琛?
dim,dim_mk_shop_info_dd,ds_rlsms_rw,SELECT,,闂ㄥ簵鍩虹淇℃伅琛?
dim,dim_ref_data_dd,ds_rlsms_rw,SELECT,,鍙傝€冩暟鎹?缂栫爜缁村害琛?
dim,dim_ref_quote_code_dd,ds_rlsms_rw,SELECT,,鍙傝€冩暟鎹?浠ｇ爜缁村害琛?
dw,dim_adm_china_dd,ds_rlsms_rw,SELECT,,鍖哄煙-涓浗琛屾斂鍖哄垝
dw,dim_attr_value_info_dd,ds_rlsms_rw,SELECT,,灞炴€у€间俊鎭淮搴﹁〃
dw,dim_customer_base_info_dd,ds_rlsms_rw,SELECT,,瀹㈡埛涓绘暟鎹熀鏈俊鎭?
dw,dim_customer_trade_info_dd,ds_rlsms_rw,SELECT,,瀹㈡埛璐告槗鍏崇郴淇℃伅淇℃伅
dw,dim_date_nd,ds_rlsms_rw,SELECT,,鏃ユ湡缁村害涓昏〃
dw,dim_material_attr_info_dd,ds_rlsms_rw,SELECT,,鐗╂枡瀵瑰簲灞炴€у強灞炴€у€间俊鎭?
dw,dim_material_base_info_dd,ds_rlsms_rw,SELECT,,鐗╂枡涓绘暟鎹熀鏈俊鎭?
dw,dim_material_class_attr_mapping_dd,ds_rlsms_rw,SELECT,,鐗╂枡鍒嗙被-灞炴€у叧绯绘槧灏勮〃
dw,dim_material_class_info_dd,ds_rlsms_rw,SELECT,,鐗╂枡鍒嗙被淇℃伅骞抽摵灞曠ず琛?
dw,dim_material_sap_compare_dd,ds_rlsms_rw,SELECT,,鐗╂枡绯荤粺缂栫爜瀵圭収
dw,dim_product_addl_info_dd,ds_rlsms_rw,SELECT,,浜у搧闄勫姞淇℃伅-鐗╂枡缁勩€侀攢鍞粍缁囦俊鎭?
dw,dim_product_attr_info_dd,ds_rlsms_rw,SELECT,,浜у搧瀵瑰簲灞炴€у強灞炴€у€间俊鎭?
dw,dim_product_base_info_dd,ds_rlsms_rw,SELECT,,浜у搧涓绘暟鎹熀鏈俊鎭?
dw,dim_product_base_info_nd,ds_rlsms_rw,SELECT,,鐭ヨ瘑搴?浜у搧灞炴€т俊鎭?
dw,dim_product_class_info_dd,ds_rlsms_rw,SELECT,,浜у搧鍒嗙被缁村害琛?
dw,dim_public_reference_data_dd,ds_rlsms_rw,SELECT,,婧愮郴缁熸棤娉ㄩ噴
dw,dim_supplier_base_info_dd,ds_rlsms_rw,SELECT,,渚涘簲鍟嗕富鏁版嵁鍩烘湰淇℃伅
dw,dim_supplier_company_info_dd,ds_rlsms_rw,SELECT,,渚涘簲鍟?鍏徃瑙嗗浘
ods,odsemp_sms_hac_hise_dept,ds_rlsms_rw,SELECT,,缁勭粐琛?
ods,odsemp_sms_hac_hise_dept,ds_rlsms_rw,INSERT,,缁勭粐琛?
ods,odss990_ZMDGT139,ds_rlsms_rw,SELECT,,
ods,odss990_ZMDGT150,ds_rlsms_rw,SELECT,,
ods,odss990_ZMDGT153,ds_rlsms_rw,SELECT,,
ods,odss990_tgsb,ds_rlsms_rw,SELECT,,涓氬姟鑼冨洿
ods,odss990_zmdgt134,ds_rlsms_rw,SELECT,,鍔犺浇鏃堕棿
ods,odss990_zmdgt137,ds_rlsms_rw,SELECT,,涓氬姟鑼冨洿鍜屽叕鍙镐唬鐮佸叧绯?
ods,odss990_zmdgt138,ds_rlsms_rw,SELECT,,鍋滅敤鏍囪瘑
ods,odss990_zmdgt143,ds_rlsms_rw,SELECT,,鍒╂鼎涓績涓庢垚鏈腑蹇冨叧绯昏〃
ods,odss990_zmdgt144,ds_rlsms_rw,SELECT,,涓氬姟鑼冨洿涓庢垚鏈腑蹇冨叧绯昏〃
dim,dim_mhr_mos_org_base_info_dd,ds_gjyx_ro,SELECT,,缁勭粐涓绘暟鎹熀鏈俊鎭?
dim,dim_mk_shop_detail_dd,ds_gjyx_ro,SELECT,,闂ㄥ簵鏄庣粏琛?
dim,dim_mk_shop_info_dd,ds_gjyx_ro,SELECT,,闂ㄥ簵鍩虹淇℃伅琛?
dim,dim_ref_data_dd,ds_gjyx_ro,SELECT,,鍙傝€冩暟鎹?缂栫爜缁村害琛?
dim,dim_ref_quote_code_dd,ds_gjyx_ro,SELECT,,鍙傝€冩暟鎹?浠ｇ爜缁村害琛?
dw,dim_adm_china_dd,ds_gjyx_ro,SELECT,,鍖哄煙-涓浗琛屾斂鍖哄垝
dw,dim_attr_value_info_dd,ds_gjyx_ro,SELECT,,灞炴€у€间俊鎭淮搴﹁〃
dw,dim_customer_base_info_dd,ds_gjyx_ro,SELECT,,瀹㈡埛涓绘暟鎹熀鏈俊鎭?
dw,dim_customer_trade_info_dd,ds_gjyx_ro,SELECT,,瀹㈡埛璐告槗鍏崇郴淇℃伅淇℃伅
dw,dim_date_nd,ds_gjyx_ro,SELECT,,鏃ユ湡缁村害涓昏〃
dw,dim_material_attr_info_dd,ds_gjyx_ro,SELECT,,鐗╂枡瀵瑰簲灞炴€у強灞炴€у€间俊鎭?
dw,dim_material_base_info_dd,ds_gjyx_ro,SELECT,,鐗╂枡涓绘暟鎹熀鏈俊鎭?
dw,dim_material_class_attr_mapping_dd,ds_gjyx_ro,SELECT,,鐗╂枡鍒嗙被-灞炴€у叧绯绘槧灏勮〃
dw,dim_material_class_info_dd,ds_gjyx_ro,SELECT,,鐗╂枡鍒嗙被淇℃伅骞抽摵灞曠ず琛?
dw,dim_material_sap_compare_dd,ds_gjyx_ro,SELECT,,鐗╂枡绯荤粺缂栫爜瀵圭収
dw,dim_product_addl_info_dd,ds_gjyx_ro,SELECT,,浜у搧闄勫姞淇℃伅-鐗╂枡缁勩€侀攢鍞粍缁囦俊鎭?
dw,dim_product_attr_info_dd,ds_gjyx_ro,SELECT,,浜у搧瀵瑰簲灞炴€у強灞炴€у€间俊鎭?
dw,dim_product_base_info_dd,ds_gjyx_ro,SELECT,,浜у搧涓绘暟鎹熀鏈俊鎭?
dw,dim_product_base_info_nd,ds_gjyx_ro,SELECT,,鐭ヨ瘑搴?浜у搧灞炴€т俊鎭?
dw,dim_product_class_info_dd,ds_gjyx_ro,SELECT,,浜у搧鍒嗙被缁村害琛?
dw,dim_public_reference_data_dd,ds_gjyx_ro,SELECT,,婧愮郴缁熸棤娉ㄩ噴
dw,dim_supplier_base_info_dd,ds_gjyx_ro,SELECT,,渚涘簲鍟嗕富鏁版嵁鍩烘湰淇℃伅
dw,dim_supplier_company_info_dd,ds_gjyx_ro,SELECT,,渚涘簲鍟?鍏徃瑙嗗浘
dw,dwfi_im_tf_tcurr_table,ds_gjyx_ro,SELECT,,姹囩巼琛?exchange rate
dw,dwfi_im_tf_tcurr_table,ds_gjyx_ro,INSERT,,姹囩巼琛?exchange rate
dw,dwfi_im_tf_tcurr_table,ds_gjyx_ro,ALTER,,姹囩巼琛?exchange rate
dw,dwfi_im_tf_tcurr_table,ds_gjyx_ro,CREATE,,姹囩巼琛?exchange rate
dw,dwfi_im_tf_tcurr_table,ds_gjyx_ro,DROP,,姹囩巼琛?exchange rate
ods,ODSRPA_IMEC_ACTIVITY_DATA_ACCESS_SUPPLEMENT,ds_gjyx_ro,SELECT,,
ods,ODSSYMA_FORMZ0GHQHWXUG,ds_gjyx_ro,SELECT,,
ods,odsgss_im_sale_prod_line2,ds_gjyx_ro,SELECT,,婧愮郴缁熸棤娉ㄩ噴
ods,odss990_ZMDGT139,ds_gjyx_ro,SELECT,,
ods,odss990_ZMDGT150,ds_gjyx_ro,SELECT,,
ods,odss990_ZMDGT153,ds_gjyx_ro,SELECT,,
ods,odss990_tgsb,ds_gjyx_ro,SELECT,,涓氬姟鑼冨洿
ods,odss990_zmdgt134,ds_gjyx_ro,SELECT,,鍔犺浇鏃堕棿
ods,odss990_zmdgt137,ds_gjyx_ro,SELECT,,涓氬姟鑼冨洿鍜屽叕鍙镐唬鐮佸叧绯?
ods,odss990_zmdgt138,ds_gjyx_ro,SELECT,,鍋滅敤鏍囪瘑
ods,odss990_zmdgt143,ds_gjyx_ro,SELECT,,鍒╂鼎涓績涓庢垚鏈腑蹇冨叧绯昏〃
ods,odss990_zmdgt144,ds_gjyx_ro,SELECT,,涓氬姟鑼冨洿涓庢垚鏈腑蹇冨叧绯昏〃
ods,odssyma_FORM4MGMQXIBNX,ds_gjyx_ro,SELECT,,
ods,odssyma_FORMALCKMGRNIP,ds_gjyx_ro,SELECT,,
ods,odssyma_FORMGA7CROPPMA,ds_gjyx_ro,SELECT,,
ods,odssyma_FORMIWS0GH4CZ2,ds_gjyx_ro,SELECT,,
dim,dim_ipd_productmodel_dd,ds_gjyx_rw,SELECT,,鐧界數浜у搧鍨嬪彿鍩虹淇℃伅琛?
dim,dim_ipd_salemodel_dd,ds_gjyx_rw,SELECT,,閿€鍞瀷鍙峰熀纭€淇℃伅琛?
dim,dim_mhr_mos_org_base_info_dd,ds_gjyx_rw,SELECT,,缁勭粐涓绘暟鎹熀鏈俊鎭?
dim,dim_mk_shop_detail_dd,ds_gjyx_rw,SELECT,,闂ㄥ簵鏄庣粏琛?
dim,dim_mk_shop_info_dd,ds_gjyx_rw,SELECT,,闂ㄥ簵鍩虹淇℃伅琛?
dim,dim_ref_data_dd,ds_gjyx_rw,SELECT,,鍙傝€冩暟鎹?缂栫爜缁村害琛?
dim,dim_ref_quote_code_dd,ds_gjyx_rw,SELECT,,鍙傝€冩暟鎹?浠ｇ爜缁村害琛?
dw,dim_adm_china_dd,ds_gjyx_rw,SELECT,,鍖哄煙-涓浗琛屾斂鍖哄垝
dw,dim_attr_value_info_dd,ds_gjyx_rw,SELECT,,灞炴€у€间俊鎭淮搴﹁〃
dw,dim_customer_base_info_dd,ds_gjyx_rw,SELECT,,瀹㈡埛涓绘暟鎹熀鏈俊鎭?
dw,dim_customer_trade_info_dd,ds_gjyx_rw,SELECT,,瀹㈡埛璐告槗鍏崇郴淇℃伅淇℃伅
dw,dim_date_nd,ds_gjyx_rw,SELECT,,鏃ユ湡缁村害涓昏〃
dw,dim_material_attr_info_dd,ds_gjyx_rw,SELECT,,鐗╂枡瀵瑰簲灞炴€у強灞炴€у€间俊鎭?
dw,dim_material_base_info_dd,ds_gjyx_rw,SELECT,,鐗╂枡涓绘暟鎹熀鏈俊鎭?
dw,dim_material_class_attr_mapping_dd,ds_gjyx_rw,SELECT,,鐗╂枡鍒嗙被-灞炴€у叧绯绘槧灏勮〃
dw,dim_material_class_info_dd,ds_gjyx_rw,SELECT,,鐗╂枡鍒嗙被淇℃伅骞抽摵灞曠ず琛?
dw,dim_material_sap_compare_dd,ds_gjyx_rw,SELECT,,鐗╂枡绯荤粺缂栫爜瀵圭収
dw,dim_product_addl_info_dd,ds_gjyx_rw,SELECT,,浜у搧闄勫姞淇℃伅-鐗╂枡缁勩€侀攢鍞粍缁囦俊鎭?
dw,dim_product_attr_info_dd,ds_gjyx_rw,SELECT,,浜у搧瀵瑰簲灞炴€у強灞炴€у€间俊鎭?
dw,dim_product_base_info_dd,ds_gjyx_rw,SELECT,,浜у搧涓绘暟鎹熀鏈俊鎭?
dw,dim_product_base_info_nd,ds_gjyx_rw,SELECT,,鐭ヨ瘑搴?浜у搧灞炴€т俊鎭?
dw,dim_product_class_info_dd,ds_gjyx_rw,SELECT,,浜у搧鍒嗙被缁村害琛?
dw,dim_public_reference_data_dd,ds_gjyx_rw,SELECT,,婧愮郴缁熸棤娉ㄩ噴
dw,dim_supplier_base_info_dd,ds_gjyx_rw,SELECT,,渚涘簲鍟嗕富鏁版嵁鍩烘湰淇℃伅
dw,dim_supplier_company_info_dd,ds_gjyx_rw,SELECT,,渚涘簲鍟?鍏徃瑙嗗浘
dw,dwfi_im_tf_tcurr_table,ds_gjyx_rw,SELECT,,姹囩巼琛?exchange rate
dw,dwfi_im_tf_tcurr_table,ds_gjyx_rw,INSERT,,姹囩巼琛?exchange rate
dw,dwfi_im_tf_tcurr_table,ds_gjyx_rw,ALTER,,姹囩巼琛?exchange rate
dw,dwfi_im_tf_tcurr_table,ds_gjyx_rw,CREATE,,姹囩巼琛?exchange rate
dw,dwfi_im_tf_tcurr_table,ds_gjyx_rw,DROP,,姹囩巼琛?exchange rate
dwd,dwd_ipd_irs_s600_bom_dd,ds_gjyx_rw,SELECT,,sap600bom骞抽摵琛?
dwd,dwd_ipd_irs_s900_bom_dd,ds_gjyx_rw,SELECT,,sap900bom骞抽摵琛?
ods,ODSEDW_ODSRPA_IMEC_BRAND_METRIC_DATA_SOP,ds_gjyx_rw,SELECT,,
ods,odsgss_im_order_agreement_bx_itemval,ds_gjyx_rw,SELECT,,鐧界數璁㈠崟鍙拌处鏄庣粏琛?鍐扮
ods,odsgss_im_order_agreement_lg_itemval,ds_gjyx_rw,SELECT,,鐧界數璁㈠崟鍙拌处鏄庣粏琛?鍐锋煖
ods,odsgss_im_order_agreement_xyj_itemval,ds_gjyx_rw,SELECT,,鐧界數璁㈠崟鍙拌处鏄庣粏琛?娲楄。鏈?
ods,odsgss_im_sale_prod_line2,ds_gjyx_rw,SELECT,,婧愮郴缁熸棤娉ㄩ噴
ods,odsplm_hsproductmodelcomparisontable,ds_gjyx_rw,SELECT,,婧愮郴缁熸棤娉ㄩ噴
ods,odss990_ZMDGT139,ds_gjyx_rw,SELECT,,
ods,odss990_ZMDGT150,ds_gjyx_rw,SELECT,,
ods,odss990_ZMDGT153,ds_gjyx_rw,SELECT,,
ods,odss990_tgsb,ds_gjyx_rw,SELECT,,涓氬姟鑼冨洿
ods,odss990_zmdgt134,ds_gjyx_rw,SELECT,,鍔犺浇鏃堕棿
ods,odss990_zmdgt137,ds_gjyx_rw,SELECT,,涓氬姟鑼冨洿鍜屽叕鍙镐唬鐮佸叧绯?
ods,odss990_zmdgt138,ds_gjyx_rw,SELECT,,鍋滅敤鏍囪瘑
ods,odss990_zmdgt143,ds_gjyx_rw,SELECT,,鍒╂鼎涓績涓庢垚鏈腑蹇冨叧绯昏〃
ods,odss990_zmdgt144,ds_gjyx_rw,SELECT,,涓氬姟鑼冨洿涓庢垚鏈腑蹇冨叧绯昏〃
dim,dim_mhr_mos_org_base_info_dd,ds_srm_ro,SELECT,,缁勭粐涓绘暟鎹熀鏈俊鎭?
dim,dim_mk_shop_detail_dd,ds_srm_ro,SELECT,,闂ㄥ簵鏄庣粏琛?
dim,dim_mk_shop_info_dd,ds_srm_ro,SELECT,,闂ㄥ簵鍩虹淇℃伅琛?
dim,dim_ref_data_dd,ds_srm_ro,SELECT,,鍙傝€冩暟鎹?缂栫爜缁村害琛?
dim,dim_ref_quote_code_dd,ds_srm_ro,SELECT,,鍙傝€冩暟鎹?浠ｇ爜缁村害琛?
dw,dim_adm_china_dd,ds_srm_ro,SELECT,,鍖哄煙-涓浗琛屾斂鍖哄垝
dw,dim_attr_value_info_dd,ds_srm_ro,SELECT,,灞炴€у€间俊鎭淮搴﹁〃
dw,dim_customer_base_info_dd,ds_srm_ro,SELECT,,瀹㈡埛涓绘暟鎹熀鏈俊鎭?
dw,dim_customer_trade_info_dd,ds_srm_ro,SELECT,,瀹㈡埛璐告槗鍏崇郴淇℃伅淇℃伅
dw,dim_date_nd,ds_srm_ro,SELECT,,鏃ユ湡缁村害涓昏〃
dw,dim_material_attr_info_dd,ds_srm_ro,SELECT,,鐗╂枡瀵瑰簲灞炴€у強灞炴€у€间俊鎭?
dw,dim_material_base_info_dd,ds_srm_ro,SELECT,,鐗╂枡涓绘暟鎹熀鏈俊鎭?
dw,dim_material_class_attr_mapping_dd,ds_srm_ro,SELECT,,鐗╂枡鍒嗙被-灞炴€у叧绯绘槧灏勮〃
dw,dim_material_class_info_dd,ds_srm_ro,SELECT,,鐗╂枡鍒嗙被淇℃伅骞抽摵灞曠ず琛?
dw,dim_material_sap_compare_dd,ds_srm_ro,SELECT,,鐗╂枡绯荤粺缂栫爜瀵圭収
dw,dim_product_addl_info_dd,ds_srm_ro,SELECT,,浜у搧闄勫姞淇℃伅-鐗╂枡缁勩€侀攢鍞粍缁囦俊鎭?
dw,dim_product_attr_info_dd,ds_srm_ro,SELECT,,浜у搧瀵瑰簲灞炴€у強灞炴€у€间俊鎭?
dw,dim_product_base_info_dd,ds_srm_ro,SELECT,,浜у搧涓绘暟鎹熀鏈俊鎭?
dw,dim_product_base_info_nd,ds_srm_ro,SELECT,,鐭ヨ瘑搴?浜у搧灞炴€т俊鎭?
dw,dim_product_class_info_dd,ds_srm_ro,SELECT,,浜у搧鍒嗙被缁村害琛?
dw,dim_public_reference_data_dd,ds_srm_ro,SELECT,,婧愮郴缁熸棤娉ㄩ噴
dw,dim_supplier_base_info_dd,ds_srm_ro,SELECT,,渚涘簲鍟嗕富鏁版嵁鍩烘湰淇℃伅
dw,dim_supplier_company_info_dd,ds_srm_ro,SELECT,,渚涘簲鍟?鍏徃瑙嗗浘
ods,odss990_ZMDGT139,ds_srm_ro,SELECT,,
ods,odss990_ZMDGT150,ds_srm_ro,SELECT,,
ods,odss990_ZMDGT153,ds_srm_ro,SELECT,,
ods,odss990_tgsb,ds_srm_ro,SELECT,,涓氬姟鑼冨洿
ods,odss990_zmdgt134,ds_srm_ro,SELECT,,鍔犺浇鏃堕棿
ods,odss990_zmdgt137,ds_srm_ro,SELECT,,涓氬姟鑼冨洿鍜屽叕鍙镐唬鐮佸叧绯?
ods,odss990_zmdgt138,ds_srm_ro,SELECT,,鍋滅敤鏍囪瘑
ods,odss990_zmdgt143,ds_srm_ro,SELECT,,鍒╂鼎涓績涓庢垚鏈腑蹇冨叧绯昏〃
ods,odss990_zmdgt144,ds_srm_ro,SELECT,,涓氬姟鑼冨洿涓庢垚鏈腑蹇冨叧绯昏〃
dim,dim_mhr_mos_org_base_info_dd,ds_mdg_ro,SELECT,,缁勭粐涓绘暟鎹熀鏈俊鎭?
dim,dim_mk_shop_detail_dd,ds_mdg_ro,SELECT,,闂ㄥ簵鏄庣粏琛?
dim,dim_mk_shop_info_dd,ds_mdg_ro,SELECT,,闂ㄥ簵鍩虹淇℃伅琛?
dim,dim_ref_data_dd,ds_mdg_ro,SELECT,,鍙傝€冩暟鎹?缂栫爜缁村害琛?
dim,dim_ref_quote_code_dd,ds_mdg_ro,SELECT,,鍙傝€冩暟鎹?浠ｇ爜缁村害琛?
dw,dim_adm_china_dd,ds_mdg_ro,SELECT,,鍖哄煙-涓浗琛屾斂鍖哄垝
dw,dim_attr_value_info_dd,ds_mdg_ro,SELECT,,灞炴€у€间俊鎭淮搴﹁〃
dw,dim_customer_base_info_dd,ds_mdg_ro,SELECT,,瀹㈡埛涓绘暟鎹熀鏈俊鎭?
dw,dim_customer_trade_info_dd,ds_mdg_ro,SELECT,,瀹㈡埛璐告槗鍏崇郴淇℃伅淇℃伅
dw,dim_date_nd,ds_mdg_ro,SELECT,,鏃ユ湡缁村害涓昏〃
dw,dim_material_attr_info_dd,ds_mdg_ro,SELECT,,鐗╂枡瀵瑰簲灞炴€у強灞炴€у€间俊鎭?
dw,dim_material_base_info_dd,ds_mdg_ro,SELECT,,鐗╂枡涓绘暟鎹熀鏈俊鎭?
dw,dim_material_class_attr_mapping_dd,ds_mdg_ro,SELECT,,鐗╂枡鍒嗙被-灞炴€у叧绯绘槧灏勮〃
dw,dim_material_class_info_dd,ds_mdg_ro,SELECT,,鐗╂枡鍒嗙被淇℃伅骞抽摵灞曠ず琛?
dw,dim_material_sap_compare_dd,ds_mdg_ro,SELECT,,鐗╂枡绯荤粺缂栫爜瀵圭収
dw,dim_product_addl_info_dd,ds_mdg_ro,SELECT,,浜у搧闄勫姞淇℃伅-鐗╂枡缁勩€侀攢鍞粍缁囦俊鎭?
dw,dim_product_attr_info_dd,ds_mdg_ro,SELECT,,浜у搧瀵瑰簲灞炴€у強灞炴€у€间俊鎭?
dw,dim_product_base_info_dd,ds_mdg_ro,SELECT,,浜у搧涓绘暟鎹熀鏈俊鎭?
dw,dim_product_base_info_nd,ds_mdg_ro,SELECT,,鐭ヨ瘑搴?浜у搧灞炴€т俊鎭?
dw,dim_product_class_info_dd,ds_mdg_ro,SELECT,,浜у搧鍒嗙被缁村害琛?
dw,dim_public_reference_data_dd,ds_mdg_ro,SELECT,,婧愮郴缁熸棤娉ㄩ噴
dw,dim_supplier_base_info_dd,ds_mdg_ro,SELECT,,渚涘簲鍟嗕富鏁版嵁鍩烘湰淇℃伅
dw,dim_supplier_company_info_dd,ds_mdg_ro,SELECT,,渚涘簲鍟?鍏徃瑙嗗浘
ods,odsjtplm_his_bom,ds_mdg_ro,SELECT,,bom淇℃伅
ods,odsjtplm_his_productmodel,ds_mdg_ro,SELECT,,浜у搧鍨嬪彿
ods,odsjtplm_his_productversion,ds_mdg_ro,SELECT,,鐢熶骇鐗堟湰
ods,odsjtplm_his_salemodel,ds_mdg_ro,SELECT,,閿€鍞瀷鍙?
ods,odss600_mara,ds_mdg_ro,SELECT,,婧愮郴缁熸棤娉ㄩ噴
ods,odss990_ZMDGT139,ds_mdg_ro,SELECT,,
ods,odss990_ZMDGT150,ds_mdg_ro,SELECT,,
ods,odss990_ZMDGT153,ds_mdg_ro,SELECT,,
ods,odss990_mara,ds_mdg_ro,SELECT,,婧愮郴缁熸棤娉ㄩ噴
ods,odss990_tgsb,ds_mdg_ro,SELECT,,涓氬姟鑼冨洿
ods,odss990_zmdgt134,ds_mdg_ro,SELECT,,鍔犺浇鏃堕棿
ods,odss990_zmdgt137,ds_mdg_ro,SELECT,,涓氬姟鑼冨洿鍜屽叕鍙镐唬鐮佸叧绯?
ods,odss990_zmdgt138,ds_mdg_ro,SELECT,,鍋滅敤鏍囪瘑
ods,odss990_zmdgt143,ds_mdg_ro,SELECT,,鍒╂鼎涓績涓庢垚鏈腑蹇冨叧绯昏〃
ods,odss990_zmdgt144,ds_mdg_ro,SELECT,,涓氬姟鑼冨洿涓庢垚鏈腑蹇冨叧绯昏〃
dim,dim_mhr_mos_org_base_info_dd,ds_tv_mm_rw,SELECT,,缁勭粐涓绘暟鎹熀鏈俊鎭?
dim,dim_mk_shop_detail_dd,ds_tv_mm_rw,SELECT,,闂ㄥ簵鏄庣粏琛?
dim,dim_mk_shop_info_dd,ds_tv_mm_rw,SELECT,,闂ㄥ簵鍩虹淇℃伅琛?
dim,dim_ref_data_dd,ds_tv_mm_rw,SELECT,,鍙傝€冩暟鎹?缂栫爜缁村害琛?
dim,dim_ref_quote_code_dd,ds_tv_mm_rw,SELECT,,鍙傝€冩暟鎹?浠ｇ爜缁村害琛?
dw,dim_adm_china_dd,ds_tv_mm_rw,SELECT,,鍖哄煙-涓浗琛屾斂鍖哄垝
dw,dim_attr_value_info_dd,ds_tv_mm_rw,SELECT,,灞炴€у€间俊鎭淮搴﹁〃
dw,dim_customer_base_info_dd,ds_tv_mm_rw,SELECT,,瀹㈡埛涓绘暟鎹熀鏈俊鎭?
dw,dim_customer_trade_info_dd,ds_tv_mm_rw,SELECT,,瀹㈡埛璐告槗鍏崇郴淇℃伅淇℃伅
dw,dim_date_nd,ds_tv_mm_rw,SELECT,,鏃ユ湡缁村害涓昏〃
dw,dim_material_attr_info_dd,ds_tv_mm_rw,SELECT,,鐗╂枡瀵瑰簲灞炴€у強灞炴€у€间俊鎭?
dw,dim_material_base_info_dd,ds_tv_mm_rw,SELECT,,鐗╂枡涓绘暟鎹熀鏈俊鎭?
dw,dim_material_class_attr_mapping_dd,ds_tv_mm_rw,SELECT,,鐗╂枡鍒嗙被-灞炴€у叧绯绘槧灏勮〃
dw,dim_material_class_info_dd,ds_tv_mm_rw,SELECT,,鐗╂枡鍒嗙被淇℃伅骞抽摵灞曠ず琛?
dw,dim_material_sap_compare_dd,ds_tv_mm_rw,SELECT,,鐗╂枡绯荤粺缂栫爜瀵圭収
dw,dim_product_addl_info_dd,ds_tv_mm_rw,SELECT,,浜у搧闄勫姞淇℃伅-鐗╂枡缁勩€侀攢鍞粍缁囦俊鎭?
dw,dim_product_attr_info_dd,ds_tv_mm_rw,SELECT,,浜у搧瀵瑰簲灞炴€у強灞炴€у€间俊鎭?
dw,dim_product_base_info_dd,ds_tv_mm_rw,SELECT,,浜у搧涓绘暟鎹熀鏈俊鎭?
dw,dim_product_base_info_nd,ds_tv_mm_rw,SELECT,,鐭ヨ瘑搴?浜у搧灞炴€т俊鎭?
dw,dim_product_class_info_dd,ds_tv_mm_rw,SELECT,,浜у搧鍒嗙被缁村害琛?
dw,dim_public_reference_data_dd,ds_tv_mm_rw,SELECT,,婧愮郴缁熸棤娉ㄩ噴
dw,dim_supplier_base_info_dd,ds_tv_mm_rw,SELECT,,渚涘簲鍟嗕富鏁版嵁鍩烘湰淇℃伅
dw,dim_supplier_company_info_dd,ds_tv_mm_rw,SELECT,,渚涘簲鍟?鍏徃瑙嗗浘
ods,odss990_ZMDGT139,ds_tv_mm_rw,SELECT,,
ods,odss990_ZMDGT150,ds_tv_mm_rw,SELECT,,
ods,odss990_ZMDGT153,ds_tv_mm_rw,SELECT,,
ods,odss990_tgsb,ds_tv_mm_rw,SELECT,,涓氬姟鑼冨洿
ods,odss990_zmdgt134,ds_tv_mm_rw,SELECT,,鍔犺浇鏃堕棿
ods,odss990_zmdgt137,ds_tv_mm_rw,SELECT,,涓氬姟鑼冨洿鍜屽叕鍙镐唬鐮佸叧绯?
ods,odss990_zmdgt138,ds_tv_mm_rw,SELECT,,鍋滅敤鏍囪瘑
ods,odss990_zmdgt143,ds_tv_mm_rw,SELECT,,鍒╂鼎涓績涓庢垚鏈腑蹇冨叧绯昏〃
ods,odss990_zmdgt144,ds_tv_mm_rw,SELECT,,涓氬姟鑼冨洿涓庢垚鏈腑蹇冨叧绯昏〃
dim,dim_mhr_mos_org_base_info_dd,ds_xty_ro,SELECT,,缁勭粐涓绘暟鎹熀鏈俊鎭?
dim,dim_mk_shop_detail_dd,ds_xty_ro,SELECT,,闂ㄥ簵鏄庣粏琛?
dim,dim_mk_shop_info_dd,ds_xty_ro,SELECT,,闂ㄥ簵鍩虹淇℃伅琛?
dim,dim_ref_data_dd,ds_xty_ro,SELECT,,鍙傝€冩暟鎹?缂栫爜缁村害琛?
dim,dim_ref_quote_code_dd,ds_xty_ro,SELECT,,鍙傝€冩暟鎹?浠ｇ爜缁村害琛?
dw,dim_adm_china_dd,ds_xty_ro,SELECT,,鍖哄煙-涓浗琛屾斂鍖哄垝
dw,dim_attr_value_info_dd,ds_xty_ro,SELECT,,灞炴€у€间俊鎭淮搴﹁〃
dw,dim_customer_base_info_dd,ds_xty_ro,SELECT,,瀹㈡埛涓绘暟鎹熀鏈俊鎭?
dw,dim_customer_trade_info_dd,ds_xty_ro,SELECT,,瀹㈡埛璐告槗鍏崇郴淇℃伅淇℃伅
dw,dim_date_nd,ds_xty_ro,SELECT,,鏃ユ湡缁村害涓昏〃
dw,dim_material_attr_info_dd,ds_xty_ro,SELECT,,鐗╂枡瀵瑰簲灞炴€у強灞炴€у€间俊鎭?
dw,dim_material_base_info_dd,ds_xty_ro,SELECT,,鐗╂枡涓绘暟鎹熀鏈俊鎭?
dw,dim_material_class_attr_mapping_dd,ds_xty_ro,SELECT,,鐗╂枡鍒嗙被-灞炴€у叧绯绘槧灏勮〃
dw,dim_material_class_info_dd,ds_xty_ro,SELECT,,鐗╂枡鍒嗙被淇℃伅骞抽摵灞曠ず琛?
dw,dim_material_sap_compare_dd,ds_xty_ro,SELECT,,鐗╂枡绯荤粺缂栫爜瀵圭収
dw,dim_product_addl_info_dd,ds_xty_ro,SELECT,,浜у搧闄勫姞淇℃伅-鐗╂枡缁勩€侀攢鍞粍缁囦俊鎭?
dw,dim_product_attr_info_dd,ds_xty_ro,SELECT,,浜у搧瀵瑰簲灞炴€у強灞炴€у€间俊鎭?
dw,dim_product_base_info_dd,ds_xty_ro,SELECT,,浜у搧涓绘暟鎹熀鏈俊鎭?
dw,dim_product_base_info_nd,ds_xty_ro,SELECT,,鐭ヨ瘑搴?浜у搧灞炴€т俊鎭?
dw,dim_product_class_info_dd,ds_xty_ro,SELECT,,浜у搧鍒嗙被缁村害琛?
dw,dim_public_reference_data_dd,ds_xty_ro,SELECT,,婧愮郴缁熸棤娉ㄩ噴
dw,dim_supplier_base_info_dd,ds_xty_ro,SELECT,,渚涘簲鍟嗕富鏁版嵁鍩烘湰淇℃伅
dw,dim_supplier_company_info_dd,ds_xty_ro,SELECT,,渚涘簲鍟?鍏徃瑙嗗浘
ods,odscis_base_matkl,ds_xty_ro,SELECT,,鐗╂枡缁?
ods,odscis_cust_info,ds_xty_ro,SELECT,,鍟嗗鍩虹淇℃伅-鐢熸晥
ods,odscis_fw_org,ds_xty_ro,SELECT,,缁勭粐
ods,odsdt_tm_ldap_user,ds_xty_ro,SELECT,,s900 getbom
ods,odsmf_cm_tab21113,ds_xty_ro,SELECT,,鎸囨爣鐩爣鏁版嵁琛?
ods,odss990_ZMDGT139,ds_xty_ro,SELECT,,
ods,odss990_ZMDGT150,ds_xty_ro,SELECT,,
ods,odss990_ZMDGT153,ds_xty_ro,SELECT,,
ods,odss990_tgsb,ds_xty_ro,SELECT,,涓氬姟鑼冨洿
ods,odss990_zmdgt134,ds_xty_ro,SELECT,,鍔犺浇鏃堕棿
ods,odss990_zmdgt137,ds_xty_ro,SELECT,,涓氬姟鑼冨洿鍜屽叕鍙镐唬鐮佸叧绯?
ods,odss990_zmdgt138,ds_xty_ro,SELECT,,鍋滅敤鏍囪瘑
ods,odss990_zmdgt143,ds_xty_ro,SELECT,,鍒╂鼎涓績涓庢垚鏈腑蹇冨叧绯昏〃
ods,odss990_zmdgt144,ds_xty_ro,SELECT,,涓氬姟鑼冨洿涓庢垚鏈腑蹇冨叧绯昏〃
ods,odssftp_abroad_voc,ds_xty_ro,SELECT,,
dim,dim_ipd_hdrp_project_dd,ds_mdg_rw,SELECT,,HDRP椤圭洰鍩烘湰淇℃伅琛?
dim,dim_ipd_jtplm_his_productversion_dd,ds_mdg_rw,SELECT,,瑙嗗儚绉戞妧鐢熶骇鐗堟湰琛?
dim,dim_ipd_productionversion_dd,ds_mdg_rw,SELECT,,鐢熶骇鐗堟湰鍩虹淇℃伅琛?
dim,dim_ipd_productmodel_dd,ds_mdg_rw,SELECT,,鐧界數浜у搧鍨嬪彿鍩虹淇℃伅琛?
dim,dim_ipd_productplatform_dd,ds_mdg_rw,SELECT,,鐧界數浜у搧骞冲彴鍩虹淇℃伅琛?
dim,dim_ipd_salemodel_dd,ds_mdg_rw,SELECT,,閿€鍞瀷鍙峰熀纭€淇℃伅琛?
dim,dim_mhr_mos_org_base_info_dd,ds_mdg_rw,SELECT,,缁勭粐涓绘暟鎹熀鏈俊鎭?
dim,dim_mk_shop_detail_dd,ds_mdg_rw,SELECT,,闂ㄥ簵鏄庣粏琛?
dim,dim_mk_shop_info_dd,ds_mdg_rw,SELECT,,闂ㄥ簵鍩虹淇℃伅琛?
dim,dim_ref_data_dd,ds_mdg_rw,SELECT,,鍙傝€冩暟鎹?缂栫爜缁村害琛?
dim,dim_ref_quote_code_dd,ds_mdg_rw,SELECT,,鍙傝€冩暟鎹?浠ｇ爜缁村害琛?
dw,dim_adm_china_dd,ds_mdg_rw,SELECT,,鍖哄煙-涓浗琛屾斂鍖哄垝
dw,dim_attr_value_info_dd,ds_mdg_rw,SELECT,,灞炴€у€间俊鎭淮搴﹁〃
dw,dim_customer_base_info_dd,ds_mdg_rw,SELECT,,瀹㈡埛涓绘暟鎹熀鏈俊鎭?
dw,dim_customer_trade_info_dd,ds_mdg_rw,SELECT,,瀹㈡埛璐告槗鍏崇郴淇℃伅淇℃伅
dw,dim_date_nd,ds_mdg_rw,SELECT,,鏃ユ湡缁村害涓昏〃
dw,dim_material_attr_info_dd,ds_mdg_rw,SELECT,,鐗╂枡瀵瑰簲灞炴€у強灞炴€у€间俊鎭?
dw,dim_material_base_info_dd,ds_mdg_rw,SELECT,,鐗╂枡涓绘暟鎹熀鏈俊鎭?
dw,dim_material_class_attr_mapping_dd,ds_mdg_rw,SELECT,,鐗╂枡鍒嗙被-灞炴€у叧绯绘槧灏勮〃
dw,dim_material_class_info_dd,ds_mdg_rw,SELECT,,鐗╂枡鍒嗙被淇℃伅骞抽摵灞曠ず琛?
dw,dim_material_sap_compare_dd,ds_mdg_rw,SELECT,,鐗╂枡绯荤粺缂栫爜瀵圭収
dw,dim_product_addl_info_dd,ds_mdg_rw,SELECT,,浜у搧闄勫姞淇℃伅-鐗╂枡缁勩€侀攢鍞粍缁囦俊鎭?
dw,dim_product_attr_info_dd,ds_mdg_rw,SELECT,,浜у搧瀵瑰簲灞炴€у強灞炴€у€间俊鎭?
dw,dim_product_base_info_dd,ds_mdg_rw,SELECT,,浜у搧涓绘暟鎹熀鏈俊鎭?
dw,dim_product_base_info_nd,ds_mdg_rw,SELECT,,鐭ヨ瘑搴?浜у搧灞炴€т俊鎭?
dw,dim_product_class_info_dd,ds_mdg_rw,SELECT,,浜у搧鍒嗙被缁村害琛?
dw,dim_public_reference_data_dd,ds_mdg_rw,SELECT,,婧愮郴缁熸棤娉ㄩ噴
dw,dim_supplier_base_info_dd,ds_mdg_rw,SELECT,,渚涘簲鍟嗕富鏁版嵁鍩烘湰淇℃伅
dw,dim_supplier_company_info_dd,ds_mdg_rw,SELECT,,渚涘簲鍟?鍏徃瑙嗗浘
dw,dwd_ipd_ipd_productmodel_dd,ds_mdg_rw,SELECT,,鐧界數浜у搧鍨嬪彿鍩虹淇℃伅琛?
dwd,dwd_data_quality_monitor_rule_detail_wide,ds_mdg_rw,SELECT,,鏁版嵁璐ㄩ噺鐩戞帶瑙勫垯鏄庣粏瀹借〃
ods,odscis_base_matkl,ds_mdg_rw,SELECT,,鐗╂枡缁?
ods,odscis_cust_info,ds_mdg_rw,SELECT,,鍟嗗鍩虹淇℃伅-鐢熸晥
ods,odscis_cust_info_detail,ds_mdg_rw,SELECT,,鍟嗗钀ラ攢妯″紡-鐢熸晥
ods,odscis_fw_org,ds_mdg_rw,SELECT,,缁勭粐
ods,odscis_fw_property,ds_mdg_rw,SELECT,,瀛楀吀鏁版嵁
ods,odsjtplm_his_bom,ds_mdg_rw,SELECT,,bom淇℃伅
ods,odsjtplm_his_productmodel,ds_mdg_rw,SELECT,,浜у搧鍨嬪彿
ods,odsjtplm_his_productversion,ds_mdg_rw,SELECT,,鐢熶骇鐗堟湰
ods,odsjtplm_his_salemodel,ds_mdg_rw,SELECT,,閿€鍞瀷鍙?
ods,odsjtplm_hwa_class_info,ds_mdg_rw,SELECT,,鍝佺被鍩烘湰淇℃伅
ods,odsjtplm_hwa_material_detail,ds_mdg_rw,SELECT,,鐗╂枡璇︾粏淇℃伅
ods,odsjtplm_hwa_material_info,ds_mdg_rw,SELECT,,鐗╂枡鍩烘湰淇℃伅
ods,odss600_mara,ds_mdg_rw,SELECT,,婧愮郴缁熸棤娉ㄩ噴
ods,odss700_mara,ds_mdg_rw,SELECT,,婧愮郴缁熸棤娉ㄩ噴
ods,odss800_mara,ds_mdg_rw,SELECT,,婧愮郴缁熸棤娉ㄩ噴
ods,odss900_mara,ds_mdg_rw,SELECT,,GMV
ods,odss990_MAKT,ds_mdg_rw,SELECT,,
ods,odss990_ZMDGT074,ds_mdg_rw,SELECT,,
ods,odss990_ZMDGT113,ds_mdg_rw,SELECT,,
ods,odss990_ZMDGT134,ds_mdg_rw,SELECT,,
ods,odss990_ZMDGT137,ds_mdg_rw,SELECT,,
ods,odss990_ZMDGT138,ds_mdg_rw,SELECT,,
ods,odss990_ZMDGT139,ds_mdg_rw,SELECT,,
ods,odss990_ZMDGT143,ds_mdg_rw,SELECT,,
ods,odss990_ZMDGT144,ds_mdg_rw,SELECT,,
ods,odss990_ZMDGT150,ds_mdg_rw,SELECT,,
ods,odss990_ZMDGT153,ds_mdg_rw,SELECT,,
ods,odss990_ZMDGT_PCOMP,ds_mdg_rw,SELECT,,
ods,odss990_mara,ds_mdg_rw,SELECT,,婧愮郴缁熸棤娉ㄩ噴
ods,odss990_tgsb,ds_mdg_rw,SELECT,,涓氬姟鑼冨洿
ods,odss990_zmdgt134,ds_mdg_rw,SELECT,,鍔犺浇鏃堕棿
ods,odss990_zmdgt137,ds_mdg_rw,SELECT,,涓氬姟鑼冨洿鍜屽叕鍙镐唬鐮佸叧绯?
ods,odss990_zmdgt138,ds_mdg_rw,SELECT,,鍋滅敤鏍囪瘑
ods,odss990_zmdgt143,ds_mdg_rw,SELECT,,鍒╂鼎涓績涓庢垚鏈腑蹇冨叧绯昏〃
ods,odss990_zmdgt144,ds_mdg_rw,SELECT,,涓氬姟鑼冨洿涓庢垚鏈腑蹇冨叧绯昏〃
dim,dim_mhr_mos_org_base_info_dd,ds_corehr_ro,SELECT,,缁勭粐涓绘暟鎹熀鏈俊鎭?
dim,dim_mk_shop_detail_dd,ds_corehr_ro,SELECT,,闂ㄥ簵鏄庣粏琛?
dim,dim_mk_shop_info_dd,ds_corehr_ro,SELECT,,闂ㄥ簵鍩虹淇℃伅琛?
dim,dim_ref_data_dd,ds_corehr_ro,SELECT,,鍙傝€冩暟鎹?缂栫爜缁村害琛?
dim,dim_ref_quote_code_dd,ds_corehr_ro,SELECT,,鍙傝€冩暟鎹?浠ｇ爜缁村害琛?
dw,dim_adm_china_dd,ds_corehr_ro,SELECT,,鍖哄煙-涓浗琛屾斂鍖哄垝
dw,dim_attr_value_info_dd,ds_corehr_ro,SELECT,,灞炴€у€间俊鎭淮搴﹁〃
dw,dim_customer_base_info_dd,ds_corehr_ro,SELECT,,瀹㈡埛涓绘暟鎹熀鏈俊鎭?
dw,dim_customer_trade_info_dd,ds_corehr_ro,SELECT,,瀹㈡埛璐告槗鍏崇郴淇℃伅淇℃伅
dw,dim_date_nd,ds_corehr_ro,SELECT,,鏃ユ湡缁村害涓昏〃
dw,dim_material_attr_info_dd,ds_corehr_ro,SELECT,,鐗╂枡瀵瑰簲灞炴€у強灞炴€у€间俊鎭?
dw,dim_material_base_info_dd,ds_corehr_ro,SELECT,,鐗╂枡涓绘暟鎹熀鏈俊鎭?
dw,dim_material_class_attr_mapping_dd,ds_corehr_ro,SELECT,,鐗╂枡鍒嗙被-灞炴€у叧绯绘槧灏勮〃
dw,dim_material_class_info_dd,ds_corehr_ro,SELECT,,鐗╂枡鍒嗙被淇℃伅骞抽摵灞曠ず琛?
dw,dim_material_sap_compare_dd,ds_corehr_ro,SELECT,,鐗╂枡绯荤粺缂栫爜瀵圭収
dw,dim_product_addl_info_dd,ds_corehr_ro,SELECT,,浜у搧闄勫姞淇℃伅-鐗╂枡缁勩€侀攢鍞粍缁囦俊鎭?
dw,dim_product_attr_info_dd,ds_corehr_ro,SELECT,,浜у搧瀵瑰簲灞炴€у強灞炴€у€间俊鎭?
dw,dim_product_base_info_dd,ds_corehr_ro,SELECT,,浜у搧涓绘暟鎹熀鏈俊鎭?
dw,dim_product_base_info_nd,ds_corehr_ro,SELECT,,鐭ヨ瘑搴?浜у搧灞炴€т俊鎭?
dw,dim_product_class_info_dd,ds_corehr_ro,SELECT,,浜у搧鍒嗙被缁村害琛?
dw,dim_public_reference_data_dd,ds_corehr_ro,SELECT,,婧愮郴缁熸棤娉ㄩ噴
dw,dim_supplier_base_info_dd,ds_corehr_ro,SELECT,,渚涘簲鍟嗕富鏁版嵁鍩烘湰淇℃伅
dw,dim_supplier_company_info_dd,ds_corehr_ro,SELECT,,渚涘簲鍟?鍏徃瑙嗗浘
ods,odss990_ZMDGT139,ds_corehr_ro,SELECT,,
ods,odss990_ZMDGT150,ds_corehr_ro,SELECT,,
ods,odss990_ZMDGT153,ds_corehr_ro,SELECT,,
ods,odss990_tgsb,ds_corehr_ro,SELECT,,涓氬姟鑼冨洿
ods,odss990_zmdgt134,ds_corehr_ro,SELECT,,鍔犺浇鏃堕棿
ods,odss990_zmdgt137,ds_corehr_ro,SELECT,,涓氬姟鑼冨洿鍜屽叕鍙镐唬鐮佸叧绯?
ods,odss990_zmdgt138,ds_corehr_ro,SELECT,,鍋滅敤鏍囪瘑
ods,odss990_zmdgt143,ds_corehr_ro,SELECT,,鍒╂鼎涓績涓庢垚鏈腑蹇冨叧绯昏〃
ods,odss990_zmdgt144,ds_corehr_ro,SELECT,,涓氬姟鑼冨洿涓庢垚鏈腑蹇冨叧绯昏〃
dim,dim_mhr_mos_org_base_info_dd,ds_xzai_rw,SELECT,,缁勭粐涓绘暟鎹熀鏈俊鎭?
dim,dim_mk_shop_detail_dd,ds_xzai_rw,SELECT,,闂ㄥ簵鏄庣粏琛?
dim,dim_mk_shop_info_dd,ds_xzai_rw,SELECT,,闂ㄥ簵鍩虹淇℃伅琛?
dim,dim_ref_data_dd,ds_xzai_rw,SELECT,,鍙傝€冩暟鎹?缂栫爜缁村害琛?
dim,dim_ref_quote_code_dd,ds_xzai_rw,SELECT,,鍙傝€冩暟鎹?浠ｇ爜缁村害琛?
dw,dim_adm_china_dd,ds_xzai_rw,SELECT,,鍖哄煙-涓浗琛屾斂鍖哄垝
dw,dim_attr_value_info_dd,ds_xzai_rw,SELECT,,灞炴€у€间俊鎭淮搴﹁〃
dw,dim_customer_base_info_dd,ds_xzai_rw,SELECT,,瀹㈡埛涓绘暟鎹熀鏈俊鎭?
dw,dim_customer_trade_info_dd,ds_xzai_rw,SELECT,,瀹㈡埛璐告槗鍏崇郴淇℃伅淇℃伅
dw,dim_date_nd,ds_xzai_rw,SELECT,,鏃ユ湡缁村害涓昏〃
dw,dim_material_attr_info_dd,ds_xzai_rw,SELECT,,鐗╂枡瀵瑰簲灞炴€у強灞炴€у€间俊鎭?
dw,dim_material_base_info_dd,ds_xzai_rw,SELECT,,鐗╂枡涓绘暟鎹熀鏈俊鎭?
dw,dim_material_class_attr_mapping_dd,ds_xzai_rw,SELECT,,鐗╂枡鍒嗙被-灞炴€у叧绯绘槧灏勮〃
dw,dim_material_class_info_dd,ds_xzai_rw,SELECT,,鐗╂枡鍒嗙被淇℃伅骞抽摵灞曠ず琛?
dw,dim_material_sap_compare_dd,ds_xzai_rw,SELECT,,鐗╂枡绯荤粺缂栫爜瀵圭収
dw,dim_product_addl_info_dd,ds_xzai_rw,SELECT,,浜у搧闄勫姞淇℃伅-鐗╂枡缁勩€侀攢鍞粍缁囦俊鎭?
dw,dim_product_attr_info_dd,ds_xzai_rw,SELECT,,浜у搧瀵瑰簲灞炴€у強灞炴€у€间俊鎭?
dw,dim_product_base_info_dd,ds_xzai_rw,SELECT,,浜у搧涓绘暟鎹熀鏈俊鎭?
dw,dim_product_base_info_nd,ds_xzai_rw,SELECT,,鐭ヨ瘑搴?浜у搧灞炴€т俊鎭?
dw,dim_product_class_info_dd,ds_xzai_rw,SELECT,,浜у搧鍒嗙被缁村害琛?
dw,dim_public_reference_data_dd,ds_xzai_rw,SELECT,,婧愮郴缁熸棤娉ㄩ噴
dw,dim_supplier_base_info_dd,ds_xzai_rw,SELECT,,渚涘簲鍟嗕富鏁版嵁鍩烘湰淇℃伅
dw,dim_supplier_company_info_dd,ds_xzai_rw,SELECT,,渚涘簲鍟?鍏徃瑙嗗浘
ods,odsjtplm_his_cbb_detail,ds_xzai_rw,SELECT,,CBB璇︾粏淇℃伅
ods,odsjtplm_his_cbb_info,ds_xzai_rw,SELECT,,CBB鍩烘湰淇℃伅
ods,odss990_ZMDGT139,ds_xzai_rw,SELECT,,
ods,odss990_ZMDGT150,ds_xzai_rw,SELECT,,
ods,odss990_ZMDGT153,ds_xzai_rw,SELECT,,
ods,odss990_tgsb,ds_xzai_rw,SELECT,,涓氬姟鑼冨洿
ods,odss990_zmdgt134,ds_xzai_rw,SELECT,,鍔犺浇鏃堕棿
ods,odss990_zmdgt137,ds_xzai_rw,SELECT,,涓氬姟鑼冨洿鍜屽叕鍙镐唬鐮佸叧绯?
ods,odss990_zmdgt138,ds_xzai_rw,SELECT,,鍋滅敤鏍囪瘑
ods,odss990_zmdgt143,ds_xzai_rw,SELECT,,鍒╂鼎涓績涓庢垚鏈腑蹇冨叧绯昏〃
ods,odss990_zmdgt144,ds_xzai_rw,SELECT,,涓氬姟鑼冨洿涓庢垚鏈腑蹇冨叧绯昏〃
dim,dim_mhr_mos_org_base_info_dd,ds_was_ro,SELECT,,缁勭粐涓绘暟鎹熀鏈俊鎭?
dim,dim_mk_shop_detail_dd,ds_was_ro,SELECT,,闂ㄥ簵鏄庣粏琛?
dim,dim_mk_shop_info_dd,ds_was_ro,SELECT,,闂ㄥ簵鍩虹淇℃伅琛?
dim,dim_ref_data_dd,ds_was_ro,SELECT,,鍙傝€冩暟鎹?缂栫爜缁村害琛?
dim,dim_ref_quote_code_dd,ds_was_ro,SELECT,,鍙傝€冩暟鎹?浠ｇ爜缁村害琛?
dw,dim_adm_china_dd,ds_was_ro,SELECT,,鍖哄煙-涓浗琛屾斂鍖哄垝
dw,dim_attr_value_info_dd,ds_was_ro,SELECT,,灞炴€у€间俊鎭淮搴﹁〃
dw,dim_customer_base_info_dd,ds_was_ro,SELECT,,瀹㈡埛涓绘暟鎹熀鏈俊鎭?
dw,dim_customer_trade_info_dd,ds_was_ro,SELECT,,瀹㈡埛璐告槗鍏崇郴淇℃伅淇℃伅
dw,dim_date_nd,ds_was_ro,SELECT,,鏃ユ湡缁村害涓昏〃
dw,dim_material_attr_info_dd,ds_was_ro,SELECT,,鐗╂枡瀵瑰簲灞炴€у強灞炴€у€间俊鎭?
dw,dim_material_base_info_dd,ds_was_ro,SELECT,,鐗╂枡涓绘暟鎹熀鏈俊鎭?
dw,dim_material_class_attr_mapping_dd,ds_was_ro,SELECT,,鐗╂枡鍒嗙被-灞炴€у叧绯绘槧灏勮〃
dw,dim_material_class_info_dd,ds_was_ro,SELECT,,鐗╂枡鍒嗙被淇℃伅骞抽摵灞曠ず琛?
dw,dim_material_sap_compare_dd,ds_was_ro,SELECT,,鐗╂枡绯荤粺缂栫爜瀵圭収
dw,dim_product_addl_info_dd,ds_was_ro,SELECT,,浜у搧闄勫姞淇℃伅-鐗╂枡缁勩€侀攢鍞粍缁囦俊鎭?
dw,dim_product_attr_info_dd,ds_was_ro,SELECT,,浜у搧瀵瑰簲灞炴€у強灞炴€у€间俊鎭?
dw,dim_product_base_info_dd,ds_was_ro,SELECT,,浜у搧涓绘暟鎹熀鏈俊鎭?
dw,dim_product_base_info_nd,ds_was_ro,SELECT,,鐭ヨ瘑搴?浜у搧灞炴€т俊鎭?
dw,dim_product_class_info_dd,ds_was_ro,SELECT,,浜у搧鍒嗙被缁村害琛?
dw,dim_public_reference_data_dd,ds_was_ro,SELECT,,婧愮郴缁熸棤娉ㄩ噴
dw,dim_supplier_base_info_dd,ds_was_ro,SELECT,,渚涘簲鍟嗕富鏁版嵁鍩烘湰淇℃伅
dw,dim_supplier_company_info_dd,ds_was_ro,SELECT,,渚涘簲鍟?鍏徃瑙嗗浘
ods,odss990_ZMDGT139,ds_was_ro,SELECT,,
ods,odss990_ZMDGT150,ds_was_ro,SELECT,,
ods,odss990_ZMDGT153,ds_was_ro,SELECT,,
ods,odss990_tgsb,ds_was_ro,SELECT,,涓氬姟鑼冨洿
ods,odss990_zmdgt134,ds_was_ro,SELECT,,鍔犺浇鏃堕棿
ods,odss990_zmdgt137,ds_was_ro,SELECT,,涓氬姟鑼冨洿鍜屽叕鍙镐唬鐮佸叧绯?
ods,odss990_zmdgt138,ds_was_ro,SELECT,,鍋滅敤鏍囪瘑
ods,odss990_zmdgt143,ds_was_ro,SELECT,,鍒╂鼎涓績涓庢垚鏈腑蹇冨叧绯昏〃
ods,odss990_zmdgt144,ds_was_ro,SELECT,,涓氬姟鑼冨洿涓庢垚鏈腑蹇冨叧绯昏〃
dim,dim_mhr_mos_org_base_info_dd,ds_ac_mm_ro,SELECT,,缁勭粐涓绘暟鎹熀鏈俊鎭?
dim,dim_mk_shop_detail_dd,ds_ac_mm_ro,SELECT,,闂ㄥ簵鏄庣粏琛?
dim,dim_mk_shop_info_dd,ds_ac_mm_ro,SELECT,,闂ㄥ簵鍩虹淇℃伅琛?
dim,dim_ref_data_dd,ds_ac_mm_ro,SELECT,,鍙傝€冩暟鎹?缂栫爜缁村害琛?
dim,dim_ref_quote_code_dd,ds_ac_mm_ro,SELECT,,鍙傝€冩暟鎹?浠ｇ爜缁村害琛?
dw,dim_adm_china_dd,ds_ac_mm_ro,SELECT,,鍖哄煙-涓浗琛屾斂鍖哄垝
dw,dim_attr_value_info_dd,ds_ac_mm_ro,SELECT,,灞炴€у€间俊鎭淮搴﹁〃
dw,dim_customer_base_info_dd,ds_ac_mm_ro,SELECT,,瀹㈡埛涓绘暟鎹熀鏈俊鎭?
dw,dim_customer_trade_info_dd,ds_ac_mm_ro,SELECT,,瀹㈡埛璐告槗鍏崇郴淇℃伅淇℃伅
dw,dim_date_nd,ds_ac_mm_ro,SELECT,,鏃ユ湡缁村害涓昏〃
dw,dim_material_attr_info_dd,ds_ac_mm_ro,SELECT,,鐗╂枡瀵瑰簲灞炴€у強灞炴€у€间俊鎭?
dw,dim_material_base_info_dd,ds_ac_mm_ro,SELECT,,鐗╂枡涓绘暟鎹熀鏈俊鎭?
dw,dim_material_class_attr_mapping_dd,ds_ac_mm_ro,SELECT,,鐗╂枡鍒嗙被-灞炴€у叧绯绘槧灏勮〃
dw,dim_material_class_info_dd,ds_ac_mm_ro,SELECT,,鐗╂枡鍒嗙被淇℃伅骞抽摵灞曠ず琛?
dw,dim_material_sap_compare_dd,ds_ac_mm_ro,SELECT,,鐗╂枡绯荤粺缂栫爜瀵圭収
dw,dim_product_addl_info_dd,ds_ac_mm_ro,SELECT,,浜у搧闄勫姞淇℃伅-鐗╂枡缁勩€侀攢鍞粍缁囦俊鎭?
dw,dim_product_attr_info_dd,ds_ac_mm_ro,SELECT,,浜у搧瀵瑰簲灞炴€у強灞炴€у€间俊鎭?
dw,dim_product_base_info_dd,ds_ac_mm_ro,SELECT,,浜у搧涓绘暟鎹熀鏈俊鎭?
dw,dim_product_base_info_nd,ds_ac_mm_ro,SELECT,,鐭ヨ瘑搴?浜у搧灞炴€т俊鎭?
dw,dim_product_class_info_dd,ds_ac_mm_ro,SELECT,,浜у搧鍒嗙被缁村害琛?
dw,dim_public_reference_data_dd,ds_ac_mm_ro,SELECT,,婧愮郴缁熸棤娉ㄩ噴
dw,dim_supplier_base_info_dd,ds_ac_mm_ro,SELECT,,渚涘簲鍟嗕富鏁版嵁鍩烘湰淇℃伅
dw,dim_supplier_company_info_dd,ds_ac_mm_ro,SELECT,,渚涘簲鍟?鍏徃瑙嗗浘
ods,odss990_ZMDGT139,ds_ac_mm_ro,SELECT,,
ods,odss990_ZMDGT150,ds_ac_mm_ro,SELECT,,
ods,odss990_ZMDGT153,ds_ac_mm_ro,SELECT,,
ods,odss990_tgsb,ds_ac_mm_ro,SELECT,,涓氬姟鑼冨洿
ods,odss990_zmdgt134,ds_ac_mm_ro,SELECT,,鍔犺浇鏃堕棿
ods,odss990_zmdgt137,ds_ac_mm_ro,SELECT,,涓氬姟鑼冨洿鍜屽叕鍙镐唬鐮佸叧绯?
ods,odss990_zmdgt138,ds_ac_mm_ro,SELECT,,鍋滅敤鏍囪瘑
ods,odss990_zmdgt143,ds_ac_mm_ro,SELECT,,鍒╂鼎涓績涓庢垚鏈腑蹇冨叧绯昏〃
ods,odss990_zmdgt144,ds_ac_mm_ro,SELECT,,涓氬姟鑼冨洿涓庢垚鏈腑蹇冨叧绯昏〃
dim,dim_mhr_mos_org_base_info_dd,ds_wenshu_ro,SELECT,,缁勭粐涓绘暟鎹熀鏈俊鎭?
dim,dim_mk_shop_detail_dd,ds_wenshu_ro,SELECT,,闂ㄥ簵鏄庣粏琛?
dim,dim_mk_shop_info_dd,ds_wenshu_ro,SELECT,,闂ㄥ簵鍩虹淇℃伅琛?
dim,dim_ref_data_dd,ds_wenshu_ro,SELECT,,鍙傝€冩暟鎹?缂栫爜缁村害琛?
dim,dim_ref_quote_code_dd,ds_wenshu_ro,SELECT,,鍙傝€冩暟鎹?浠ｇ爜缁村害琛?
dw,dim_adm_china_dd,ds_wenshu_ro,SELECT,,鍖哄煙-涓浗琛屾斂鍖哄垝
dw,dim_attr_value_info_dd,ds_wenshu_ro,SELECT,,灞炴€у€间俊鎭淮搴﹁〃
dw,dim_customer_base_info_dd,ds_wenshu_ro,SELECT,,瀹㈡埛涓绘暟鎹熀鏈俊鎭?
dw,dim_customer_trade_info_dd,ds_wenshu_ro,SELECT,,瀹㈡埛璐告槗鍏崇郴淇℃伅淇℃伅
dw,dim_date_nd,ds_wenshu_ro,SELECT,,鏃ユ湡缁村害涓昏〃
dw,dim_material_attr_info_dd,ds_wenshu_ro,SELECT,,鐗╂枡瀵瑰簲灞炴€у強灞炴€у€间俊鎭?
dw,dim_material_base_info_dd,ds_wenshu_ro,SELECT,,鐗╂枡涓绘暟鎹熀鏈俊鎭?
dw,dim_material_class_attr_mapping_dd,ds_wenshu_ro,SELECT,,鐗╂枡鍒嗙被-灞炴€у叧绯绘槧灏勮〃
dw,dim_material_class_info_dd,ds_wenshu_ro,SELECT,,鐗╂枡鍒嗙被淇℃伅骞抽摵灞曠ず琛?
dw,dim_material_sap_compare_dd,ds_wenshu_ro,SELECT,,鐗╂枡绯荤粺缂栫爜瀵圭収
dw,dim_product_addl_info_dd,ds_wenshu_ro,SELECT,,浜у搧闄勫姞淇℃伅-鐗╂枡缁勩€侀攢鍞粍缁囦俊鎭?
dw,dim_product_attr_info_dd,ds_wenshu_ro,SELECT,,浜у搧瀵瑰簲灞炴€у強灞炴€у€间俊鎭?
dw,dim_product_base_info_dd,ds_wenshu_ro,SELECT,,浜у搧涓绘暟鎹熀鏈俊鎭?
dw,dim_product_base_info_nd,ds_wenshu_ro,SELECT,,鐭ヨ瘑搴?浜у搧灞炴€т俊鎭?
dw,dim_product_class_info_dd,ds_wenshu_ro,SELECT,,浜у搧鍒嗙被缁村害琛?
dw,dim_public_reference_data_dd,ds_wenshu_ro,SELECT,,婧愮郴缁熸棤娉ㄩ噴
dw,dim_supplier_base_info_dd,ds_wenshu_ro,SELECT,,渚涘簲鍟嗕富鏁版嵁鍩烘湰淇℃伅
dw,dim_supplier_company_info_dd,ds_wenshu_ro,SELECT,,渚涘簲鍟?鍏徃瑙嗗浘
ods,odss990_ZMDGT139,ds_wenshu_ro,SELECT,,
ods,odss990_ZMDGT150,ds_wenshu_ro,SELECT,,
ods,odss990_ZMDGT153,ds_wenshu_ro,SELECT,,
ods,odss990_tgsb,ds_wenshu_ro,SELECT,,涓氬姟鑼冨洿
ods,odss990_zmdgt134,ds_wenshu_ro,SELECT,,鍔犺浇鏃堕棿
ods,odss990_zmdgt137,ds_wenshu_ro,SELECT,,涓氬姟鑼冨洿鍜屽叕鍙镐唬鐮佸叧绯?
ods,odss990_zmdgt138,ds_wenshu_ro,SELECT,,鍋滅敤鏍囪瘑
ods,odss990_zmdgt143,ds_wenshu_ro,SELECT,,鍒╂鼎涓績涓庢垚鏈腑蹇冨叧绯昏〃
ods,odss990_zmdgt144,ds_wenshu_ro,SELECT,,涓氬姟鑼冨洿涓庢垚鏈腑蹇冨叧绯昏〃
dim,dim_mhr_mos_org_base_info_dd,ds_asean_rw,SELECT,,缁勭粐涓绘暟鎹熀鏈俊鎭?
dim,dim_mk_shop_detail_dd,ds_asean_rw,SELECT,,闂ㄥ簵鏄庣粏琛?
dim,dim_mk_shop_info_dd,ds_asean_rw,SELECT,,闂ㄥ簵鍩虹淇℃伅琛?
dim,dim_ref_data_dd,ds_asean_rw,SELECT,,鍙傝€冩暟鎹?缂栫爜缁村害琛?
dim,dim_ref_quote_code_dd,ds_asean_rw,SELECT,,鍙傝€冩暟鎹?浠ｇ爜缁村害琛?
dw,dim_adm_china_dd,ds_asean_rw,SELECT,,鍖哄煙-涓浗琛屾斂鍖哄垝
dw,dim_attr_value_info_dd,ds_asean_rw,SELECT,,灞炴€у€间俊鎭淮搴﹁〃
dw,dim_customer_base_info_dd,ds_asean_rw,SELECT,,瀹㈡埛涓绘暟鎹熀鏈俊鎭?
dw,dim_customer_trade_info_dd,ds_asean_rw,SELECT,,瀹㈡埛璐告槗鍏崇郴淇℃伅淇℃伅
dw,dim_date_nd,ds_asean_rw,SELECT,,鏃ユ湡缁村害涓昏〃
dw,dim_material_attr_info_dd,ds_asean_rw,SELECT,,鐗╂枡瀵瑰簲灞炴€у強灞炴€у€间俊鎭?
dw,dim_material_base_info_dd,ds_asean_rw,SELECT,,鐗╂枡涓绘暟鎹熀鏈俊鎭?
dw,dim_material_class_attr_mapping_dd,ds_asean_rw,SELECT,,鐗╂枡鍒嗙被-灞炴€у叧绯绘槧灏勮〃
dw,dim_material_class_info_dd,ds_asean_rw,SELECT,,鐗╂枡鍒嗙被淇℃伅骞抽摵灞曠ず琛?
dw,dim_material_sap_compare_dd,ds_asean_rw,SELECT,,鐗╂枡绯荤粺缂栫爜瀵圭収
dw,dim_product_addl_info_dd,ds_asean_rw,SELECT,,浜у搧闄勫姞淇℃伅-鐗╂枡缁勩€侀攢鍞粍缁囦俊鎭?
dw,dim_product_attr_info_dd,ds_asean_rw,SELECT,,浜у搧瀵瑰簲灞炴€у強灞炴€у€间俊鎭?
dw,dim_product_base_info_dd,ds_asean_rw,SELECT,,浜у搧涓绘暟鎹熀鏈俊鎭?
dw,dim_product_base_info_nd,ds_asean_rw,SELECT,,鐭ヨ瘑搴?浜у搧灞炴€т俊鎭?
dw,dim_product_class_info_dd,ds_asean_rw,SELECT,,浜у搧鍒嗙被缁村害琛?
dw,dim_public_reference_data_dd,ds_asean_rw,SELECT,,婧愮郴缁熸棤娉ㄩ噴
dw,dim_supplier_base_info_dd,ds_asean_rw,SELECT,,渚涘簲鍟嗕富鏁版嵁鍩烘湰淇℃伅
dw,dim_supplier_company_info_dd,ds_asean_rw,SELECT,,渚涘簲鍟?鍏徃瑙嗗浘
dw,dwfi_im_tf_tcurr_table,ds_asean_rw,SELECT,,姹囩巼琛?exchange rate
ods,odss990_ZMDGT139,ds_asean_rw,SELECT,,
ods,odss990_ZMDGT150,ds_asean_rw,SELECT,,
ods,odss990_ZMDGT153,ds_asean_rw,SELECT,,
ods,odss990_tgsb,ds_asean_rw,SELECT,,涓氬姟鑼冨洿
ods,odss990_zmdgt134,ds_asean_rw,SELECT,,鍔犺浇鏃堕棿
ods,odss990_zmdgt137,ds_asean_rw,SELECT,,涓氬姟鑼冨洿鍜屽叕鍙镐唬鐮佸叧绯?
ods,odss990_zmdgt138,ds_asean_rw,SELECT,,鍋滅敤鏍囪瘑
ods,odss990_zmdgt143,ds_asean_rw,SELECT,,鍒╂鼎涓績涓庢垚鏈腑蹇冨叧绯昏〃
ods,odss990_zmdgt144,ds_asean_rw,SELECT,,涓氬姟鑼冨洿涓庢垚鏈腑蹇冨叧绯昏〃
dim,dim_mhr_mos_org_base_info_dd,ds_index_rw,SELECT,,缁勭粐涓绘暟鎹熀鏈俊鎭?
dim,dim_mk_shop_detail_dd,ds_index_rw,SELECT,,闂ㄥ簵鏄庣粏琛?
dim,dim_mk_shop_info_dd,ds_index_rw,SELECT,,闂ㄥ簵鍩虹淇℃伅琛?
dim,dim_ref_data_dd,ds_index_rw,SELECT,,鍙傝€冩暟鎹?缂栫爜缁村害琛?
dim,dim_ref_quote_code_dd,ds_index_rw,SELECT,,鍙傝€冩暟鎹?浠ｇ爜缁村害琛?
dm,DM_RD_INDEX_LIBRARY_MI,ds_index_rw,SELECT,,
dm,DM_RD_INDEX_LIBRARY_MI,ds_index_rw,INSERT,,
dm,DM_RD_INDEX_LIBRARY_MI,ds_index_rw,ALTER,,
dm,DM_RD_INDEX_LIBRARY_MI,ds_index_rw,CREATE,,
dm,DM_RD_INDEX_LIBRARY_MI,ds_index_rw,DROP,,
dw,dim_adm_china_dd,ds_index_rw,SELECT,,鍖哄煙-涓浗琛屾斂鍖哄垝
dw,dim_attr_value_info_dd,ds_index_rw,SELECT,,灞炴€у€间俊鎭淮搴﹁〃
dw,dim_customer_base_info_dd,ds_index_rw,SELECT,,瀹㈡埛涓绘暟鎹熀鏈俊鎭?
dw,dim_customer_trade_info_dd,ds_index_rw,SELECT,,瀹㈡埛璐告槗鍏崇郴淇℃伅淇℃伅
dw,dim_date_nd,ds_index_rw,SELECT,,鏃ユ湡缁村害涓昏〃
dw,dim_material_attr_info_dd,ds_index_rw,SELECT,,鐗╂枡瀵瑰簲灞炴€у強灞炴€у€间俊鎭?
dw,dim_material_base_info_dd,ds_index_rw,SELECT,,鐗╂枡涓绘暟鎹熀鏈俊鎭?
dw,dim_material_class_attr_mapping_dd,ds_index_rw,SELECT,,鐗╂枡鍒嗙被-灞炴€у叧绯绘槧灏勮〃
dw,dim_material_class_info_dd,ds_index_rw,SELECT,,鐗╂枡鍒嗙被淇℃伅骞抽摵灞曠ず琛?
dw,dim_material_sap_compare_dd,ds_index_rw,SELECT,,鐗╂枡绯荤粺缂栫爜瀵圭収
dw,dim_product_addl_info_dd,ds_index_rw,SELECT,,浜у搧闄勫姞淇℃伅-鐗╂枡缁勩€侀攢鍞粍缁囦俊鎭?
dw,dim_product_attr_info_dd,ds_index_rw,SELECT,,浜у搧瀵瑰簲灞炴€у強灞炴€у€间俊鎭?
dw,dim_product_base_info_dd,ds_index_rw,SELECT,,浜у搧涓绘暟鎹熀鏈俊鎭?
dw,dim_product_base_info_nd,ds_index_rw,SELECT,,鐭ヨ瘑搴?浜у搧灞炴€т俊鎭?
dw,dim_product_class_info_dd,ds_index_rw,SELECT,,浜у搧鍒嗙被缁村害琛?
dw,dim_public_reference_data_dd,ds_index_rw,SELECT,,婧愮郴缁熸棤娉ㄩ噴
dw,dim_supplier_base_info_dd,ds_index_rw,SELECT,,渚涘簲鍟嗕富鏁版嵁鍩烘湰淇℃伅
dw,dim_supplier_company_info_dd,ds_index_rw,SELECT,,渚涘簲鍟?鍏徃瑙嗗浘
ods,odss990_ZMDGT139,ds_index_rw,SELECT,,
ods,odss990_ZMDGT150,ds_index_rw,SELECT,,
ods,odss990_ZMDGT153,ds_index_rw,SELECT,,
ods,odss990_tgsb,ds_index_rw,SELECT,,涓氬姟鑼冨洿
ods,odss990_zmdgt134,ds_index_rw,SELECT,,鍔犺浇鏃堕棿
ods,odss990_zmdgt137,ds_index_rw,SELECT,,涓氬姟鑼冨洿鍜屽叕鍙镐唬鐮佸叧绯?
ods,odss990_zmdgt138,ds_index_rw,SELECT,,鍋滅敤鏍囪瘑
ods,odss990_zmdgt143,ds_index_rw,SELECT,,鍒╂鼎涓績涓庢垚鏈腑蹇冨叧绯昏〃
ods,odss990_zmdgt144,ds_index_rw,SELECT,,涓氬姟鑼冨洿涓庢垚鏈腑蹇冨叧绯昏〃
dim,dim_mhr_mos_org_base_info_dd,ds_srm_rw,SELECT,,缁勭粐涓绘暟鎹熀鏈俊鎭?
dim,dim_mk_shop_detail_dd,ds_srm_rw,SELECT,,闂ㄥ簵鏄庣粏琛?
dim,dim_mk_shop_info_dd,ds_srm_rw,SELECT,,闂ㄥ簵鍩虹淇℃伅琛?
dim,dim_ref_data_dd,ds_srm_rw,SELECT,,鍙傝€冩暟鎹?缂栫爜缁村害琛?
dim,dim_ref_quote_code_dd,ds_srm_rw,SELECT,,鍙傝€冩暟鎹?浠ｇ爜缁村害琛?
dw,dim_adm_china_dd,ds_srm_rw,SELECT,,鍖哄煙-涓浗琛屾斂鍖哄垝
dw,dim_attr_value_info_dd,ds_srm_rw,SELECT,,灞炴€у€间俊鎭淮搴﹁〃
dw,dim_customer_base_info_dd,ds_srm_rw,SELECT,,瀹㈡埛涓绘暟鎹熀鏈俊鎭?
dw,dim_customer_trade_info_dd,ds_srm_rw,SELECT,,瀹㈡埛璐告槗鍏崇郴淇℃伅淇℃伅
dw,dim_date_nd,ds_srm_rw,SELECT,,鏃ユ湡缁村害涓昏〃
dw,dim_material_attr_info_dd,ds_srm_rw,SELECT,,鐗╂枡瀵瑰簲灞炴€у強灞炴€у€间俊鎭?
dw,dim_material_base_info_dd,ds_srm_rw,SELECT,,鐗╂枡涓绘暟鎹熀鏈俊鎭?
dw,dim_material_class_attr_mapping_dd,ds_srm_rw,SELECT,,鐗╂枡鍒嗙被-灞炴€у叧绯绘槧灏勮〃
dw,dim_material_class_info_dd,ds_srm_rw,SELECT,,鐗╂枡鍒嗙被淇℃伅骞抽摵灞曠ず琛?
dw,dim_material_sap_compare_dd,ds_srm_rw,SELECT,,鐗╂枡绯荤粺缂栫爜瀵圭収
dw,dim_product_addl_info_dd,ds_srm_rw,SELECT,,浜у搧闄勫姞淇℃伅-鐗╂枡缁勩€侀攢鍞粍缁囦俊鎭?
dw,dim_product_attr_info_dd,ds_srm_rw,SELECT,,浜у搧瀵瑰簲灞炴€у強灞炴€у€间俊鎭?
dw,dim_product_base_info_dd,ds_srm_rw,SELECT,,浜у搧涓绘暟鎹熀鏈俊鎭?
dw,dim_product_base_info_nd,ds_srm_rw,SELECT,,鐭ヨ瘑搴?浜у搧灞炴€т俊鎭?
dw,dim_product_class_info_dd,ds_srm_rw,SELECT,,浜у搧鍒嗙被缁村害琛?
dw,dim_public_reference_data_dd,ds_srm_rw,SELECT,,婧愮郴缁熸棤娉ㄩ噴
dw,dim_supplier_base_info_dd,ds_srm_rw,SELECT,,渚涘簲鍟嗕富鏁版嵁鍩烘湰淇℃伅
dw,dim_supplier_company_info_dd,ds_srm_rw,SELECT,,渚涘簲鍟?鍏徃瑙嗗浘
ods,ods_slt_s600_mseg,ds_srm_rw,SELECT,,鐗╂枡鍑瘉琛岄」鐩俊鎭?
ods,ods_slt_s700_mseg,ds_srm_rw,SELECT,,鐗╂枡鍑瘉琛岄」鐩俊鎭?
ods,ods_slt_s800_mseg,ds_srm_rw,SELECT,,鐗╂枡鍑瘉琛岄」鐩俊鎭?
ods,ods_slt_s900_mseg,ds_srm_rw,SELECT,,鐗╂枡鍑瘉琛岄」鐩俊鎭?
ods,odss600_lfa1,ds_srm_rw,SELECT,,MDG渚涘簲鍟嗗悕绉拌嫳鏂?
ods,odss600_mara,ds_srm_rw,SELECT,,婧愮郴缁熸棤娉ㄩ噴
ods,odss700_lfa1,ds_srm_rw,SELECT,,MDG渚涘簲鍟嗗悕绉拌嫳鏂?
ods,odss700_mara,ds_srm_rw,SELECT,,婧愮郴缁熸棤娉ㄩ噴
ods,odss800_TCURR,ds_srm_rw,SELECT,,
ods,odss800_lfa1,ds_srm_rw,SELECT,,MDG渚涘簲鍟嗗悕绉拌嫳鏂?
ods,odss800_mara,ds_srm_rw,SELECT,,婧愮郴缁熸棤娉ㄩ噴
ods,odss900_lfa1,ds_srm_rw,SELECT,,MDG渚涘簲鍟嗗悕绉拌嫳鏂?
ods,odss900_mara,ds_srm_rw,SELECT,,GMV
ods,odss990_ZMDGT139,ds_srm_rw,SELECT,,
ods,odss990_ZMDGT150,ds_srm_rw,SELECT,,
ods,odss990_ZMDGT153,ds_srm_rw,SELECT,,
ods,odss990_tgsb,ds_srm_rw,SELECT,,涓氬姟鑼冨洿
ods,odss990_zmdgt134,ds_srm_rw,SELECT,,鍔犺浇鏃堕棿
ods,odss990_zmdgt137,ds_srm_rw,SELECT,,涓氬姟鑼冨洿鍜屽叕鍙镐唬鐮佸叧绯?
ods,odss990_zmdgt138,ds_srm_rw,SELECT,,鍋滅敤鏍囪瘑
ods,odss990_zmdgt143,ds_srm_rw,SELECT,,鍒╂鼎涓績涓庢垚鏈腑蹇冨叧绯昏〃
ods,odss990_zmdgt144,ds_srm_rw,SELECT,,涓氬姟鑼冨洿涓庢垚鏈腑蹇冨叧绯昏〃
ods,odssrmn_md_org,ds_srm_rw,SELECT,,宸ュ巶
ods,odssrmn_md_supp_client,ds_srm_rw,SELECT,,渚涘簲鍟哠AP缂栫爜琛?
ods,odssrmn_md_supp_info,ds_srm_rw,SELECT,,渚涘簲鍟嗕俊鎭〃(涓氬姟鎵ц浣跨敤)
dim,dim_mhr_mos_org_base_info_dd,ds_ac_mm_rw,SELECT,,缁勭粐涓绘暟鎹熀鏈俊鎭?
dim,dim_mk_shop_detail_dd,ds_ac_mm_rw,SELECT,,闂ㄥ簵鏄庣粏琛?
dim,dim_mk_shop_info_dd,ds_ac_mm_rw,SELECT,,闂ㄥ簵鍩虹淇℃伅琛?
dim,dim_ref_data_dd,ds_ac_mm_rw,SELECT,,鍙傝€冩暟鎹?缂栫爜缁村害琛?
dim,dim_ref_quote_code_dd,ds_ac_mm_rw,SELECT,,鍙傝€冩暟鎹?浠ｇ爜缁村害琛?
dw,dim_adm_china_dd,ds_ac_mm_rw,SELECT,,鍖哄煙-涓浗琛屾斂鍖哄垝
dw,dim_attr_value_info_dd,ds_ac_mm_rw,SELECT,,灞炴€у€间俊鎭淮搴﹁〃
dw,dim_customer_base_info_dd,ds_ac_mm_rw,SELECT,,瀹㈡埛涓绘暟鎹熀鏈俊鎭?
dw,dim_customer_trade_info_dd,ds_ac_mm_rw,SELECT,,瀹㈡埛璐告槗鍏崇郴淇℃伅淇℃伅
dw,dim_date_nd,ds_ac_mm_rw,SELECT,,鏃ユ湡缁村害涓昏〃
dw,dim_material_attr_info_dd,ds_ac_mm_rw,SELECT,,鐗╂枡瀵瑰簲灞炴€у強灞炴€у€间俊鎭?
dw,dim_material_base_info_dd,ds_ac_mm_rw,SELECT,,鐗╂枡涓绘暟鎹熀鏈俊鎭?
dw,dim_material_class_attr_mapping_dd,ds_ac_mm_rw,SELECT,,鐗╂枡鍒嗙被-灞炴€у叧绯绘槧灏勮〃
dw,dim_material_class_info_dd,ds_ac_mm_rw,SELECT,,鐗╂枡鍒嗙被淇℃伅骞抽摵灞曠ず琛?
dw,dim_material_sap_compare_dd,ds_ac_mm_rw,SELECT,,鐗╂枡绯荤粺缂栫爜瀵圭収
dw,dim_product_addl_info_dd,ds_ac_mm_rw,SELECT,,浜у搧闄勫姞淇℃伅-鐗╂枡缁勩€侀攢鍞粍缁囦俊鎭?
dw,dim_product_attr_info_dd,ds_ac_mm_rw,SELECT,,浜у搧瀵瑰簲灞炴€у強灞炴€у€间俊鎭?
dw,dim_product_base_info_dd,ds_ac_mm_rw,SELECT,,浜у搧涓绘暟鎹熀鏈俊鎭?
dw,dim_product_base_info_nd,ds_ac_mm_rw,SELECT,,鐭ヨ瘑搴?浜у搧灞炴€т俊鎭?
dw,dim_product_class_info_dd,ds_ac_mm_rw,SELECT,,浜у搧鍒嗙被缁村害琛?
dw,dim_public_reference_data_dd,ds_ac_mm_rw,SELECT,,婧愮郴缁熸棤娉ㄩ噴
dw,dim_supplier_base_info_dd,ds_ac_mm_rw,SELECT,,渚涘簲鍟嗕富鏁版嵁鍩烘湰淇℃伅
dw,dim_supplier_company_info_dd,ds_ac_mm_rw,SELECT,,渚涘簲鍟?鍏徃瑙嗗浘
ods,odss990_ZMDGT139,ds_ac_mm_rw,SELECT,,
ods,odss990_ZMDGT150,ds_ac_mm_rw,SELECT,,
ods,odss990_ZMDGT153,ds_ac_mm_rw,SELECT,,
ods,odss990_tgsb,ds_ac_mm_rw,SELECT,,涓氬姟鑼冨洿
ods,odss990_zmdgt134,ds_ac_mm_rw,SELECT,,鍔犺浇鏃堕棿
ods,odss990_zmdgt137,ds_ac_mm_rw,SELECT,,涓氬姟鑼冨洿鍜屽叕鍙镐唬鐮佸叧绯?
ods,odss990_zmdgt138,ds_ac_mm_rw,SELECT,,鍋滅敤鏍囪瘑
ods,odss990_zmdgt143,ds_ac_mm_rw,SELECT,,鍒╂鼎涓績涓庢垚鏈腑蹇冨叧绯昏〃
ods,odss990_zmdgt144,ds_ac_mm_rw,SELECT,,涓氬姟鑼冨洿涓庢垚鏈腑蹇冨叧绯昏〃
dim,dim_mhr_mos_org_base_info_dd,ds_mbm_rw,SELECT,,缁勭粐涓绘暟鎹熀鏈俊鎭?
dim,dim_mk_shop_detail_dd,ds_mbm_rw,SELECT,,闂ㄥ簵鏄庣粏琛?
dim,dim_mk_shop_info_dd,ds_mbm_rw,SELECT,,闂ㄥ簵鍩虹淇℃伅琛?
dim,dim_ref_data_dd,ds_mbm_rw,SELECT,,鍙傝€冩暟鎹?缂栫爜缁村害琛?
dim,dim_ref_quote_code_dd,ds_mbm_rw,SELECT,,鍙傝€冩暟鎹?浠ｇ爜缁村害琛?
dw,dim_adm_china_dd,ds_mbm_rw,SELECT,,鍖哄煙-涓浗琛屾斂鍖哄垝
dw,dim_attr_value_info_dd,ds_mbm_rw,SELECT,,灞炴€у€间俊鎭淮搴﹁〃
dw,dim_customer_base_info_dd,ds_mbm_rw,SELECT,,瀹㈡埛涓绘暟鎹熀鏈俊鎭?
dw,dim_customer_trade_info_dd,ds_mbm_rw,SELECT,,瀹㈡埛璐告槗鍏崇郴淇℃伅淇℃伅
dw,dim_date_nd,ds_mbm_rw,SELECT,,鏃ユ湡缁村害涓昏〃
dw,dim_material_attr_info_dd,ds_mbm_rw,SELECT,,鐗╂枡瀵瑰簲灞炴€у強灞炴€у€间俊鎭?
dw,dim_material_base_info_dd,ds_mbm_rw,SELECT,,鐗╂枡涓绘暟鎹熀鏈俊鎭?
dw,dim_material_class_attr_mapping_dd,ds_mbm_rw,SELECT,,鐗╂枡鍒嗙被-灞炴€у叧绯绘槧灏勮〃
dw,dim_material_class_info_dd,ds_mbm_rw,SELECT,,鐗╂枡鍒嗙被淇℃伅骞抽摵灞曠ず琛?
dw,dim_material_sap_compare_dd,ds_mbm_rw,SELECT,,鐗╂枡绯荤粺缂栫爜瀵圭収
dw,dim_product_addl_info_dd,ds_mbm_rw,SELECT,,浜у搧闄勫姞淇℃伅-鐗╂枡缁勩€侀攢鍞粍缁囦俊鎭?
dw,dim_product_attr_info_dd,ds_mbm_rw,SELECT,,浜у搧瀵瑰簲灞炴€у強灞炴€у€间俊鎭?
dw,dim_product_base_info_dd,ds_mbm_rw,SELECT,,浜у搧涓绘暟鎹熀鏈俊鎭?
dw,dim_product_base_info_nd,ds_mbm_rw,SELECT,,鐭ヨ瘑搴?浜у搧灞炴€т俊鎭?
dw,dim_product_class_info_dd,ds_mbm_rw,SELECT,,浜у搧鍒嗙被缁村害琛?
dw,dim_public_reference_data_dd,ds_mbm_rw,SELECT,,婧愮郴缁熸棤娉ㄩ噴
dw,dim_supplier_base_info_dd,ds_mbm_rw,SELECT,,渚涘簲鍟嗕富鏁版嵁鍩烘湰淇℃伅
dw,dim_supplier_company_info_dd,ds_mbm_rw,SELECT,,渚涘簲鍟?鍏徃瑙嗗浘
ods,odsmsc_mam_bzhan_roi_data,ds_mbm_rw,SELECT,,B绔欏晢涓氬寲鏁版嵁琛?
ods,odsmsc_mam_bzhan_search_index_data,ds_mbm_rw,SELECT,,B绔欐悳绱㈡寚鏍囨暟鎹〃
ods,odss990_ZMDGT139,ds_mbm_rw,SELECT,,
ods,odss990_ZMDGT150,ds_mbm_rw,SELECT,,
ods,odss990_ZMDGT153,ds_mbm_rw,SELECT,,
ods,odss990_tgsb,ds_mbm_rw,SELECT,,涓氬姟鑼冨洿
ods,odss990_zmdgt134,ds_mbm_rw,SELECT,,鍔犺浇鏃堕棿
ods,odss990_zmdgt137,ds_mbm_rw,SELECT,,涓氬姟鑼冨洿鍜屽叕鍙镐唬鐮佸叧绯?
ods,odss990_zmdgt138,ds_mbm_rw,SELECT,,鍋滅敤鏍囪瘑
ods,odss990_zmdgt143,ds_mbm_rw,SELECT,,鍒╂鼎涓績涓庢垚鏈腑蹇冨叧绯昏〃
ods,odss990_zmdgt144,ds_mbm_rw,SELECT,,涓氬姟鑼冨洿涓庢垚鏈腑蹇冨叧绯昏〃
dim,dim_mhr_mos_org_base_info_dd,ds_asean_ro,SELECT,,缁勭粐涓绘暟鎹熀鏈俊鎭?
dim,dim_mk_shop_detail_dd,ds_asean_ro,SELECT,,闂ㄥ簵鏄庣粏琛?
dim,dim_mk_shop_info_dd,ds_asean_ro,SELECT,,闂ㄥ簵鍩虹淇℃伅琛?
dim,dim_ref_data_dd,ds_asean_ro,SELECT,,鍙傝€冩暟鎹?缂栫爜缁村害琛?
dim,dim_ref_quote_code_dd,ds_asean_ro,SELECT,,鍙傝€冩暟鎹?浠ｇ爜缁村害琛?
dw,dim_adm_china_dd,ds_asean_ro,SELECT,,鍖哄煙-涓浗琛屾斂鍖哄垝
dw,dim_attr_value_info_dd,ds_asean_ro,SELECT,,灞炴€у€间俊鎭淮搴﹁〃
dw,dim_customer_base_info_dd,ds_asean_ro,SELECT,,瀹㈡埛涓绘暟鎹熀鏈俊鎭?
dw,dim_customer_trade_info_dd,ds_asean_ro,SELECT,,瀹㈡埛璐告槗鍏崇郴淇℃伅淇℃伅
dw,dim_date_nd,ds_asean_ro,SELECT,,鏃ユ湡缁村害涓昏〃
dw,dim_material_attr_info_dd,ds_asean_ro,SELECT,,鐗╂枡瀵瑰簲灞炴€у強灞炴€у€间俊鎭?
dw,dim_material_base_info_dd,ds_asean_ro,SELECT,,鐗╂枡涓绘暟鎹熀鏈俊鎭?
dw,dim_material_class_attr_mapping_dd,ds_asean_ro,SELECT,,鐗╂枡鍒嗙被-灞炴€у叧绯绘槧灏勮〃
dw,dim_material_class_info_dd,ds_asean_ro,SELECT,,鐗╂枡鍒嗙被淇℃伅骞抽摵灞曠ず琛?
dw,dim_material_sap_compare_dd,ds_asean_ro,SELECT,,鐗╂枡绯荤粺缂栫爜瀵圭収
dw,dim_product_addl_info_dd,ds_asean_ro,SELECT,,浜у搧闄勫姞淇℃伅-鐗╂枡缁勩€侀攢鍞粍缁囦俊鎭?
dw,dim_product_attr_info_dd,ds_asean_ro,SELECT,,浜у搧瀵瑰簲灞炴€у強灞炴€у€间俊鎭?
dw,dim_product_base_info_dd,ds_asean_ro,SELECT,,浜у搧涓绘暟鎹熀鏈俊鎭?
dw,dim_product_base_info_nd,ds_asean_ro,SELECT,,鐭ヨ瘑搴?浜у搧灞炴€т俊鎭?
dw,dim_product_class_info_dd,ds_asean_ro,SELECT,,浜у搧鍒嗙被缁村害琛?
dw,dim_public_reference_data_dd,ds_asean_ro,SELECT,,婧愮郴缁熸棤娉ㄩ噴
dw,dim_supplier_base_info_dd,ds_asean_ro,SELECT,,渚涘簲鍟嗕富鏁版嵁鍩烘湰淇℃伅
dw,dim_supplier_company_info_dd,ds_asean_ro,SELECT,,渚涘簲鍟?鍏徃瑙嗗浘
ods,odss990_ZMDGT139,ds_asean_ro,SELECT,,
ods,odss990_ZMDGT150,ds_asean_ro,SELECT,,
ods,odss990_ZMDGT153,ds_asean_ro,SELECT,,
ods,odss990_tgsb,ds_asean_ro,SELECT,,涓氬姟鑼冨洿
ods,odss990_zmdgt134,ds_asean_ro,SELECT,,鍔犺浇鏃堕棿
ods,odss990_zmdgt137,ds_asean_ro,SELECT,,涓氬姟鑼冨洿鍜屽叕鍙镐唬鐮佸叧绯?
ods,odss990_zmdgt138,ds_asean_ro,SELECT,,鍋滅敤鏍囪瘑
ods,odss990_zmdgt143,ds_asean_ro,SELECT,,鍒╂鼎涓績涓庢垚鏈腑蹇冨叧绯昏〃
ods,odss990_zmdgt144,ds_asean_ro,SELECT,,涓氬姟鑼冨洿涓庢垚鏈腑蹇冨叧绯昏〃
dim,dim_mhr_mos_org_base_info_dd,ds_ltc_rw,SELECT,,缁勭粐涓绘暟鎹熀鏈俊鎭?
dim,dim_mk_shop_detail_dd,ds_ltc_rw,SELECT,,闂ㄥ簵鏄庣粏琛?
dim,dim_mk_shop_info_dd,ds_ltc_rw,SELECT,,闂ㄥ簵鍩虹淇℃伅琛?
dim,dim_ref_data_dd,ds_ltc_rw,SELECT,,鍙傝€冩暟鎹?缂栫爜缁村害琛?
dim,dim_ref_quote_code_dd,ds_ltc_rw,SELECT,,鍙傝€冩暟鎹?浠ｇ爜缁村害琛?
dw,dim_adm_china_dd,ds_ltc_rw,SELECT,,鍖哄煙-涓浗琛屾斂鍖哄垝
dw,dim_attr_value_info_dd,ds_ltc_rw,SELECT,,灞炴€у€间俊鎭淮搴﹁〃
dw,dim_customer_base_info_dd,ds_ltc_rw,SELECT,,瀹㈡埛涓绘暟鎹熀鏈俊鎭?
dw,dim_customer_trade_info_dd,ds_ltc_rw,SELECT,,瀹㈡埛璐告槗鍏崇郴淇℃伅淇℃伅
dw,dim_date_nd,ds_ltc_rw,SELECT,,鏃ユ湡缁村害涓昏〃
dw,dim_material_attr_info_dd,ds_ltc_rw,SELECT,,鐗╂枡瀵瑰簲灞炴€у強灞炴€у€间俊鎭?
dw,dim_material_base_info_dd,ds_ltc_rw,SELECT,,鐗╂枡涓绘暟鎹熀鏈俊鎭?
dw,dim_material_class_attr_mapping_dd,ds_ltc_rw,SELECT,,鐗╂枡鍒嗙被-灞炴€у叧绯绘槧灏勮〃
dw,dim_material_class_info_dd,ds_ltc_rw,SELECT,,鐗╂枡鍒嗙被淇℃伅骞抽摵灞曠ず琛?
dw,dim_material_sap_compare_dd,ds_ltc_rw,SELECT,,鐗╂枡绯荤粺缂栫爜瀵圭収
dw,dim_product_addl_info_dd,ds_ltc_rw,SELECT,,浜у搧闄勫姞淇℃伅-鐗╂枡缁勩€侀攢鍞粍缁囦俊鎭?
dw,dim_product_attr_info_dd,ds_ltc_rw,SELECT,,浜у搧瀵瑰簲灞炴€у強灞炴€у€间俊鎭?
dw,dim_product_base_info_dd,ds_ltc_rw,SELECT,,浜у搧涓绘暟鎹熀鏈俊鎭?
dw,dim_product_base_info_nd,ds_ltc_rw,SELECT,,鐭ヨ瘑搴?浜у搧灞炴€т俊鎭?
dw,dim_product_class_info_dd,ds_ltc_rw,SELECT,,浜у搧鍒嗙被缁村害琛?
dw,dim_public_reference_data_dd,ds_ltc_rw,SELECT,,婧愮郴缁熸棤娉ㄩ噴
dw,dim_supplier_base_info_dd,ds_ltc_rw,SELECT,,渚涘簲鍟嗕富鏁版嵁鍩烘湰淇℃伅
dw,dim_supplier_company_info_dd,ds_ltc_rw,SELECT,,渚涘簲鍟?鍏徃瑙嗗浘
ods,ODSEMP_SMS_HAC_hise_dept,ds_ltc_rw,SELECT,,
ods,odsemp_sms_hac_hh_gj_contract,ds_ltc_rw,SELECT,,婧愮郴缁熸棤娉ㄩ噴
ods,odsemp_sms_hac_hh_gj_contract_detail,ds_ltc_rw,SELECT,,鍥介檯鍚堝悓鏄庣粏琛?
ods,odsemp_sms_hac_hh_gj_tr_detial,ds_ltc_rw,SELECT,,娴峰鍙戣揣閫氱煡鍗曟槑缁?
ods,odsemp_sms_hac_hh_gj_tr_notice,ds_ltc_rw,SELECT,,娴峰鍙戣揣閫氱煡鍗?
ods,odsemp_sms_hac_hise_country,ds_ltc_rw,SELECT,,鍥藉淇℃伅琛?
ods,odsemp_sms_hac_hise_dept,ds_ltc_rw,SELECT,,缁勭粐琛?
ods,odss990_ZMDGT139,ds_ltc_rw,SELECT,,
ods,odss990_ZMDGT150,ds_ltc_rw,SELECT,,
ods,odss990_ZMDGT153,ds_ltc_rw,SELECT,,
ods,odss990_tgsb,ds_ltc_rw,SELECT,,涓氬姟鑼冨洿
ods,odss990_zmdgt134,ds_ltc_rw,SELECT,,鍔犺浇鏃堕棿
ods,odss990_zmdgt137,ds_ltc_rw,SELECT,,涓氬姟鑼冨洿鍜屽叕鍙镐唬鐮佸叧绯?
ods,odss990_zmdgt138,ds_ltc_rw,SELECT,,鍋滅敤鏍囪瘑
ods,odss990_zmdgt143,ds_ltc_rw,SELECT,,鍒╂鼎涓績涓庢垚鏈腑蹇冨叧绯昏〃
ods,odss990_zmdgt144,ds_ltc_rw,SELECT,,涓氬姟鑼冨洿涓庢垚鏈腑蹇冨叧绯昏〃
dim,dim_mhr_mos_org_base_info_dd,ds_fsload_rw,SELECT,,缁勭粐涓绘暟鎹熀鏈俊鎭?
dim,dim_mk_shop_detail_dd,ds_fsload_rw,SELECT,,闂ㄥ簵鏄庣粏琛?
dim,dim_mk_shop_info_dd,ds_fsload_rw,SELECT,,闂ㄥ簵鍩虹淇℃伅琛?
dim,dim_ref_data_dd,ds_fsload_rw,SELECT,,鍙傝€冩暟鎹?缂栫爜缁村害琛?
dim,dim_ref_quote_code_dd,ds_fsload_rw,SELECT,,鍙傝€冩暟鎹?浠ｇ爜缁村害琛?
dw,dim_adm_china_dd,ds_fsload_rw,SELECT,,鍖哄煙-涓浗琛屾斂鍖哄垝
dw,dim_attr_value_info_dd,ds_fsload_rw,SELECT,,灞炴€у€间俊鎭淮搴﹁〃
dw,dim_customer_base_info_dd,ds_fsload_rw,SELECT,,瀹㈡埛涓绘暟鎹熀鏈俊鎭?
dw,dim_customer_trade_info_dd,ds_fsload_rw,SELECT,,瀹㈡埛璐告槗鍏崇郴淇℃伅淇℃伅
dw,dim_date_nd,ds_fsload_rw,SELECT,,鏃ユ湡缁村害涓昏〃
dw,dim_material_attr_info_dd,ds_fsload_rw,SELECT,,鐗╂枡瀵瑰簲灞炴€у強灞炴€у€间俊鎭?
dw,dim_material_base_info_dd,ds_fsload_rw,SELECT,,鐗╂枡涓绘暟鎹熀鏈俊鎭?
dw,dim_material_class_attr_mapping_dd,ds_fsload_rw,SELECT,,鐗╂枡鍒嗙被-灞炴€у叧绯绘槧灏勮〃
dw,dim_material_class_info_dd,ds_fsload_rw,SELECT,,鐗╂枡鍒嗙被淇℃伅骞抽摵灞曠ず琛?
dw,dim_material_sap_compare_dd,ds_fsload_rw,SELECT,,鐗╂枡绯荤粺缂栫爜瀵圭収
dw,dim_product_addl_info_dd,ds_fsload_rw,SELECT,,浜у搧闄勫姞淇℃伅-鐗╂枡缁勩€侀攢鍞粍缁囦俊鎭?
dw,dim_product_attr_info_dd,ds_fsload_rw,SELECT,,浜у搧瀵瑰簲灞炴€у強灞炴€у€间俊鎭?
dw,dim_product_base_info_dd,ds_fsload_rw,SELECT,,浜у搧涓绘暟鎹熀鏈俊鎭?
dw,dim_product_base_info_nd,ds_fsload_rw,SELECT,,鐭ヨ瘑搴?浜у搧灞炴€т俊鎭?
dw,dim_product_class_info_dd,ds_fsload_rw,SELECT,,浜у搧鍒嗙被缁村害琛?
dw,dim_public_reference_data_dd,ds_fsload_rw,SELECT,,婧愮郴缁熸棤娉ㄩ噴
dw,dim_supplier_base_info_dd,ds_fsload_rw,SELECT,,渚涘簲鍟嗕富鏁版嵁鍩烘湰淇℃伅
dw,dim_supplier_company_info_dd,ds_fsload_rw,SELECT,,渚涘簲鍟?鍏徃瑙嗗浘
ods,odss990_ZMDGT139,ds_fsload_rw,SELECT,,
ods,odss990_ZMDGT150,ds_fsload_rw,SELECT,,
ods,odss990_ZMDGT153,ds_fsload_rw,SELECT,,
ods,odss990_tgsb,ds_fsload_rw,SELECT,,涓氬姟鑼冨洿
ods,odss990_zmdgt134,ds_fsload_rw,SELECT,,鍔犺浇鏃堕棿
ods,odss990_zmdgt137,ds_fsload_rw,SELECT,,涓氬姟鑼冨洿鍜屽叕鍙镐唬鐮佸叧绯?
ods,odss990_zmdgt138,ds_fsload_rw,SELECT,,鍋滅敤鏍囪瘑
ods,odss990_zmdgt143,ds_fsload_rw,SELECT,,鍒╂鼎涓績涓庢垚鏈腑蹇冨叧绯昏〃
ods,odss990_zmdgt144,ds_fsload_rw,SELECT,,涓氬姟鑼冨洿涓庢垚鏈腑蹇冨叧绯昏〃
dw,dim_customer_base_info_dd,ds_gpload_stg_rw,SELECT,,瀹㈡埛涓绘暟鎹熀鏈俊鎭?
dw,dim_customer_base_info_dd,ds_gpload_stg_rw,INSERT,,瀹㈡埛涓绘暟鎹熀鏈俊鎭?
dw,dim_customer_base_info_dd,ds_gpload_stg_rw,ALTER,,瀹㈡埛涓绘暟鎹熀鏈俊鎭?
dw,dim_customer_base_info_dd,ds_gpload_stg_rw,CREATE,,瀹㈡埛涓绘暟鎹熀鏈俊鎭?
dw,dim_customer_base_info_dd,ds_gpload_stg_rw,DROP,,瀹㈡埛涓绘暟鎹熀鏈俊鎭?
dw,dim_customer_trade_info_dd,ds_gpload_stg_rw,SELECT,,瀹㈡埛璐告槗鍏崇郴淇℃伅淇℃伅
dw,dim_customer_trade_info_dd,ds_gpload_stg_rw,INSERT,,瀹㈡埛璐告槗鍏崇郴淇℃伅淇℃伅
dw,dim_customer_trade_info_dd,ds_gpload_stg_rw,ALTER,,瀹㈡埛璐告槗鍏崇郴淇℃伅淇℃伅
dw,dim_customer_trade_info_dd,ds_gpload_stg_rw,CREATE,,瀹㈡埛璐告槗鍏崇郴淇℃伅淇℃伅
dw,dim_customer_trade_info_dd,ds_gpload_stg_rw,DROP,,瀹㈡埛璐告槗鍏崇郴淇℃伅淇℃伅
dw,dim_public_reference_data_dd,ds_gpload_stg_rw,SELECT,,婧愮郴缁熸棤娉ㄩ噴
dw,dim_public_reference_data_dd,ds_gpload_stg_rw,INSERT,,婧愮郴缁熸棤娉ㄩ噴
dw,dim_public_reference_data_dd,ds_gpload_stg_rw,ALTER,,婧愮郴缁熸棤娉ㄩ噴
dw,dim_public_reference_data_dd,ds_gpload_stg_rw,CREATE,,婧愮郴缁熸棤娉ㄩ噴
dw,dim_public_reference_data_dd,ds_gpload_stg_rw,DROP,,婧愮郴缁熸棤娉ㄩ噴
ods,ods_cdpdws_mdg_lifecircle_his_change_usage_df,ds_gpload_stg_rw,SELECT,,
ods,ods_cdpdws_mdg_lifecircle_his_change_usage_df,ds_gpload_stg_rw,INSERT,,
ods,ods_cdpdws_mdg_lifecircle_his_change_usage_df,ds_gpload_stg_rw,ALTER,,
ods,ods_cdpdws_mdg_lifecircle_his_change_usage_df,ds_gpload_stg_rw,CREATE,,
ods,ods_cdpdws_mdg_lifecircle_his_change_usage_df,ds_gpload_stg_rw,DROP,,
ods,ods_gp_cgklcjwlk_detail,ds_gpload_stg_rw,SELECT,,甯歌鐗╂枡鏁版嵁
ods,ods_gp_cgklcjwlk_detail,ds_gpload_stg_rw,INSERT,,甯歌鐗╂枡鏁版嵁
ods,ods_gp_cgklcjwlk_detail,ds_gpload_stg_rw,ALTER,,甯歌鐗╂枡鏁版嵁
ods,ods_gp_cgklcjwlk_detail,ds_gpload_stg_rw,CREATE,,甯歌鐗╂枡鏁版嵁
ods,ods_gp_cgklcjwlk_detail,ds_gpload_stg_rw,DROP,,甯歌鐗╂枡鏁版嵁
ods,ods_gp_cgkzybjwlk_detail,ds_gpload_stg_rw,SELECT,,甯歌鐗╂枡鏁版嵁
ods,ods_gp_cgkzybjwlk_detail,ds_gpload_stg_rw,INSERT,,甯歌鐗╂枡鏁版嵁
ods,ods_gp_cgkzybjwlk_detail,ds_gpload_stg_rw,ALTER,,甯歌鐗╂枡鏁版嵁
ods,ods_gp_cgkzybjwlk_detail,ds_gpload_stg_rw,CREATE,,甯歌鐗╂枡鏁版嵁
ods,ods_gp_cgkzybjwlk_detail,ds_gpload_stg_rw,DROP,,甯歌鐗╂枡鏁版嵁
ods,ods_gp_cgl,ds_gpload_stg_rw,SELECT,,鐗╂枡閲囪喘閲忔槑缁?
ods,ods_gp_cgl,ds_gpload_stg_rw,INSERT,,鐗╂枡閲囪喘閲忔槑缁?
ods,ods_gp_cgl,ds_gpload_stg_rw,ALTER,,鐗╂枡閲囪喘閲忔槑缁?
ods,ods_gp_cgl,ds_gpload_stg_rw,CREATE,,鐗╂枡閲囪喘閲忔槑缁?
ods,ods_gp_cgl,ds_gpload_stg_rw,DROP,,鐗╂枡閲囪喘閲忔槑缁?
ods,ods_gp_cgwlk_detail,ds_gpload_stg_rw,SELECT,,甯歌鐗╂枡鏁版嵁
ods,ods_gp_cgwlk_detail,ds_gpload_stg_rw,INSERT,,甯歌鐗╂枡鏁版嵁
ods,ods_gp_cgwlk_detail,ds_gpload_stg_rw,ALTER,,甯歌鐗╂枡鏁版嵁
ods,ods_gp_cgwlk_detail,ds_gpload_stg_rw,CREATE,,甯歌鐗╂枡鏁版嵁
ods,ods_gp_cgwlk_detail,ds_gpload_stg_rw,DROP,,甯歌鐗╂枡鏁版嵁
ods,ods_gp_jtplm_material,ds_gpload_stg_rw,SELECT,,鐗╂枡閲囪喘閲忔槑缁?
ods,ods_gp_jtplm_material,ds_gpload_stg_rw,INSERT,,鐗╂枡閲囪喘閲忔槑缁?
ods,ods_gp_jtplm_material,ds_gpload_stg_rw,ALTER,,鐗╂枡閲囪喘閲忔槑缁?
ods,ods_gp_jtplm_material,ds_gpload_stg_rw,CREATE,,鐗╂枡閲囪喘閲忔槑缁?
ods,ods_gp_jtplm_material,ds_gpload_stg_rw,DROP,,鐗╂枡閲囪喘閲忔槑缁?
ods,ods_gp_mdg_mid,ds_gpload_stg_rw,SELECT,,鐗╂枡閲囪喘閲忔槑缁?
ods,ods_gp_mdg_mid,ds_gpload_stg_rw,INSERT,,鐗╂枡閲囪喘閲忔槑缁?
ods,ods_gp_mdg_mid,ds_gpload_stg_rw,ALTER,,鐗╂枡閲囪喘閲忔槑缁?
ods,ods_gp_mdg_mid,ds_gpload_stg_rw,CREATE,,鐗╂枡閲囪喘閲忔槑缁?
ods,ods_gp_mdg_mid,ds_gpload_stg_rw,DROP,,鐗╂枡閲囪喘閲忔槑缁?
ods,ods_gp_plwlk_detail,ds_gpload_stg_rw,SELECT,,甯歌鐗╂枡鏁版嵁
ods,ods_gp_plwlk_detail,ds_gpload_stg_rw,INSERT,,甯歌鐗╂枡鏁版嵁
ods,ods_gp_plwlk_detail,ds_gpload_stg_rw,ALTER,,甯歌鐗╂枡鏁版嵁
ods,ods_gp_plwlk_detail,ds_gpload_stg_rw,CREATE,,甯歌鐗╂枡鏁版嵁
ods,ods_gp_plwlk_detail,ds_gpload_stg_rw,DROP,,甯歌鐗╂枡鏁版嵁
ods,ods_gp_tier_cgklcjwlk_detail,ds_gpload_stg_rw,SELECT,,甯歌鐗╂枡鏁版嵁
ods,ods_gp_tier_cgklcjwlk_detail,ds_gpload_stg_rw,INSERT,,甯歌鐗╂枡鏁版嵁
ods,ods_gp_tier_cgklcjwlk_detail,ds_gpload_stg_rw,ALTER,,甯歌鐗╂枡鏁版嵁
ods,ods_gp_tier_cgklcjwlk_detail,ds_gpload_stg_rw,CREATE,,甯歌鐗╂枡鏁版嵁
ods,ods_gp_tier_cgklcjwlk_detail,ds_gpload_stg_rw,DROP,,甯歌鐗╂枡鏁版嵁
ods,ods_gp_tier_cgkzybjwlk_detail,ds_gpload_stg_rw,SELECT,,甯歌鐗╂枡鏁版嵁
ods,ods_gp_tier_cgkzybjwlk_detail,ds_gpload_stg_rw,INSERT,,甯歌鐗╂枡鏁版嵁
ods,ods_gp_tier_cgkzybjwlk_detail,ds_gpload_stg_rw,ALTER,,甯歌鐗╂枡鏁版嵁
ods,ods_gp_tier_cgkzybjwlk_detail,ds_gpload_stg_rw,CREATE,,甯歌鐗╂枡鏁版嵁
ods,ods_gp_tier_cgkzybjwlk_detail,ds_gpload_stg_rw,DROP,,甯歌鐗╂枡鏁版嵁
ods,ods_gp_tier_material_detail,ds_gpload_stg_rw,SELECT,,甯歌鐗╂枡鏁版嵁
ods,ods_gp_tier_material_detail,ds_gpload_stg_rw,INSERT,,甯歌鐗╂枡鏁版嵁
ods,ods_gp_tier_material_detail,ds_gpload_stg_rw,ALTER,,甯歌鐗╂枡鏁版嵁
ods,ods_gp_tier_material_detail,ds_gpload_stg_rw,CREATE,,甯歌鐗╂枡鏁版嵁
ods,ods_gp_tier_material_detail,ds_gpload_stg_rw,DROP,,甯歌鐗╂枡鏁版嵁
ods,ods_gp_tywl_detail,ds_gpload_stg_rw,SELECT,,鐗╂枡閲囪喘閲忔槑缁?
ods,ods_gp_tywl_detail,ds_gpload_stg_rw,INSERT,,鐗╂枡閲囪喘閲忔槑缁?
ods,ods_gp_tywl_detail,ds_gpload_stg_rw,ALTER,,鐗╂枡閲囪喘閲忔槑缁?
ods,ods_gp_tywl_detail,ds_gpload_stg_rw,CREATE,,鐗╂枡閲囪喘閲忔槑缁?
ods,ods_gp_tywl_detail,ds_gpload_stg_rw,DROP,,鐗╂枡閲囪喘閲忔槑缁?
ods,ods_gp_tywl_fszb_detail,ds_gpload_stg_rw,SELECT,,鐗╂枡閲囪喘閲忔槑缁?
ods,ods_gp_tywl_fszb_detail,ds_gpload_stg_rw,INSERT,,鐗╂枡閲囪喘閲忔槑缁?
ods,ods_gp_tywl_fszb_detail,ds_gpload_stg_rw,ALTER,,鐗╂枡閲囪喘閲忔槑缁?
ods,ods_gp_tywl_fszb_detail,ds_gpload_stg_rw,CREATE,,鐗╂枡閲囪喘閲忔槑缁?
ods,ods_gp_tywl_fszb_detail,ds_gpload_stg_rw,DROP,,鐗╂枡閲囪喘閲忔槑缁?
ods,ods_gp_tywl_lb,ds_gpload_stg_rw,SELECT,,鐗╂枡閲囪喘閲忔槑缁?
ods,ods_gp_tywl_lb,ds_gpload_stg_rw,INSERT,,鐗╂枡閲囪喘閲忔槑缁?
ods,ods_gp_tywl_lb,ds_gpload_stg_rw,ALTER,,鐗╂枡閲囪喘閲忔槑缁?
ods,ods_gp_tywl_lb,ds_gpload_stg_rw,CREATE,,鐗╂枡閲囪喘閲忔槑缁?
ods,ods_gp_tywl_lb,ds_gpload_stg_rw,DROP,,鐗╂枡閲囪喘閲忔槑缁?
ods,ods_gp_tywl_plzbk_detail,ds_gpload_stg_rw,SELECT,,鍝佺被鎸囨爣搴撴槑缁?
ods,ods_gp_tywl_plzbk_detail,ds_gpload_stg_rw,INSERT,,鍝佺被鎸囨爣搴撴槑缁?
ods,ods_gp_tywl_plzbk_detail,ds_gpload_stg_rw,ALTER,,鍝佺被鎸囨爣搴撴槑缁?
ods,ods_gp_tywl_plzbk_detail,ds_gpload_stg_rw,CREATE,,鍝佺被鎸囨爣搴撴槑缁?
ods,ods_gp_tywl_plzbk_detail,ds_gpload_stg_rw,DROP,,鍝佺被鎸囨爣搴撴槑缁?
ods,ods_gp_tywl_tier_plzbk_detail,ds_gpload_stg_rw,SELECT,,澶磋叞灏剧墿鏂欐槑缁嗕笉鍒嗗伐鍘傚搧绫绘寚鏍囧簱
ods,ods_gp_tywl_tier_plzbk_detail,ds_gpload_stg_rw,INSERT,,澶磋叞灏剧墿鏂欐槑缁嗕笉鍒嗗伐鍘傚搧绫绘寚鏍囧簱
ods,ods_gp_tywl_tier_plzbk_detail,ds_gpload_stg_rw,ALTER,,澶磋叞灏剧墿鏂欐槑缁嗕笉鍒嗗伐鍘傚搧绫绘寚鏍囧簱
ods,ods_gp_tywl_tier_plzbk_detail,ds_gpload_stg_rw,CREATE,,澶磋叞灏剧墿鏂欐槑缁嗕笉鍒嗗伐鍘傚搧绫绘寚鏍囧簱
ods,ods_gp_tywl_tier_plzbk_detail,ds_gpload_stg_rw,DROP,,澶磋叞灏剧墿鏂欐槑缁嗕笉鍒嗗伐鍘傚搧绫绘寚鏍囧簱
ods,ods_gp_tywl_wlk_results,ds_gpload_stg_rw,SELECT,,鍚勭墿鏂欏簱缁撴灉鍊?
ods,ods_gp_tywl_wlk_results,ds_gpload_stg_rw,INSERT,,鍚勭墿鏂欏簱缁撴灉鍊?
ods,ods_gp_tywl_wlk_results,ds_gpload_stg_rw,ALTER,,鍚勭墿鏂欏簱缁撴灉鍊?
ods,ods_gp_tywl_wlk_results,ds_gpload_stg_rw,CREATE,,鍚勭墿鏂欏簱缁撴灉鍊?
ods,ods_gp_tywl_wlk_results,ds_gpload_stg_rw,DROP,,鍚勭墿鏂欏簱缁撴灉鍊?
ods,ods_gp_ycgjlcgjwlk_detail,ds_gpload_stg_rw,SELECT,,甯歌鐗╂枡鏁版嵁
ods,ods_gp_ycgjlcgjwlk_detail,ds_gpload_stg_rw,INSERT,,甯歌鐗╂枡鏁版嵁
ods,ods_gp_ycgjlcgjwlk_detail,ds_gpload_stg_rw,ALTER,,甯歌鐗╂枡鏁版嵁
ods,ods_gp_ycgjlcgjwlk_detail,ds_gpload_stg_rw,CREATE,,甯歌鐗╂枡鏁版嵁
ods,ods_gp_ycgjlcgjwlk_detail,ds_gpload_stg_rw,DROP,,甯歌鐗╂枡鏁版嵁
ods,ods_gp_yfwlk_detail,ds_gpload_stg_rw,SELECT,,甯歌鐗╂枡鏁版嵁
ods,ods_gp_yfwlk_detail,ds_gpload_stg_rw,INSERT,,甯歌鐗╂枡鏁版嵁
ods,ods_gp_yfwlk_detail,ds_gpload_stg_rw,ALTER,,甯歌鐗╂枡鏁版嵁
ods,ods_gp_yfwlk_detail,ds_gpload_stg_rw,CREATE,,甯歌鐗╂枡鏁版嵁
ods,ods_gp_yfwlk_detail,ds_gpload_stg_rw,DROP,,甯歌鐗╂枡鏁版嵁
ods,odsdt_tm_ldap_user,ds_gpload_stg_rw,SELECT,,s900 getbom
ods,odsdt_tm_ldap_user,ds_gpload_stg_rw,INSERT,,s900 getbom
ods,odsdt_tm_ldap_user,ds_gpload_stg_rw,ALTER,,s900 getbom
ods,odsdt_tm_ldap_user,ds_gpload_stg_rw,CREATE,,s900 getbom
ods,odsdt_tm_ldap_user,ds_gpload_stg_rw,DROP,,s900 getbom
ods,odshdrp_hisense_change_history,ds_gpload_stg_rw,SELECT,,璁㈠崟椤圭洰鏁伴噺
ods,odshdrp_hisense_change_history,ds_gpload_stg_rw,INSERT,,璁㈠崟椤圭洰鏁伴噺
ods,odshdrp_hisense_change_history,ds_gpload_stg_rw,ALTER,,璁㈠崟椤圭洰鏁伴噺
ods,odshdrp_hisense_change_history,ds_gpload_stg_rw,CREATE,,璁㈠崟椤圭洰鏁伴噺
ods,odshdrp_hisense_change_history,ds_gpload_stg_rw,DROP,,璁㈠崟椤圭洰鏁伴噺
ods,odsjtplm_his_cbb_average_reference_model,ds_gpload_stg_rw,SELECT,,
ods,odsjtplm_his_cbb_average_reference_model,ds_gpload_stg_rw,INSERT,,
ods,odsjtplm_his_cbb_average_reference_model,ds_gpload_stg_rw,ALTER,,
ods,odsjtplm_his_cbb_average_reference_model,ds_gpload_stg_rw,CREATE,,
ods,odsjtplm_his_cbb_average_reference_model,ds_gpload_stg_rw,DROP,,
ods,odsjtplm_his_cbb_detail,ds_gpload_stg_rw,SELECT,,CBB璇︾粏淇℃伅
ods,odsjtplm_his_cbb_detail,ds_gpload_stg_rw,INSERT,,CBB璇︾粏淇℃伅
ods,odsjtplm_his_cbb_detail,ds_gpload_stg_rw,ALTER,,CBB璇︾粏淇℃伅
ods,odsjtplm_his_cbb_detail,ds_gpload_stg_rw,CREATE,,CBB璇︾粏淇℃伅
ods,odsjtplm_his_cbb_detail,ds_gpload_stg_rw,DROP,,CBB璇︾粏淇℃伅
ods,odsjtplm_his_cbb_info,ds_gpload_stg_rw,SELECT,,CBB鍩烘湰淇℃伅
ods,odsjtplm_his_cbb_info,ds_gpload_stg_rw,INSERT,,CBB鍩烘湰淇℃伅
ods,odsjtplm_his_cbb_info,ds_gpload_stg_rw,ALTER,,CBB鍩烘湰淇℃伅
ods,odsjtplm_his_cbb_info,ds_gpload_stg_rw,CREATE,,CBB鍩烘湰淇℃伅
ods,odsjtplm_his_cbb_info,ds_gpload_stg_rw,DROP,,CBB鍩烘湰淇℃伅
ods,odsjtplm_his_order_count,ds_gpload_stg_rw,SELECT,,璁㈠崟椤圭洰鏁伴噺
ods,odsjtplm_his_order_count,ds_gpload_stg_rw,INSERT,,璁㈠崟椤圭洰鏁伴噺
ods,odsjtplm_his_order_count,ds_gpload_stg_rw,ALTER,,璁㈠崟椤圭洰鏁伴噺
ods,odsjtplm_his_order_count,ds_gpload_stg_rw,CREATE,,璁㈠崟椤圭洰鏁伴噺
ods,odsjtplm_his_order_count,ds_gpload_stg_rw,DROP,,璁㈠崟椤圭洰鏁伴噺
ods,odsjtplm_his_product_localization_mapping,ds_gpload_stg_rw,SELECT,,
ods,odsjtplm_his_product_localization_mapping,ds_gpload_stg_rw,INSERT,,
ods,odsjtplm_his_product_localization_mapping,ds_gpload_stg_rw,ALTER,,
ods,odsjtplm_his_product_localization_mapping,ds_gpload_stg_rw,CREATE,,
ods,odsjtplm_his_product_localization_mapping,ds_gpload_stg_rw,DROP,,
ods,odsjtplm_his_route_info,ds_gpload_stg_rw,SELECT,,
ods,odsjtplm_his_route_info,ds_gpload_stg_rw,INSERT,,
ods,odsjtplm_his_route_info,ds_gpload_stg_rw,ALTER,,
ods,odsjtplm_his_route_info,ds_gpload_stg_rw,CREATE,,
ods,odsjtplm_his_route_info,ds_gpload_stg_rw,DROP,,
ods,odsjtplm_his_task_info,ds_gpload_stg_rw,SELECT,,
ods,odsjtplm_his_task_info,ds_gpload_stg_rw,INSERT,,
ods,odsjtplm_his_task_info,ds_gpload_stg_rw,ALTER,,
ods,odsjtplm_his_task_info,ds_gpload_stg_rw,CREATE,,
ods,odsjtplm_his_task_info,ds_gpload_stg_rw,DROP,,
ods,odsrdm_t_bug_ext,ds_gpload_stg_rw,SELECT,,
ods,odsrdm_t_bug_ext,ds_gpload_stg_rw,INSERT,,
ods,odsrdm_t_bug_ext,ds_gpload_stg_rw,ALTER,,
ods,odsrdm_t_bug_ext,ds_gpload_stg_rw,CREATE,,
ods,odsrdm_t_bug_ext,ds_gpload_stg_rw,DROP,,
ods,odsrdm_t_chg_ext,ds_gpload_stg_rw,SELECT,,
ods,odsrdm_t_chg_ext,ds_gpload_stg_rw,INSERT,,
ods,odsrdm_t_chg_ext,ds_gpload_stg_rw,ALTER,,
ods,odsrdm_t_chg_ext,ds_gpload_stg_rw,CREATE,,
ods,odsrdm_t_chg_ext,ds_gpload_stg_rw,DROP,,
ods,odsrdm_t_psm_ext,ds_gpload_stg_rw,SELECT,,
ods,odsrdm_t_psm_ext,ds_gpload_stg_rw,INSERT,,
ods,odsrdm_t_psm_ext,ds_gpload_stg_rw,ALTER,,
ods,odsrdm_t_psm_ext,ds_gpload_stg_rw,CREATE,,
ods,odsrdm_t_psm_ext,ds_gpload_stg_rw,DROP,,
ods,odsrdm_t_wf32_ext,ds_gpload_stg_rw,SELECT,,
ods,odsrdm_t_wf32_ext,ds_gpload_stg_rw,INSERT,,
ods,odsrdm_t_wf32_ext,ds_gpload_stg_rw,ALTER,,
ods,odsrdm_t_wf32_ext,ds_gpload_stg_rw,CREATE,,
ods,odsrdm_t_wf32_ext,ds_gpload_stg_rw,DROP,,
ods,odsrdm_t_wf9_ext,ds_gpload_stg_rw,SELECT,,
ods,odsrdm_t_wf9_ext,ds_gpload_stg_rw,INSERT,,
ods,odsrdm_t_wf9_ext,ds_gpload_stg_rw,ALTER,,
ods,odsrdm_t_wf9_ext,ds_gpload_stg_rw,CREATE,,
ods,odsrdm_t_wf9_ext,ds_gpload_stg_rw,DROP,,
ods,odssftp_abroad_voc,ds_gpload_stg_rw,SELECT,,
ods,odssftp_abroad_voc,ds_gpload_stg_rw,INSERT,,
ods,odssftp_abroad_voc,ds_gpload_stg_rw,ALTER,,
ods,odssftp_abroad_voc,ds_gpload_stg_rw,CREATE,,
ods,odssftp_abroad_voc,ds_gpload_stg_rw,DROP,,
ods,odssyma_formbby5ffxrfh,ds_gpload_stg_rw,SELECT,,婧愮郴缁熸棤娉ㄩ噴
ods,odssyma_formbby5ffxrfh,ds_gpload_stg_rw,INSERT,,婧愮郴缁熸棤娉ㄩ噴
ods,odssyma_formbby5ffxrfh,ds_gpload_stg_rw,ALTER,,婧愮郴缁熸棤娉ㄩ噴
ods,odssyma_formbby5ffxrfh,ds_gpload_stg_rw,CREATE,,婧愮郴缁熸棤娉ㄩ噴
ods,odssyma_formbby5ffxrfh,ds_gpload_stg_rw,DROP,,婧愮郴缁熸棤娉ㄩ噴
ods,odssyma_formxa9mtrlhri,ds_gpload_stg_rw,SELECT,,婧愮郴缁熸棤娉ㄩ噴
ods,odssyma_formxa9mtrlhri,ds_gpload_stg_rw,INSERT,,婧愮郴缁熸棤娉ㄩ噴
ods,odssyma_formxa9mtrlhri,ds_gpload_stg_rw,ALTER,,婧愮郴缁熸棤娉ㄩ噴
ods,odssyma_formxa9mtrlhri,ds_gpload_stg_rw,CREATE,,婧愮郴缁熸棤娉ㄩ噴
ods,odssyma_formxa9mtrlhri,ds_gpload_stg_rw,DROP,,婧愮郴缁熸棤娉ㄩ噴
ods,odssyma_formyzl9mftweq,ds_gpload_stg_rw,SELECT,,
ods,odssyma_formyzl9mftweq,ds_gpload_stg_rw,INSERT,,
ods,odssyma_formyzl9mftweq,ds_gpload_stg_rw,ALTER,,
ods,odssyma_formyzl9mftweq,ds_gpload_stg_rw,CREATE,,
ods,odssyma_formyzl9mftweq,ds_gpload_stg_rw,DROP,,
ods,odssyma_odssyma_formyzl9mftweq_new,ds_gpload_stg_rw,SELECT,,
ods,odssyma_odssyma_formyzl9mftweq_new,ds_gpload_stg_rw,INSERT,,
ods,odssyma_odssyma_formyzl9mftweq_new,ds_gpload_stg_rw,ALTER,,
ods,odssyma_odssyma_formyzl9mftweq_new,ds_gpload_stg_rw,CREATE,,
ods,odssyma_odssyma_formyzl9mftweq_new,ds_gpload_stg_rw,DROP,,
stg,S800_MARA,ds_gpload_stg_rw,SELECT,,
stg,S800_MARA,ds_gpload_stg_rw,INSERT,,
stg,S800_MARA,ds_gpload_stg_rw,ALTER,,
stg,S800_MARA,ds_gpload_stg_rw,CREATE,,
stg,S800_MARA,ds_gpload_stg_rw,DROP,,
stg,jtplm_his_order_count,ds_gpload_stg_rw,SELECT,,璁㈠崟椤圭洰鏁伴噺
stg,jtplm_his_order_count,ds_gpload_stg_rw,INSERT,,璁㈠崟椤圭洰鏁伴噺
stg,jtplm_his_order_count,ds_gpload_stg_rw,ALTER,,璁㈠崟椤圭洰鏁伴噺
stg,jtplm_his_order_count,ds_gpload_stg_rw,CREATE,,璁㈠崟椤圭洰鏁伴噺
stg,jtplm_his_order_count,ds_gpload_stg_rw,DROP,,璁㈠崟椤圭洰鏁伴噺
stg,rdm_t_psm_ext,ds_gpload_stg_rw,SELECT,,
stg,rdm_t_psm_ext,ds_gpload_stg_rw,INSERT,,
stg,rdm_t_psm_ext,ds_gpload_stg_rw,ALTER,,
stg,rdm_t_psm_ext,ds_gpload_stg_rw,CREATE,,
stg,rdm_t_psm_ext,ds_gpload_stg_rw,DROP,,
stg,s600_mara,ds_gpload_stg_rw,SELECT,,甯歌鐗╂枡鏁版嵁
stg,s600_mara,ds_gpload_stg_rw,INSERT,,甯歌鐗╂枡鏁版嵁
stg,s600_mara,ds_gpload_stg_rw,ALTER,,甯歌鐗╂枡鏁版嵁
stg,s600_mara,ds_gpload_stg_rw,CREATE,,甯歌鐗╂枡鏁版嵁
stg,s600_mara,ds_gpload_stg_rw,DROP,,甯歌鐗╂枡鏁版嵁
stg,s600_zexpl_bom,ds_gpload_stg_rw,SELECT,,婧愮郴缁熸棤娉ㄩ噴
stg,s600_zexpl_bom,ds_gpload_stg_rw,INSERT,,婧愮郴缁熸棤娉ㄩ噴
stg,s600_zexpl_bom,ds_gpload_stg_rw,ALTER,,婧愮郴缁熸棤娉ㄩ噴
stg,s600_zexpl_bom,ds_gpload_stg_rw,CREATE,,婧愮郴缁熸棤娉ㄩ噴
stg,s600_zexpl_bom,ds_gpload_stg_rw,DROP,,婧愮郴缁熸棤娉ㄩ噴
stg,s900_zexpl_bom,ds_gpload_stg_rw,SELECT,,婧愮郴缁熸棤娉ㄩ噴
stg,s900_zexpl_bom,ds_gpload_stg_rw,INSERT,,婧愮郴缁熸棤娉ㄩ噴
stg,s900_zexpl_bom,ds_gpload_stg_rw,ALTER,,婧愮郴缁熸棤娉ㄩ噴
stg,s900_zexpl_bom,ds_gpload_stg_rw,CREATE,,婧愮郴缁熸棤娉ㄩ噴
stg,s900_zexpl_bom,ds_gpload_stg_rw,DROP,,婧愮郴缁熸棤娉ㄩ噴
stg,sftp_abroad_voc,ds_gpload_stg_rw,SELECT,,
stg,sftp_abroad_voc,ds_gpload_stg_rw,INSERT,,
stg,sftp_abroad_voc,ds_gpload_stg_rw,ALTER,,
stg,sftp_abroad_voc,ds_gpload_stg_rw,CREATE,,
stg,sftp_abroad_voc,ds_gpload_stg_rw,DROP,,
dim,dim_mhr_mos_org_base_info_dd,ds_mbm_ro,SELECT,,缁勭粐涓绘暟鎹熀鏈俊鎭?
dim,dim_mk_shop_detail_dd,ds_mbm_ro,SELECT,,闂ㄥ簵鏄庣粏琛?
dim,dim_mk_shop_info_dd,ds_mbm_ro,SELECT,,闂ㄥ簵鍩虹淇℃伅琛?
dim,dim_ref_data_dd,ds_mbm_ro,SELECT,,鍙傝€冩暟鎹?缂栫爜缁村害琛?
dim,dim_ref_quote_code_dd,ds_mbm_ro,SELECT,,鍙傝€冩暟鎹?浠ｇ爜缁村害琛?
dw,dim_adm_china_dd,ds_mbm_ro,SELECT,,鍖哄煙-涓浗琛屾斂鍖哄垝
dw,dim_attr_value_info_dd,ds_mbm_ro,SELECT,,灞炴€у€间俊鎭淮搴﹁〃
dw,dim_customer_base_info_dd,ds_mbm_ro,SELECT,,瀹㈡埛涓绘暟鎹熀鏈俊鎭?
dw,dim_customer_trade_info_dd,ds_mbm_ro,SELECT,,瀹㈡埛璐告槗鍏崇郴淇℃伅淇℃伅
dw,dim_date_nd,ds_mbm_ro,SELECT,,鏃ユ湡缁村害涓昏〃
dw,dim_material_attr_info_dd,ds_mbm_ro,SELECT,,鐗╂枡瀵瑰簲灞炴€у強灞炴€у€间俊鎭?
dw,dim_material_base_info_dd,ds_mbm_ro,SELECT,,鐗╂枡涓绘暟鎹熀鏈俊鎭?
dw,dim_material_class_attr_mapping_dd,ds_mbm_ro,SELECT,,鐗╂枡鍒嗙被-灞炴€у叧绯绘槧灏勮〃
dw,dim_material_class_info_dd,ds_mbm_ro,SELECT,,鐗╂枡鍒嗙被淇℃伅骞抽摵灞曠ず琛?
dw,dim_material_sap_compare_dd,ds_mbm_ro,SELECT,,鐗╂枡绯荤粺缂栫爜瀵圭収
dw,dim_product_addl_info_dd,ds_mbm_ro,SELECT,,浜у搧闄勫姞淇℃伅-鐗╂枡缁勩€侀攢鍞粍缁囦俊鎭?
dw,dim_product_attr_info_dd,ds_mbm_ro,SELECT,,浜у搧瀵瑰簲灞炴€у強灞炴€у€间俊鎭?
dw,dim_product_base_info_dd,ds_mbm_ro,SELECT,,浜у搧涓绘暟鎹熀鏈俊鎭?
dw,dim_product_base_info_nd,ds_mbm_ro,SELECT,,鐭ヨ瘑搴?浜у搧灞炴€т俊鎭?
dw,dim_product_class_info_dd,ds_mbm_ro,SELECT,,浜у搧鍒嗙被缁村害琛?
dw,dim_public_reference_data_dd,ds_mbm_ro,SELECT,,婧愮郴缁熸棤娉ㄩ噴
dw,dim_supplier_base_info_dd,ds_mbm_ro,SELECT,,渚涘簲鍟嗕富鏁版嵁鍩烘湰淇℃伅
dw,dim_supplier_company_info_dd,ds_mbm_ro,SELECT,,渚涘簲鍟?鍏徃瑙嗗浘
ods,odss990_ZMDGT139,ds_mbm_ro,SELECT,,
ods,odss990_ZMDGT150,ds_mbm_ro,SELECT,,
ods,odss990_ZMDGT153,ds_mbm_ro,SELECT,,
ods,odss990_tgsb,ds_mbm_ro,SELECT,,涓氬姟鑼冨洿
ods,odss990_zmdgt134,ds_mbm_ro,SELECT,,鍔犺浇鏃堕棿
ods,odss990_zmdgt137,ds_mbm_ro,SELECT,,涓氬姟鑼冨洿鍜屽叕鍙镐唬鐮佸叧绯?
ods,odss990_zmdgt138,ds_mbm_ro,SELECT,,鍋滅敤鏍囪瘑
ods,odss990_zmdgt143,ds_mbm_ro,SELECT,,鍒╂鼎涓績涓庢垚鏈腑蹇冨叧绯昏〃
ods,odss990_zmdgt144,ds_mbm_ro,SELECT,,涓氬姟鑼冨洿涓庢垚鏈腑蹇冨叧绯昏〃
dim,dim_mhr_mos_org_base_info_dd,ds_ltc_ro,SELECT,,缁勭粐涓绘暟鎹熀鏈俊鎭?
dim,dim_mk_shop_detail_dd,ds_ltc_ro,SELECT,,闂ㄥ簵鏄庣粏琛?
dim,dim_mk_shop_info_dd,ds_ltc_ro,SELECT,,闂ㄥ簵鍩虹淇℃伅琛?
dim,dim_ref_data_dd,ds_ltc_ro,SELECT,,鍙傝€冩暟鎹?缂栫爜缁村害琛?
dim,dim_ref_quote_code_dd,ds_ltc_ro,SELECT,,鍙傝€冩暟鎹?浠ｇ爜缁村害琛?
dw,dim_adm_china_dd,ds_ltc_ro,SELECT,,鍖哄煙-涓浗琛屾斂鍖哄垝
dw,dim_attr_value_info_dd,ds_ltc_ro,SELECT,,灞炴€у€间俊鎭淮搴﹁〃
dw,dim_customer_base_info_dd,ds_ltc_ro,SELECT,,瀹㈡埛涓绘暟鎹熀鏈俊鎭?
dw,dim_customer_trade_info_dd,ds_ltc_ro,SELECT,,瀹㈡埛璐告槗鍏崇郴淇℃伅淇℃伅
dw,dim_date_nd,ds_ltc_ro,SELECT,,鏃ユ湡缁村害涓昏〃
dw,dim_material_attr_info_dd,ds_ltc_ro,SELECT,,鐗╂枡瀵瑰簲灞炴€у強灞炴€у€间俊鎭?
dw,dim_material_base_info_dd,ds_ltc_ro,SELECT,,鐗╂枡涓绘暟鎹熀鏈俊鎭?
dw,dim_material_class_attr_mapping_dd,ds_ltc_ro,SELECT,,鐗╂枡鍒嗙被-灞炴€у叧绯绘槧灏勮〃
dw,dim_material_class_info_dd,ds_ltc_ro,SELECT,,鐗╂枡鍒嗙被淇℃伅骞抽摵灞曠ず琛?
dw,dim_material_sap_compare_dd,ds_ltc_ro,SELECT,,鐗╂枡绯荤粺缂栫爜瀵圭収
dw,dim_product_addl_info_dd,ds_ltc_ro,SELECT,,浜у搧闄勫姞淇℃伅-鐗╂枡缁勩€侀攢鍞粍缁囦俊鎭?
dw,dim_product_attr_info_dd,ds_ltc_ro,SELECT,,浜у搧瀵瑰簲灞炴€у強灞炴€у€间俊鎭?
dw,dim_product_base_info_dd,ds_ltc_ro,SELECT,,浜у搧涓绘暟鎹熀鏈俊鎭?
dw,dim_product_base_info_nd,ds_ltc_ro,SELECT,,鐭ヨ瘑搴?浜у搧灞炴€т俊鎭?
dw,dim_product_class_info_dd,ds_ltc_ro,SELECT,,浜у搧鍒嗙被缁村害琛?
dw,dim_public_reference_data_dd,ds_ltc_ro,SELECT,,婧愮郴缁熸棤娉ㄩ噴
dw,dim_supplier_base_info_dd,ds_ltc_ro,SELECT,,渚涘簲鍟嗕富鏁版嵁鍩烘湰淇℃伅
dw,dim_supplier_company_info_dd,ds_ltc_ro,SELECT,,渚涘簲鍟?鍏徃瑙嗗浘
ods,odsemp_sms_hac_hise_dept,ds_ltc_ro,SELECT,,缁勭粐琛?
ods,odss990_ZMDGT139,ds_ltc_ro,SELECT,,
ods,odss990_ZMDGT150,ds_ltc_ro,SELECT,,
ods,odss990_ZMDGT153,ds_ltc_ro,SELECT,,
ods,odss990_tgsb,ds_ltc_ro,SELECT,,涓氬姟鑼冨洿
ods,odss990_zmdgt134,ds_ltc_ro,SELECT,,鍔犺浇鏃堕棿
ods,odss990_zmdgt137,ds_ltc_ro,SELECT,,涓氬姟鑼冨洿鍜屽叕鍙镐唬鐮佸叧绯?
ods,odss990_zmdgt138,ds_ltc_ro,SELECT,,鍋滅敤鏍囪瘑
ods,odss990_zmdgt143,ds_ltc_ro,SELECT,,鍒╂鼎涓績涓庢垚鏈腑蹇冨叧绯昏〃
ods,odss990_zmdgt144,ds_ltc_ro,SELECT,,涓氬姟鑼冨洿涓庢垚鏈腑蹇冨叧绯昏〃
